id_0,id_1
1,226
1,1129
1,1446
1,77974
3,13
3,66
3,74
3,103
3,323
3,359
3,368
3,542
3,712
3,735
3,763
3,799
3,2526
3,2648
3,3249
3,3536
3,7081
3,7541
3,9142
3,13385
3,74804
3,271715
3,290503
3,330512
3,1547598
3,3841221
3,4432412
3,4649104
3,4962010
3,5569543
3,15299377
3,15304117
3,50683152
5,430
5,528
5,161909
5,245438
5,259455
5,282118
5,482758
5,7988922
6,334496
6,361476
6,10816636
7,100810
9,810
9,330512
10,143
10,1935
10,4599
10,4890
10,15002
10,1224771
10,1429841
11,76
11,817
11,849
11,2888
11,3614
11,4418
11,4419
11,5414
11,7231
11,7599
11,75491
11,174087
11,188678
11,1658572
13,38
13,66
13,143
13,359
13,397
13,763
13,1309
13,1945
13,2519
13,15427
13,158706
13,246791
13,410734
13,417645
13,1272458
13,1352674
13,4567404
13,8409650
13,9093938
13,14456487
13,49818632
14,413
14,482539
14,1333264
14,1518490
14,12487862
15,408
15,13358
15,1371731
15,3468021
15,11573699
16,8638
16,6474027
16,13641829
17,78
17,776
17,2527
17,75530
17,110587
17,314870
17,1545788
17,4338602
17,4860761
17,5000503
17,5462679
17,6853403
17,7890702
17,9172904
17,14482665
21,1452
21,281509
25,3712
25,6234
25,10620
25,1188758
26,1060
27,103
27,8937
29,1527
29,1557
29,2691
29,4975
29,6815
29,7345
29,10424
30,6822
30,4052518
34,978
34,1454
35,4740968
36,232
36,398
36,1025
36,2792
36,2851
36,13896
36,382937
38,461
38,512
38,542
38,700
38,725
38,796
38,2912
38,5099
38,100675
38,310557
38,314726
38,614223
38,1676038
38,3933641
38,4462268
38,5286414
38,6557769
39,215
39,1295
44,174351
44,91212482
45,112
45,542
45,776
45,2382
45,3873
45,7613
45,56125
45,310557
45,320004
45,367387
45,1424602
45,1429841
45,4937383
45,8058039
45,10583405
45,11289472
47,493
47,1520407
47,5595093
48,49
48,1798
48,2655
48,4975
49,753
49,1075
49,1798
49,2197
49,5090
49,7983
49,13499
49,14497
49,104154
49,259729
49,281955
49,1191615
51,69820
51,72038
51,152629
51,330512
52,163
59,252535
61,1820
63,7983
63,161909
63,4907510
65,295
65,313
65,521
65,3445
65,5002
65,5102
65,8642
65,13896
65,362326
65,1562681
65,7196368
65,9551216
65,10668885
66,763
66,2513
66,2533
66,2544
66,167095
66,196045
66,320004
66,330512
66,14800995
68,7830
68,1545788
68,1562681
70,119
70,133
70,3315
70,4479
70,7343
70,12142
70,58585
70,71813
70,72660
70,81127
70,116523
70,243761
70,345055
70,460115
70,472353
70,712271
70,1273729
70,5266156
70,5357220
70,5526627
70,6962549
70,7327640
70,7688746
70,11815065
70,12944237
70,14539467
72,4485585
73,191
73,268
73,391
73,393
73,752
73,1002
73,1312
73,2513
73,2528
73,3886
73,8839
73,9183
73,9250
73,10183
73,194746
73,290503
73,372804
73,392180
73,1545788
73,4567404
73,6853403
73,15166511
74,102
74,104
74,288
74,2659
74,4512
74,173581
74,367387
74,1338623
76,135
76,1559
76,2048
76,2077
76,4917
76,4929
76,6157
76,11914
76,15827
76,130398
76,150446
76,241608
76,248033
76,262271
76,310557
76,401120
76,490454
76,1176860
76,1658572
76,4495398
78,330512
78,4400138
78,5147523
78,59691632
81,1857
81,71576
83,798
84,351
84,912
84,5866223
84,8156852
84,75567382
85,1247
85,6455
85,275668
88,512
88,542
88,796
88,2370
88,2656
88,6550
88,14279
88,15362
88,73396
88,98239
88,116337
88,125372
88,156229
88,183674
88,282118
88,288252
88,383528
88,482758
88,1166311
88,1220981
88,1353625
88,2281211
88,4103977
88,4606399
88,4649104
88,4759264
88,4860761
88,5203250
88,5821103
88,6557769
88,8706544
88,9759672
88,9958178
88,10668885
88,11559031
88,61061602
88,73101792
89,17000
89,534771
89,5010303
91,542
91,4390053
92,1309
92,310557
92,4485585
92,4841158
93,510086
99,359
99,3109
99,5250480
102,268
102,323
102,465
102,724
102,776
102,2619
102,3813
102,75053
102,125372
102,164002
102,165930
102,304545
102,353076
102,810507
102,1590752
102,3542201
102,3561671
102,3933641
102,4308309
102,4979472
102,5259966
102,5398364
102,5942214
102,7004075
102,7371096
102,7890702
102,9551216
102,10961718
102,14482665
103,145
103,240
103,408
103,1147
103,1309
103,1935
103,6165
103,12178
103,12436
103,210977
103,288092
103,525046
103,1371731
103,1518490
103,4341930
103,4495513
103,6068162
103,7627172
103,9236850
103,11289472
104,724
104,776
104,2382
104,10620
104,12178
104,134163
104,196045
104,262271
104,504125
104,1271439
104,1384338
104,3972081
104,4432412
104,4492087
105,262
105,294
105,393
105,5843
105,13124
105,330512
105,827425
105,2144511
106,149790
106,169361
107,198
107,728
107,1760
107,5657
107,4592596
108,5164
110,1454125
110,2281211
110,3265001
110,5203250
111,4106
112,745
112,776
112,1222
112,1445
112,3839
112,7775
112,8793
112,15898
112,281011
112,1424602
112,1545788
112,4038501
112,10583405
112,12346612
112,68358002
116,546
116,794
116,3170
116,2252591
116,4043368
116,4698748
116,4937383
116,13299379
119,418
119,822
119,1009
119,1536
119,4145
119,5164
119,6421
119,8937
119,12436
119,13953
119,14630
119,15617
119,15794
119,146645
119,181878
119,197711
119,214810
119,243201
119,343290
119,482539
119,648668
119,1035806
119,1058631
119,1619572
119,4404406
119,4680004
119,4860761
119,5220843
119,5284515
119,7890062
119,8506054
119,12033224
119,12096672
119,52876842
120,536
121,110592
124,90516
128,2792
128,12039
128,280640
128,337770
133,239
133,434
133,4523
133,9662
133,100810
133,146100
133,472353
133,1406580
133,4103977
133,4104899
133,4428155
133,132712992
135,3170
138,185
138,11837
140,4352
140,4615
140,534771
140,6049784
143,262271
143,283018
144,2571
145,160
145,290
145,521
145,595
145,760
145,1309
145,8794
145,12436
145,75491
145,2281211
145,4338602
147,434
147,3712
147,4352
147,6234
147,10620
147,146100
147,404049
147,1176860
147,1188758
147,11070000
152,368
152,2059
152,2395
152,2605
152,5648
152,146100
152,173581
152,431328
153,14894
154,1581
154,96491
154,283018
154,1188758
156,1581
156,96491
156,368033
157,212
157,2318
157,3847
157,56125
157,145376
157,150446
157,152629
157,188932
157,245432
157,378392
157,1321900
157,4782876
157,5595093
157,10052642
160,4479
160,4962
160,7343
160,9219
160,380955
160,712271
160,1020109
160,1424602
160,4338602
160,4390053
160,4688569
160,4937383
160,5297021
160,7961888
160,11289472
160,11559031
160,12487862
160,13916083
160,58568762
160,68358002
163,405
163,617
163,849
163,2947
163,3614
165,2551
165,7065
165,315929
166,270
166,413
166,626
166,2851
166,3138
166,4699
166,5252
166,13896
166,144474
166,5018839
169,209
170,1454
170,1935
170,3201
170,5657
170,13896
173,3445
174,523
174,1866
174,2059
174,2831
174,11837
174,1000956
174,1534419
174,4768753
175,232
175,398
175,1025
175,1148
175,2792
175,2851
175,9916
175,13896
176,1384
177,3170
184,198
184,556
184,760
184,791
184,805
184,1075
184,1536
184,2245
184,2301
184,2466
184,3170
184,4237
184,4331
184,4726
184,4962
184,5980
184,6005
184,6690
184,7214
184,7775
184,8658
184,9183
184,16118
184,67506
184,68382
184,70070
184,76863
184,84873
184,152366
184,168632
184,198045
184,298705
184,1234785
184,1616371
184,3779331
185,732
185,2519
186,1454
186,9219
188,520
189,413
189,1309
189,293585
189,5059044
189,9549148
190,75642
190,817849
190,1533472
190,9811408
191,546
192,413
192,819
192,849
192,1159
192,1436
192,1439
192,1454
192,1467
192,1796
192,2798
192,2851
192,3084
192,3293
192,3314
192,3614
192,4191
192,4192
192,5414
192,5494
192,8569
192,9522
192,10375
192,13896
192,62359
192,64932
192,149013
198,718
198,754
198,2153
198,2307
198,4088
198,5657
198,193878
198,277491
198,310557
202,1935
203,1048
203,2395
203,5482056
203,5569543
206,12999
207,215
207,2416
207,5632
208,4613
209,1040
209,1624
209,4962
212,479
212,903
212,2245
212,9153
212,13204
212,13893
212,16891
212,100810
215,317
215,385
215,458
215,533
215,685
215,687
215,692
215,808
215,882
215,997
215,1385
215,2042
215,3307
215,3339
215,3381
215,3864
215,3875
215,8202
215,79236
216,3098
218,1046
218,3325
220,317
220,542
220,110754
220,11142002
221,313
221,805
221,1126
221,2059
221,3493
221,6005
221,9522
221,16396
221,76064
221,152366
221,1035779
226,2245
226,15500
226,77974
226,174087
227,1890
227,2191
228,1945
228,3904
228,4576
228,12999
228,294464
228,1545788
228,1546753
228,5259968
228,7627172
228,55158992
229,1622
230,298
230,393
230,564
230,1309
230,2528
230,7972
230,15427
230,103369
230,246791
230,310260
230,367387
230,1371731
230,1384338
230,4050205
230,4495513
230,5059044
230,9551192
230,9822974
230,10668131
230,14756433
230,14997345
230,55158992
232,398
232,971
232,1025
232,2077
232,2792
232,2851
232,3098
232,3543
232,4085
232,5168
232,7304
232,7613
232,8647
232,12038
232,12441
232,12727
232,12745
232,13896
232,15552
232,15588
232,110459
232,152120
232,361646
232,446167
232,1258135
232,1262819
232,10286020
238,254
238,821
238,1113
238,2056
238,2353
238,290503
238,4567404
239,313
239,744
239,1999
239,66100
239,193878
239,1545788
240,564
240,607
240,2514
240,525046
248,523
248,3169
248,5102
248,5657
249,896
252,388
252,256080
254,896
254,5078
254,13025
254,288296
254,372804
254,5116665
255,268
259,553
259,978
259,980
259,1147
259,3445
259,4699
259,13204
259,75332
262,521
262,3839
263,515697
266,298
266,2519
266,2528
266,7541
266,173581
266,6557769
267,2367
267,3069
267,4157
267,5942214
268,110703
269,799
269,2270
269,1465570
269,1562681
269,5245183
270,297
270,1760
270,485737
270,1416675
270,10318770
270,13895003
273,1932
273,2512
273,2513
273,2528
273,2605
273,3886
273,4918
273,5004
273,8839
273,10762
273,452073
276,868
276,4599
276,15002
276,169897
276,169954
281,327
281,6455
281,10620
281,515697
281,10541089
284,1935
284,6533751
287,751
287,1456
287,2791
287,337770
287,2005781
288,2533
288,5828
288,894266
288,3561671
288,3972081
288,4962010
288,5575105
288,55158992
290,479
290,483
290,542
290,612
290,15002
290,1097709
290,1166311
290,1424602
290,3968561
290,4050205
290,9549148
290,48947801
291,434
291,330512
292,439
292,9197980
292,13820325
292,14058915
294,378
294,5099
294,6829
294,11133
294,330512
295,2395
295,2527
295,12942
295,398521
295,1412045
295,4832422
297,2354
297,6326
297,5018839
297,7200950
298,330512
298,1152089
298,4400138
302,776
302,7969
302,8650
302,123685
302,185943
302,310557
302,614223
302,1424602
302,3542201
302,5536564
302,6705223
302,68358002
303,2059
303,6121
305,978
305,2425
308,2947
308,305579
308,1353625
310,11971
310,5355382
310,8909272
310,10189104
313,810
313,1406
313,1999
313,827425
313,1054948
313,1429841
313,1545788
313,5266156
315,8638
315,9219
315,15888
315,4832422
317,2042
317,2851
317,3156
317,13896
321,1581
321,96491
323,776
323,2527
323,3505
323,74309
323,1181430
323,2063721
323,5603027
323,5898689
323,5942214
323,6691915
323,7004075
323,9444014
323,15103965
330,657
330,310557
332,1709730
333,776
333,1459
333,2912
333,2144511
335,2386
339,10218968
347,2018491
358,493
358,10774
358,112259
358,5523632
359,712
359,9142
363,2416
363,2571
363,3201
363,6815
363,65759
363,66582
366,2245
368,413
368,461
368,990
368,1382
368,1439
368,1981
368,2425
368,2733
368,2851
368,4664
368,5648
368,7203
368,7871
368,8513
368,10489
368,13896
368,67506
368,74289
368,77655
368,191347
368,310557
368,563816
368,7402526
368,7890702
369,1023
369,4676
369,5741
371,15912
378,2659
381,607
381,1626113
388,389
388,751
388,762
389,5025
389,6568
389,64085
389,156726
390,3649
390,74095
390,4448630
390,7371074
391,259455
393,763
393,3504
393,103369
393,330512
393,342437
398,971
398,1025
398,2792
398,2851
398,3098
398,7304
398,13896
399,1576244
404,413
404,74804
404,510086
404,3968561
405,808
405,1125
405,1342
405,1892
405,2554
405,2705
405,2733
405,2947
405,2961
405,5734
405,7038
405,8462
405,8547
405,8955
405,16448
405,16596
405,62346
405,69521
405,71872
405,112328
405,149013
405,793825
407,757
407,9907
407,142381
408,1309
408,1446
408,2947
408,14630
408,16341
408,214810
409,74309
410,8302
410,16183
410,393920
412,997
412,3098
412,7870
412,7871
412,247379
412,12816021
413,483
413,785
413,799
413,1206
413,1439
413,1454
413,1467
413,1935
413,1945
413,2372
413,2485
413,2851
413,2961
413,3098
413,3134
413,3138
413,3293
413,3314
413,3904
413,5695
413,7228
413,12436
413,13896
413,64932
413,146645
413,190314
413,210016
413,309998
413,384236
413,398752
413,563882
413,802470
413,1362735
413,4023815
413,4680004
413,8706544
413,12096672
413,15166511
418,4649104
419,9115
419,330512
421,587
421,706
422,393596
423,1342
425,4726
428,11799
430,867
430,1554
430,2691
430,2722
430,5251
430,12745
430,247319
430,308253
430,2577241
433,259455
433,5593078
433,12530904
434,607
434,725
434,837
434,892
434,1192
434,1354
434,1846
434,1935
434,3712
434,4576
434,4599
434,6234
434,6550
434,10620
434,11914
434,12178
434,15667
434,97123
434,103103
434,142381
434,144227
434,159449
434,169361
434,169954
434,174348
434,262271
434,271922
434,283018
434,306898
434,379558
434,404049
434,407188
434,426684
434,482758
434,812093
434,961592
434,1000956
434,1020109
434,1032901
434,1188758
434,1198612
434,1202336
434,1353625
434,1365282
434,1462230
434,1465570
434,1484833
434,1645365
434,1678249
434,2699221
434,3542201
434,3968561
434,4438587
434,4445699
434,4740968
434,4782876
434,5297021
434,5306539
434,5355950
434,5565220
434,5570870
434,5683028
434,6927617
434,8425170
434,9539088
434,9851680
434,12029862
434,12948083
434,13817211
434,15299377
434,212949977
439,1033
439,6263
439,72041
439,5400149
443,457
443,1227
443,1748
443,2882
445,1935
447,17262
447,13314683
457,826
457,1557
457,6263
460,64085
460,70040
461,10762
461,11976
461,13442
461,15898
461,116337
461,183674
461,203632
461,281306
461,310264
461,1353625
461,5297021
461,8119849
465,304545
465,5603027
465,11050630
468,7307
468,73166
479,491
479,1581
479,1642
479,3469
479,5677
479,70075
479,75491
479,1429841
479,1443471
479,4023815
479,4103977
479,4492087
479,4777520
480,607
480,2648
480,6234
480,97123
480,158709
480,7841120
483,542
483,10226
483,2454271
487,556
491,711
491,2907
491,10587
491,14779
491,70075
491,71794
491,71798
491,76645
491,98371
491,126453
491,129846
491,190119
491,290619
491,1093616
491,1511979
491,1516162
491,3830821
493,760
493,2301
493,2318
493,3233
493,6005
493,7190
493,10620
493,15002
493,181041
493,283018
493,306898
493,1035779
493,1176860
493,1352674
493,5145341
495,5657
496,1902
496,2089
496,5580
496,12995
512,806
512,2395
512,5078
512,6628
512,7056
512,7061
512,7081
512,9177
512,9533
512,10762
512,17008
512,98239
512,100675
512,116337
512,156229
512,179798
512,203632
512,567229
512,5569543
517,3242
517,5235
517,62346
520,1147
520,5002
521,2059
521,3138
521,3864
523,1458
523,1760
523,2337
523,5102
523,4649104
525,9219
525,8058039
528,13014
528,259455
529,2236
529,4602
529,5179221
531,2711
533,823
533,2947
536,2219
537,4501
542,724
542,958
542,1408
542,1903
542,2046
542,2514
542,2580
542,3201
542,3469
542,6346
542,6822
542,10620
542,12243
542,13124
542,15691
542,16745
542,74398
542,126010
542,169361
542,188932
542,243009
542,249599
542,253118
542,261965
542,262271
542,271922
542,310557
542,314870
542,368033
542,372781
542,378294
542,382937
542,471208
542,614223
542,805948
542,1000956
542,1020109
542,1141019
542,1188009
542,1200692
542,1429841
542,1538640
542,1564992
542,1678249
542,2699221
542,3265001
542,3968561
542,3977201
542,4331004
542,4492087
542,4652821
542,4740968
542,4777520
542,4860761
542,4937383
542,5068032
542,5203250
542,5425093
542,5992092
542,6396188
542,6853437
542,7803478
542,8058039
542,8911470
542,10799102
542,11363014
542,12816021
542,12948083
542,15216967
542,49825112
542,59070642
542,64927672
542,73101792
542,110616822
542,153042292
542,168158797
542,330311461
544,571
545,1214
545,5210
545,5983
545,15002
546,1861
546,2367
546,6005
546,10762
553,732
553,822
553,1159
553,1761
553,1865
553,3416
553,8547
553,11980
553,16528
553,343290
553,361476
553,4526180
553,4698748
553,7201102
553,14539467
556,791
556,805
556,1148
556,1536
556,2245
556,2301
556,2466
556,2504
556,3170
556,3460
556,4331
556,4962
556,5679
556,6005
556,6690
556,8347
556,9183
556,10597
556,66582
556,67506
556,76863
556,84873
556,152366
556,168632
556,190393
556,198045
556,298705
556,384236
564,892
564,1188
564,1446
564,4990
564,5828
564,12178
564,463999
564,903536
564,4338602
564,4841158
564,4951751
564,13905711
564,15190997
566,810
566,13204
566,8114447
573,587
573,3905
573,5210
573,5806
573,6069
573,178264
573,275723
573,398769
573,4578590
580,315923
580,9549148
583,3469
583,3539
583,12003
583,152788
583,1658572
586,1545788
586,7371096
587,694
587,12039
587,14320
587,262271
587,404049
587,661247
587,789285
587,1353172
587,5095554
587,5462679
587,13700433
593,574046
593,4999707
593,6049784
593,7803478
593,7890702
595,13124
597,71576
598,6303698
599,1285
605,2816
607,837
607,2508
607,3712
607,3951
607,4352
607,6234
607,6707
607,10183
607,10620
607,12125
607,15002
607,15667
607,56125
607,95527
607,97123
607,169954
607,188933
607,263048
607,283018
607,292263
607,306898
607,358748
607,368033
607,426684
607,440111
607,461402
607,470799
607,808106
607,1009000
607,1032901
607,1188758
607,1249649
607,1671767
607,5355950
608,3469
612,1128
612,4918
612,5983
614,617
614,1134
614,1900
614,2059
614,2245
614,2337
614,3280
614,76064
614,1534419
615,805
615,1134
615,76064
616,12904
617,805
617,1001
617,1032
617,1126
617,1444
617,1467
617,1935
617,2059
617,3094
617,3493
617,4085
617,4088
617,5860
617,7306
617,13896
617,71133
617,71207
617,76064
617,361639
620,744
620,2059
620,2245
620,8569
621,2025
626,785
626,2851
626,6815
626,13896
626,144474
628,1635
628,5176
628,8473
628,1362735
629,10762
630,3187
630,554792
635,4790
636,760
636,1945
636,390001
637,776
637,10620
637,144474
640,868
640,4086
640,334496
641,2508
641,3951
641,71576
641,171883
644,1048
644,9907
644,455121
646,1935
646,4568
646,160518
646,292185
656,1017
664,867
665,6796
665,8290
665,13372
666,2139
666,3614
669,898
669,1017
669,1501
669,2664
670,1452
670,4687556
671,1560
671,1626
671,5953
677,4770475
678,2047
678,107096
685,1581
685,96491
685,1352674
685,4606399
687,2167
691,760
691,8686
698,1015202
698,1429841
698,9851680
700,75156
700,1272674
700,10583405
703,1184
705,1198612
707,903
707,4742
710,64998
710,116523
710,183821
710,298007
710,1104730
710,1481097
710,4028765
710,4606399
710,9896010
710,10189722
710,11301722
710,12029862
710,50030162
711,126453
711,405736
714,6412878
716,183674
716,383528
718,938
718,70316
719,2326
719,3757
719,7010
719,4101336
722,508566
722,4042249
723,5679
724,997
724,1846
724,2959
724,3233
724,7304
724,11914
724,15667
724,64932
724,142381
724,152789
724,196045
724,306898
724,353076
724,4104899
724,5898689
724,7988922
724,8911470
724,9710684
724,10052642
725,3839
725,15898
725,16708
725,75156
725,110587
725,176977
725,279489
725,379167
725,517429
725,614223
725,746471
725,1078812
725,1217914
725,1346855
725,1539580
725,1568566
725,4649104
725,7961888
725,8945638
725,10628057
725,11342468
725,49544582
728,805
728,17238
728,69659
728,100183
728,247319
728,12526056
731,2543
732,849
732,1113
732,2059
732,193878
732,4443465
734,75354
734,259455
734,4694728
734,10189104
735,9109
737,2533
737,2544
737,3505
741,9370
741,245438
743,4676
744,1935
744,2059
744,4032
744,54627
744,76064
744,510086
744,7988922
744,8058039
745,1113
745,9219
745,15427
745,15691
745,472353
745,5942214
750,3649
750,12003
750,12986
750,13011
750,17205
750,71106
750,89536
750,259569
750,259729
750,388973
750,404672
750,1191615
750,4429712
750,4842061
750,5593078
750,5594859
750,7637436
750,12526056
750,148696602
751,13501
751,259455
751,5438206
752,2608
752,89657
753,1075
754,7004
755,4983
755,6815
755,7775
757,868
757,2735
757,62971
757,1154879
760,791
760,805
760,868
760,903
760,1201
760,1536
760,2245
760,2301
760,2466
760,2791
760,2912
760,3170
760,3469
760,3937
760,4962
760,5679
760,5741
760,5980
760,6005
760,9183
760,9219
760,10987
760,16596
760,67835
760,69925
760,84873
760,168632
760,191266
760,198045
760,298705
762,1202456
763,796
763,2541
763,9112
763,14353
763,257128
763,4438587
763,6474027
765,661247
765,1200692
771,306898
771,310557
771,661247
771,5068032
771,5462679
776,1222
776,2792
776,3839
776,7207
776,8741
776,12803
776,13639
776,75156
776,110587
776,169361
776,176977
776,249599
776,279489
776,280294
776,280627
776,614223
776,661247
776,1201214
776,1346855
776,1511979
776,1611773
776,2829671
776,3830821
776,4860761
776,4974921
776,5297021
776,14534981
784,12039
784,134790
784,76053262
785,2851
785,13896
785,144474
791,805
791,1536
791,2245
791,2301
791,2466
791,3170
791,4331
791,4962
791,5679
791,6005
791,6690
791,9183
791,66582
791,67506
791,76863
791,84873
791,144474
791,152366
791,168632
791,183201
791,190393
791,191266
791,198045
791,298705
794,367387
795,6822
796,2353
796,2541
796,2619
796,3069
796,3802
796,4064
796,8923
796,10762
796,74309
796,100675
796,330512
796,473230
796,1590752
796,1611773
796,4452092
796,6474027
796,7260670
796,11934257
796,49825112
796,73101792
799,2382
805,1075
805,1536
805,1935
805,2191
805,2245
805,2301
805,2466
805,2588
805,2682
805,3170
805,3241
805,3458
805,4331
805,4962
805,4976
805,5679
805,5854
805,6005
805,6690
805,6859
805,7128
805,8347
805,9183
805,10523
805,58960
805,66582
805,67506
805,68382
805,70070
805,76863
805,84873
805,94226
805,152366
805,168632
805,190393
805,191266
805,198045
805,298705
806,2327
806,2722
806,5078
806,5353
806,7061
806,7081
806,9177
806,9533
806,10370
806,10762
806,13379
806,14279
806,15075
806,71712
806,100675
806,127029
806,182975
806,278418
806,565873
808,1785
808,1892
808,3509
808,7038
808,13204
808,5283366
810,1342
810,1406
810,1515
810,2947
810,5090
810,8923
810,10489
810,887535
810,1008822
810,1518322
810,4495398
810,7420680
810,12369444
815,247319
817,1622
817,2334
819,849
819,1159
819,4191
819,4192
819,5414
819,9522
819,10375
819,62359
819,94620
821,7231
821,9916
822,931
822,1857
822,246423
823,2996
823,3084
823,246423
823,246896
823,7543848
828,8686
839,1538
843,1865
843,3416
843,8547
846,898
846,1038
846,1137
846,1495
846,1557
846,1782
847,6783
847,525643
849,4237
849,9761322
856,3006
867,1039
867,1127
867,1501
867,1606
867,2048
867,2945
867,6263
867,74397
867,281509
867,6551913
868,1538
868,1610
868,2733
868,10336
868,1619572
868,13612387
887,4726
887,6690
887,67506
887,76863
887,191347
892,1039
892,9183
892,292185
892,310260
892,407188
892,1576244
892,2005781
892,2252591
892,4104927
892,4338602
892,4578590
892,6982223
896,2947
896,3757
896,4418
896,5995
896,8026
896,10438
896,17030
896,393920
896,4512147
897,1000956
898,1311
898,1495
898,1554
898,1773
898,6739
898,160518
898,406623
900,2059
900,193878
903,1851
903,2947
903,215668
903,985109
912,1343
912,12022
917,1495
917,6263
917,7307
919,1007
919,1098
919,1446
919,5210
919,193878
919,315923
919,406857
926,2318
935,7988922
938,1454
938,2296
938,2789
938,3313
938,4479
938,176977
938,439641
938,14539467
941,258786
958,162013
959,9219
961,10620
961,1446147
966,6690
966,74398
966,193878
966,292185
966,12133088
971,1025
971,2792
971,2851
971,5695
971,7228
971,13896
974,6568
974,14497
978,1293
978,1910
978,2393
978,3458
978,5123
978,13204
978,15679
980,2947
980,75332
983,2059
983,2451
986,1668
986,1446147
988,199130
990,1382
990,2851
990,7871
990,8513
990,13896
990,152366
995,75354
995,92773
995,92782
995,101645
995,10189104
997,1009
997,1305
997,1454
997,2042
997,5114
997,7231
997,12297
997,12358
1000,5953
1001,1062
1001,1126
1001,1765
1001,2153
1001,2691
1001,2908
1001,7140
1001,7285
1001,8347
1001,11971
1001,13011
1001,91948
1001,4494623
1002,2605
1002,7541
1004,2353
1004,12316
1005,2947
1005,78998
1005,79236
1005,12133088
1007,1529
1007,6196
1009,1048
1009,1559
1009,13896
1012,1935
1012,4989
1012,75354
1017,5080
1018,1495
1018,2235
1018,5835993
1023,1581
1023,96491
1024,1679838
1025,2792
1025,2851
1025,3098
1025,7304
1025,13896
1032,4419
1033,1529
1033,1557
1033,1773
1033,3198
1033,6263
1036,2059
1036,2337
1036,3280
1036,6005
1036,6009
1036,7306
1036,9123
1036,9522
1036,9524
1036,54627
1036,54983
1036,76064
1036,151999
1038,1495
1038,6815
1039,17030
1039,17202
1040,5102
1046,68382
1048,1201
1048,1568
1048,2042
1048,5113
1048,5679
1048,78668
1049,9183
1049,283018
1050,2318
1054,6819
1054,17026
1060,1120
1060,1477
1060,2851
1060,3198
1060,4215
1060,4509
1060,6815
1060,7308
1060,11440
1060,14261
1060,68382
1062,1560
1062,1782
1062,2059
1062,8661
1062,15827
1062,80838
1062,5330515
1062,13314683
1063,1501
1063,3315
1063,6185
1063,6815
1063,156724
1063,174351
1063,7217724
1073,2541
1073,110592
1073,288567
1075,2197
1075,2245
1075,5090
1075,9183
1075,10817
1075,7699874
1079,2388
1079,2557
1079,3712
1079,4599
1079,11799
1079,150446
1079,152629
1079,305579
1079,310557
1079,436233
1083,16317
1083,16446
1083,80647
1083,5078058
1083,8123403
1083,11142002
1084,361660
1089,6550
1098,332318
1098,1635715
1113,2059
1113,5047
1113,14984
1113,243201
1113,1545788
1117,1545788
1118,4123
1120,2560961
1121,193878
1125,1935
1125,2059
1125,2110
1125,2416
1125,2705
1125,3242
1125,7038
1125,8987
1125,71133
1125,827425
1126,1134
1126,1449
1126,2059
1126,2504
1126,3242
1126,5648
1126,7038
1126,152366
1127,1387
1127,2848
1127,3251
1127,281509
1127,1412564
1128,2245
1134,2059
1134,3239
1134,3280
1134,76064
1134,151999
1137,1557
1137,264933
1137,1005185
1137,2607221
1137,5837720
1144,4191
1147,9662
1147,12178
1147,4017020
1147,5531258
1147,6474027
1147,9236850
1148,2425
1154,4699
1154,9522
1154,10808
1154,110513
1154,510086
1154,4768753
1156,5118
1157,4185
1159,1910
1159,2105
1159,2798
1159,4418
1159,8569
1159,9522
1159,9524
1159,54983
1159,5283366
1168,10620
1169,298968
1179,132264
1179,183201
1184,310557
1185,2245
1186,8680
1186,15888
1188,152629
1188,249599
1188,377827
1188,1188009
1188,4404332
1188,145068682
1192,74398
1192,292185
1192,4488458
1192,4688569
1192,12133088
1192,12637039
1192,45663272
1193,446167
1194,193878
1202,1945
1206,2245
1207,1509
1214,2353
1214,3937
1214,16952
1214,5131091
1214,5312529
1222,3469
1222,68382
1222,305582
1222,415645
1222,1333264
1222,4951751
1225,1581
1225,96491
1234,1519
1239,1642
1247,12178
1249,2016
1278,71576
1285,12882
1285,1209354
1285,1948791
1290,66730
1293,3281
1293,3458
1293,4085
1293,5168
1293,9123
1293,9242
1293,15827
1293,75104
1293,80624
1295,1729
1295,3339
1295,6120
1295,71398
1295,79236
1306,5283366
1308,1554
1308,1773
1308,6263
1308,7345
1309,2527
1311,55209
1311,281496
1312,8923
1319,3416
1319,3904
1319,17030
1320,1581
1320,96491
1328,2127
1340,8387
1342,1456
1342,2059
1342,2245
1342,2947
1342,4088
1342,8347
1342,8510
1342,62346
1343,428405
1344,2025
1344,9219
1354,3170
1354,3187
1354,142381
1354,258846
1354,1518490
1363,2508
1379,5367
1379,6205
1382,2851
1382,4664
1382,7871
1382,8513
1382,13896
1384,3545
1384,3614
1387,1005185
1388,162248
1398,9522
1404,152964
1406,1910
1406,3283
1406,5116
1406,5118
1406,5142
1406,6819
1406,8568
1406,69925
1408,1627
1408,3187
1408,3771
1408,8937
1408,12003
1408,5848618
1410,6735039
1412,3536
1412,4029
1412,14671
1417,67835
1422,2974
1423,8347
1424,1557
1426,1554
1426,567442
1434,4479
1434,64661
1437,9522
1437,71133
1437,71207
1437,94226
1437,1035779
1439,1467
1439,2851
1439,2947
1439,3293
1439,3314
1439,13896
1439,64932
1439,243284
1440,1454
1440,8741
1444,72369
1445,2707
1445,2947
1446,2709
1446,15500
1446,77974
1446,1518322
1446,13864157
1449,2059
1449,76064
1449,1035779
1450,5657
1450,15500
1452,4203
1452,84979
1453,3550
1453,288252
1453,668826
1454,7599
1454,9522
1454,4768753
1456,1478
1456,2697
1456,5648
1456,6707
1456,7004
1456,7304
1456,8855
1456,71813
1456,712271
1456,1288678
1458,2912
1458,8675
1458,9219
1458,65759
1458,6557769
1459,1935
1461,8844
1464,5357220
1464,7327640
1465,6703
1465,7218
1465,77770
1465,5179221
1467,5002
1467,9219
1467,13896
1469,64661
1477,1801
1477,2076
1477,4509
1477,6802
1477,318673
1478,11963
1478,13893
1478,249599
1478,4606399
1495,3198
1495,4215
1495,5976
1495,6263
1495,6309
1495,247319
1497,167362
1501,1608
1501,11440
1501,174351
1509,1515
1509,2947
1509,3545
1509,4347
1509,7214
1509,74311
1509,265084
1509,4495398
1515,8347
1515,190393
1515,1002521
1516,1536
1516,12125
1519,265084
1519,415645
1525,5838
1525,7974
1525,11980
1525,242817
1525,1402487
1529,3251
1529,160518
1529,13314683
1536,1900
1536,2245
1536,2301
1536,2504
1536,3170
1536,4976
1536,5180
1536,5741
1536,6005
1536,6144
1536,7128
1536,9183
1536,10523
1536,10597
1536,56797
1536,58960
1536,58962
1536,69542
1536,69886
1536,70019
1536,84873
1536,152366
1536,439641
1538,7402526
1554,6263
1554,281509
1554,5623138
1557,1819
1557,17224
1557,14916267
1559,1855
1559,193878
1560,1626
1564,7621
1568,1545788
1578,67835
1581,1706
1581,1950
1581,2851
1581,3438
1581,5113
1581,5679
1581,10817
1581,96491
1581,166763
1596,1653
1606,4334
1606,5953
1606,7144
1606,12038
1606,13523
1606,64998
1606,124423
1606,188053
1606,423066
1606,461124
1606,1232997
1606,1233002
1606,1429841
1606,4488516
1606,4688569
1606,4855945
1606,7988922
1606,11581389
1608,77865
1609,5857
1609,54803
1613,5180
1613,6690
1613,65637
1613,67456
1613,67506
1613,76863
1613,94226
1622,7461
1622,167918
1624,10183
1626,5623138
1627,3251
1627,9183
1627,281496
1635,2504
1635,2681
1635,4081
1635,4331
1635,6005
1635,6144
1635,6690
1635,7128
1635,7228
1635,8347
1635,8473
1635,8658
1635,56797
1635,58960
1635,58962
1635,64645
1635,65637
1635,65655
1635,65759
1635,67456
1635,69542
1635,70019
1635,70067
1635,70070
1635,70237
1635,70476
1635,70643
1635,71207
1635,71312
1635,72019
1635,76863
1635,77160
1635,77655
1635,77865
1635,94226
1635,101181
1635,152366
1635,153702
1635,190393
1635,277491
1635,298705
1635,391474
1635,406144
1639,2245
1639,2337
1639,4080
1639,4088
1639,54627
1650,120313
1650,8354140
1652,1626113
1654,1035779
1657,4511
1706,96491
1719,74398
1719,292185
1719,12133088
1743,9183
1744,6281
1744,258846
1744,311820
1744,525643
1744,808980
1744,76053262
1755,3265001
1757,2354
1757,11837
1761,2133
1761,4526180
1765,5007
1765,11971
1765,259455
1765,281509
1765,352336
1765,7459268
1765,12422192
1765,49569672
1773,2848
1773,6263
1773,6266
1773,7345
1782,2902
1782,4473
1782,5196
1782,6263
1782,80838
1782,247319
1782,1204125
1796,149013
1798,1191615
1801,2425
1801,308304
1801,389948
1802,4983
1802,55755
1802,100183
1802,243985
1803,6032634
1825,7204
1831,151999
1846,2598
1846,3539
1846,7743
1846,12294
1846,13760
1846,15888
1846,100810
1846,103369
1846,133863
1846,150446
1846,167918
1846,168311
1846,262271
1846,282118
1846,311820
1846,365664
1846,367387
1846,393541
1846,469671
1846,490454
1846,525643
1846,666244
1846,788504
1846,1462230
1846,1611773
1846,1658572
1846,2110321
1846,4333887
1846,4459894
1846,4794264
1846,5078097
1846,6699381
1846,7188840
1846,7260670
1846,7627172
1846,7803478
1846,10668131
1846,10799102
1846,11136812
1846,11167720
1846,11934257
1846,13425147
1846,15166511
1846,48947801
1846,49818632
1846,51720482
1846,121545492
1846,123053672
1855,2042
1857,9183
1857,174087
1857,4649104
1861,1465570
1865,3416
1865,8547
1865,10336
1866,3445
1866,5002
1866,8642
1866,13896
1883,2059
1890,2059
1890,7858
1890,10808
1892,2705
1892,7038
1893,2077
1893,4485
1893,4720
1893,4782876
1893,10052642
1900,2033
1900,2681
1900,2908
1900,3201
1900,4081
1900,4331
1900,4726
1900,5854
1900,6005
1900,6144
1900,6250
1900,6690
1900,7128
1900,7228
1900,8347
1900,8658
1900,9183
1900,10606
1900,10611
1900,12237
1900,13896
1900,54996
1900,56797
1900,58676
1900,58912
1900,58960
1900,58962
1900,64645
1900,65366
1900,65637
1900,65655
1900,65759
1900,66155
1900,66199
1900,67456
1900,67506
1900,68069
1900,68382
1900,69542
1900,70019
1900,70070
1900,70237
1900,70476
1900,70643
1900,71207
1900,71312
1900,71838
1900,72019
1900,76863
1900,77160
1900,77655
1900,77865
1900,78118
1900,94226
1900,96756
1900,98748
1900,101181
1900,152366
1900,153702
1900,168632
1900,190362
1900,190393
1900,191266
1900,198045
1900,277491
1900,298705
1900,378313
1900,405871
1900,406144
1900,4942311
1902,2089
1902,9053
1902,12995
1902,246423
1910,2060
1910,2449
1910,2569
1910,2692
1910,3458
1910,4029
1910,5118
1910,5142
1910,5622
1910,5853
1910,8347
1910,9242
1910,57504
1910,58960
1935,2301
1935,2791
1935,2816
1935,3170
1935,3201
1935,3239
1935,3855
1935,3904
1935,5657
1935,6005
1935,9183
1935,9219
1935,13639
1935,74398
1935,75491
1935,76118
1935,76863
1935,84873
1935,96756
1935,152366
1935,343290
1935,384236
1935,805948
1935,1234785
1935,1352097
1935,1511979
1935,1545788
1935,1616371
1935,3779331
1935,3830821
1935,4338602
1935,4674484
1935,4999707
1935,5130634
1935,5171069
1935,5265504
1935,9549148
1935,9635624
1935,12029862
1935,13594287
1935,13631667
1935,13817211
1935,126335112
1950,96491
1951,2353
1951,3807
1951,10620
1956,97123
1956,461402
1956,3618691
1956,5355950
1968,3458
1968,4085
1968,80624
2003,4544
2003,10817
2016,74398
2016,77160
2016,292185
2016,12133088
2021,63750
2025,2047
2025,4088
2025,8741
2025,10041
2031,6069
2033,4726
2033,5176
2033,5695
2033,6144
2033,68382
2033,126453
2033,1516162
2039,371339
2042,2047
2042,2851
2042,3315
2042,3345
2042,4032
2042,13896
2042,258846
2042,76053262
2046,13371
2046,167918
2046,209267
2046,306898
2046,1054948
2046,3972081
2046,5306539
2046,5462679
2046,56094992
2047,3780
2047,10620
2047,15002
2047,106574
2047,210977
2047,315923
2047,372244
2048,4185
2048,8387
2048,150446
2049,10170
2049,12003
2056,7981
2056,4073450
2056,8323782
2059,2153
2059,2191
2059,2337
2059,2393
2059,2833
2059,2947
2059,3239
2059,3280
2059,4029
2059,4192
2059,4237
2059,5377
2059,5860
2059,6009
2059,6301
2059,6859
2059,7486
2059,9999
2059,54627
2059,378313
2060,2108
2060,3458
2060,4088
2060,5136
2060,5622
2060,8347
2060,75104
2062,3187
2077,3543
2077,4720
2077,4917
2077,5168
2077,12038
2077,12449
2077,12718
2077,13523
2077,13682
2077,15588
2077,65623
2077,95506
2077,110459
2077,152120
2077,183051
2077,195222
2077,446167
2077,1385868
2077,1429841
2077,4108232
2077,4488516
2077,6705395
2077,63457202
2077,135512622
2104,156724
2105,5679
2105,12005
2105,54983
2108,11799
2108,97123
2108,107096
2108,277491
2108,372244
2108,1635715
2108,5328540
2110,5229
2111,94226
2124,9494
2124,12014
2140,2468
2153,5632
2153,9029
2153,71813
2153,71835
2162,2730
2162,2938
2162,9117
2167,77974
2167,378313
2173,2273
2179,94226
2179,310557
2191,2416
2191,2783
2197,3169
2210,4781
2211,9916
2211,241033
2216,2219
2216,6067
2216,9267
2221,10424
2226,3134
2226,563882
2236,6263
2245,2301
2245,2393
2245,2466
2245,3059
2245,3094
2245,3170
2245,3224
2245,3233
2245,3469
2245,4331
2245,4602
2245,4726
2245,4962
2245,5679
2245,6005
2245,6250
2245,6690
2245,9183
2245,57504
2245,66582
2245,67506
2245,68382
2245,76863
2245,84873
2245,98371
2245,152366
2245,168632
2245,174087
2245,190393
2245,191266
2245,198045
2245,298705
2245,4677655
2252,2693
2252,7082
2252,10698
2270,1562681
2273,4790
2273,75618
2276,75618
2279,2959
2279,3304
2279,4326
2279,4790
2296,3201
2296,5648
2296,13896
2296,390032
2296,399881
2301,2466
2301,3170
2301,4607
2301,5679
2301,6005
2301,6690
2301,9183
2301,12745
2301,15939
2301,67506
2301,76118
2301,76863
2301,84873
2301,152366
2301,168632
2301,191266
2301,193844
2301,198045
2301,298705
2301,5284515
2307,3201
2307,134163
2310,5660
2314,6717
2314,8650
2314,9676
2314,241708
2314,243761
2318,10848
2318,12003
2318,71576
2318,152629
2318,152798
2318,310557
2318,427690
2318,1224771
2318,1682197
2320,70342
2322,7058
2322,10094
2322,15362
2322,2577241
2323,4317
2323,5078
2323,8328
2323,9177
2323,10183
2323,12039
2323,15362
2323,64141
2323,119801
2323,158868
2323,180474
2323,275373
2323,280640
2323,519398
2323,1533472
2323,5242214
2323,8354140
2326,3757
2326,7010
2327,2722
2327,5353
2327,7061
2327,10762
2327,14279
2337,3105
2337,3280
2337,4080
2337,6005
2337,9123
2337,56051
2337,76064
2353,2382
2353,9139
2353,9250
2353,504125
2353,50683152
2367,2372
2370,3539
2370,8736
2370,282361
2370,1494500
2370,3972081
2370,4944278
2373,882996
2373,9916160
2382,3813
2382,9112
2382,13641829
2388,12178
2388,15617
2388,183716
2388,278529
2393,6009
2393,7306
2393,12237
2393,76064
2395,1494500
2395,9089666
2397,2640
2416,2571
2416,2783
2416,5080
2416,5632
2416,1616371
2420,193878
2420,887535
2425,3757
2425,4511
2425,5871
2425,7065
2425,16183
2446,4474
2447,7141
2447,51554562
2449,5116
2449,5136
2449,5142
2449,54803
2449,57504
2449,76064
2451,5679
2451,1424821
2452,2733
2452,3120
2452,6005
2466,2504
2466,2791
2466,3170
2466,4726
2466,4962
2466,5741
2466,5980
2466,6005
2466,9183
2466,67835
2466,76863
2485,5114
2485,7258
2504,4962
2504,4976
2504,7128
2504,8347
2504,8658
2504,9183
2504,10523
2504,84873
2504,152366
2504,168632
2504,190393
2504,198045
2504,298705
2508,97123
2508,292263
2508,1576244
2508,5992092
2512,2514
2513,7981
2513,10762
2513,1545788
2514,54619
2514,409796
2519,469671
2519,6557769
2523,9250
2526,2527
2526,2533
2526,2544
2526,3504
2526,7972
2526,9112
2526,13198
2526,103369
2526,330512
2526,395989
2526,410734
2526,1626459
2526,2263591
2527,2533
2527,2659
2527,3504
2527,330512
2527,394387
2527,1384338
2527,1590752
2527,4312845
2527,6474027
2527,8907066
2527,11279454
2527,14482665
2528,2605
2528,2857
2528,3886
2528,4918
2528,5576
2528,9052
2528,155312
2528,1635715
2533,2659
2538,2545
2541,417645
2541,4438587
2545,7081
2545,8737
2545,10762
2545,98239
2545,100675
2545,116337
2545,156229
2557,3613
2557,94226
2557,8506054
2557,73101792
2569,5118
2571,12237
2571,12246
2571,16891
2571,65759
2571,134163
2571,247379
2571,249599
2580,193878
2597,5080
2597,55048
2597,282361
2597,1465570
2600,97123
2605,3886
2605,4918
2605,5078
2605,7541
2605,13124
2619,74309
2619,262833
2619,398476
2619,563707
2619,1353625
2619,7548984
2619,11140418
2619,12549876
2619,14482665
2623,382937
2625,999832
2637,10041
2637,1410720
2637,5078058
2639,7128
2640,7207
2648,71576
2648,808980
2648,4331004
2655,5716
2659,330512
2659,469671
2659,1338623
2664,7307
2664,160518
2681,4081
2681,5176
2681,5695
2681,6144
2681,6250
2681,7128
2681,7203
2681,7228
2681,7613
2681,8347
2681,8473
2681,8658
2681,10523
2681,10880
2681,11472
2681,12237
2681,13896
2681,14981
2681,56797
2681,58960
2681,58962
2681,64645
2681,65366
2681,65637
2681,65655
2681,65759
2681,66155
2681,67506
2681,68069
2681,68382
2681,70067
2681,70070
2681,70237
2681,70476
2681,70643
2681,71133
2681,71207
2681,71312
2681,71838
2681,72019
2681,73571
2681,77655
2681,77865
2681,78118
2681,79927
2681,94226
2681,96756
2681,151999
2681,153702
2681,168632
2681,190393
2681,191266
2681,198045
2681,289768
2681,298705
2681,309998
2681,378313
2681,391474
2681,406144
2681,7735426
2682,13896
2682,398298
2691,64085
2691,162540
2691,2607221
2691,4453455
2691,7733482
2691,13268171
2691,170886747
2692,3280
2692,5123
2692,9242
2693,5871
2693,7082
2693,16183
2693,70342
2697,7343
2697,12890
2697,215272
2697,281011
2697,2855621
2705,10543
2710,3281
2710,74289
2719,3757
2722,2768
2722,5184
2722,7056
2722,7061
2722,7065
2722,7082
2722,9533
2722,10094
2722,10312
2722,10370
2722,182975
2730,5091
2730,9117
2735,8741
2735,10816
2735,242123
2762,5871
2762,9533
2762,183674
2763,58801
2768,7065
2789,4476
2789,6623
2789,7343
2789,116523
2789,144446
2789,614223
2789,1264078
2789,1539580
2789,1568566
2789,2252591
2789,5266156
2789,9763952
2789,10583405
2789,14539467
2789,15157479
2791,4962
2791,5741
2791,5980
2791,8306
2791,9183
2791,9219
2791,14044
2791,16596
2791,65759
2791,67835
2791,77160
2791,77865
2791,84873
2791,197711
2791,252475
2792,2851
2792,3098
2792,3445
2792,4479
2792,5057
2792,7304
2792,13896
2792,15691
2792,16891
2792,98243
2792,176977
2792,525457
2792,614223
2792,999832
2792,1481097
2792,1611773
2792,4122540
2792,6557769
2792,9334770
2792,14343187
2802,3944
2816,3170
2816,6005
2816,9183
2816,76118
2830,8686
2833,3351
2833,8569
2833,9522
2833,10462
2848,79501
2848,112617712
2850,2966
2851,3098
2851,3315
2851,3445
2851,4622
2851,4664
2851,5002
2851,6815
2851,7304
2851,7871
2851,8513
2851,8642
2851,9145
2851,13896
2851,96491
2851,1155242
2851,11142002
2857,3228
2857,4283
2857,1635715
2857,8323782
2900,100183
2902,5657
2902,80838
2907,10587
2907,14779
2907,70075
2907,71798
2907,76645
2907,126453
2907,405736
2907,1093616
2907,3830821
2908,3201
2908,5857
2908,6144
2912,5679
2912,7023
2912,9219
2912,12343
2912,15888
2912,510086
2912,4446887
2936,1699749
2936,2727681
2936,7371074
2936,12676237
2938,7858
2938,8513
2938,69886
2940,5091
2940,16528
2945,7856
2947,3381
2947,3545
2947,3614
2947,3876
2947,4191
2947,4700
2947,5057
2947,5235
2947,5995
2947,7038
2947,7524
2947,8510
2947,8741
2947,8750
2947,8955
2947,10817
2947,12152
2947,12904
2947,62346
2947,69521
2947,69613
2947,71872
2947,112328
2947,243606
2947,265084
2947,281865
2947,343290
2947,793825
2947,7420680
2957,58624
2957,72566
2957,74463
2957,259455
2957,292949
2957,323311
2957,455796
2957,604107
2957,1412564
2957,4510044
2957,5288900
2957,5542343
2957,5876247
2957,7365500
2957,7668530
2957,10695573
2957,11026886
2957,13790723
2957,13918545
2957,13962203
2957,15337813
2957,51968652
2957,85082932
2957,132179322
2957,184573357
2957,239541711
2957,344313291
2959,3315
2959,7979
2959,74398
2961,3330
2961,8680
2961,58960
2961,210016
2974,6005
2987,5114
2988,5983
2996,8552
2996,246896
3021,4403788
3059,8568
3059,58960
3062,3712
3062,10620
3062,12125
3062,240427
3062,1188758
3062,1406580
3062,3239781
3069,9142
3069,12000
3084,5494
3098,13896
3102,94226
3105,3138
3117,5449683
3120,8569
3120,9522
3120,9524
3120,54983
3120,69959
3120,77160
3134,3201
3134,14317
3134,6004814
3138,3543
3138,5632
3138,7858
3138,9999
3138,65759
3138,98748
3155,4790
3156,70643
3164,68382
3164,149292
3170,4173
3170,4331
3170,4962
3170,5679
3170,6005
3170,6690
3170,9183
3170,10536
3170,66582
3170,67506
3170,84873
3170,152366
3170,168632
3170,190393
3170,198045
3170,259131
3170,298705
3170,393596
3170,4238002
3183,7621
3187,6281
3187,15933
3187,277491
3194,3198
3198,4509
3198,5953
3198,6263
3198,6815
3198,7308
3198,10424
3198,74289
3201,4088
3201,4976
3201,6005
3201,6144
3201,7004
3201,9183
3201,11472
3201,13657
3201,13896
3201,65759
3201,66155
3201,71312
3201,77865
3201,152366
3201,309998
3201,311820
3201,384236
3201,1534419
3201,5947658
3201,8425170
3201,12816021
3223,380285
3227,887535
3228,4283
3233,3580
3233,100810
3241,5622
3241,7359
3242,4420
3242,8741
3249,12803
3249,69925
3249,173113
3249,6303698
3249,14539467
3251,4676
3251,72041
3251,372244
3253,3757
3253,7056
3253,7082
3253,7088
3253,10370
3253,70342
3255,534771
3255,985101
3255,52281412
3280,3458
3280,6009
3280,7306
3280,9123
3280,54627
3280,57504
3280,58312
3280,76064
3280,1035779
3281,3458
3281,4088
3281,58960
3281,74289
3283,5118
3289,4940
3289,9492
3289,10606
3293,4479
3293,7768
3293,13896
3295,58801
3303,3313
3304,8513
3311,56398
3313,6703
3313,6168800
3314,13896
3315,5648
3315,6550
3315,13896
3315,64932
3315,69659
3334,149790
3340,215091
3340,240427
3340,517429
3340,1166311
3340,3922661
3340,4860761
3340,4937383
3340,5412407
3340,6397900
3340,6705223
3340,9945206
3340,11559031
3340,13299379
3340,14534981
3340,48765861
3350,57077
3351,58312
3382,5110
3416,8547
3416,10336
3438,96491
3445,3614
3445,4699
3445,5002
3445,8642
3445,9117
3445,13896
3445,16317
3445,75332
3452,4185
3452,337770
3452,1424821
3458,3636
3458,4085
3458,4088
3458,5168
3458,5615
3458,5853
3458,8347
3458,8568
3458,9123
3458,9242
3458,12038
3458,15827
3458,54803
3458,75104
3458,80624
3467,1424265
3469,6329
3469,8741
3469,107096
3469,164704
3469,169361
3469,1353625
3469,1545788
3469,9761322
3469,14161851
3491,5024
3491,7217
3493,4081
3493,9393
3493,10880
3493,309998
3504,3817
3504,14919
3504,330512
3504,4979472
3504,12816021
3520,6263
3520,6309
3521,5657
3521,7775
3536,7023
3536,8568
3536,203706
3539,174349
3543,4085
3543,4340
3543,4720
3543,5168
3543,9727
3543,12030
3543,12038
3543,12449
3543,12459
3543,13682
3543,14687
3543,15552
3543,15588
3543,15827
3543,15846
3543,15851
3543,15853
3543,72034
3543,74245
3543,75087
3543,80624
3543,95771
3543,152120
3543,241608
3543,526197
3545,7214
3545,8741
3545,69521
3554,10891
3554,15772
3557,13314683
3566,515697
3590,6266
3595,5101
3603,1562638
3613,12014
3613,108493
3613,370519
3614,5002
3614,8569
3614,8642
3614,9522
3614,9524
3614,13896
3614,54983
3636,5118
3636,5136
3636,9242
3636,10611
3636,54803
3636,75104
3649,5144502
3649,5771489
3705,10516
3705,15978
3705,5018839
3705,8114447
3712,4352
3712,4485
3712,4599
3712,5843
3712,6234
3712,6822
3712,10620
3712,15002
3712,97123
3712,142381
3712,145376
3712,169897
3712,188933
3712,263048
3712,283018
3712,306898
3712,358748
3712,368033
3712,369056
3712,404049
3712,440111
3712,470799
3712,882996
3712,1188758
3712,1484833
3712,1576244
3712,3859631
3712,4420429
3712,4886703
3712,5008711
3712,5355950
3712,6807853
3712,8911470
3757,5184
3757,7065
3757,10698
3757,16183
3757,70342
3771,54619
3771,310557
3771,455121
3771,7961408
3802,1152089
3802,1545788
3813,5828
3813,9112
3813,15427
3813,155312
3813,367387
3813,4390053
3813,6998083
3813,7961888
3813,9064930
3817,330512
3831,4032
3831,4064
3839,6707
3839,15691
3839,65838
3839,75355
3839,185943
3839,262271
3839,310557
3839,517429
3839,1020109
3839,1020198
3839,1272674
3839,1568566
3839,1626147
3839,1676038
3839,2047451
3839,2829671
3839,4056850
3839,4649104
3839,4937383
3839,5266156
3839,5412407
3839,5536564
3839,5849210
3839,7029627
3839,7511588
3839,7961888
3839,8613614
3839,9236850
3839,10583405
3839,10668885
3839,11289472
3839,12029862
3839,14534981
3839,105047672
3847,5679
3847,6822
3847,145376
3847,152629
3847,175997
3847,407188
3847,2075241
3847,5292512
3847,7099473
3855,74398
3855,75491
3873,71813
3873,349907
3873,361639
3886,10762
3886,69820
3892,13372
3892,179975
3892,1576244
3892,76053262
3904,8741
3904,69521
3904,258846
3937,5210
3937,162013
3951,4485
3951,4599
3951,5843
3951,7207
3951,134336
3951,150446
3951,188932
3951,262460
3964,12358
3989,1150409
3989,5880172
4000,4002
4002,7141
4011,14894
4011,16797
4028,8026
4029,14984
4032,158709
4032,332318
4032,356529
4032,666244
4056,8030
4080,4088
4080,5135
4080,9123
4080,54627
4080,58960
4081,5176
4081,5695
4081,5854
4081,6005
4081,6144
4081,6250
4081,7128
4081,7228
4081,8347
4081,8473
4081,10523
4081,10880
4081,11472
4081,12237
4081,13896
4081,56797
4081,58960
4081,58962
4081,64645
4081,65366
4081,65637
4081,65655
4081,65759
4081,67456
4081,67506
4081,68069
4081,69542
4081,70019
4081,70067
4081,70070
4081,70237
4081,70476
4081,70643
4081,71133
4081,71207
4081,71312
4081,71838
4081,72019
4081,73571
4081,76863
4081,77655
4081,77865
4081,78118
4081,96756
4081,152366
4081,153702
4081,168632
4081,190393
4081,198045
4081,298705
4081,309998
4081,391474
4081,405871
4081,406144
4085,5168
4085,12038
4085,12358
4085,15827
4085,80624
4086,70316
4086,149292
4088,7038
4088,7306
4088,9052
4088,65759
4088,75491
4088,76064
4088,98748
4096,4996
4096,6815
4096,7343
4096,8647
4096,10788
4096,243761
4098,80772
4098,194042
4098,242926
4098,4414006
4098,7327640
4106,4902904
4115,8794
4115,9032
4115,133049
4115,380955
4115,4414006
4115,5266156
4115,9763952
4115,14539467
4145,131886
4157,2068091
4173,16644
4191,5414
4191,6471
4191,8569
4191,184546
4192,8569
4192,9522
4192,66465
4201,146100
4201,275927
4208,4599
4208,162013
4208,181167
4237,17238
4237,193878
4283,5090
4283,16928
4283,392180
4300,10606
4300,16149
4300,75041
4317,6806885
4317,6995669
4317,13287593
4317,13470123
4317,61986342
4324,7258
4324,58960
4326,8513
4326,64932
4331,5176
4331,6005
4331,6144
4331,8473
4331,9183
4331,10880
4331,67506
4331,191347
4333,7613
4333,469715
4333,5175588
4334,80624
4334,469683
4334,1258135
4334,1644275
4334,5385790
4340,75087
4347,12038
4347,13523
4347,15779
4347,5620251
4347,7765128
4347,13529333
4352,6234
4352,10620
4352,15002
4352,97123
4352,169897
4352,169954
4352,282918
4352,283018
4352,358748
4352,404049
4352,1188758
4388,4990
4388,7830
4388,883421
4388,1097709
4388,5112746
4388,5531258
4399,5838
4400,5205
4400,7343
4400,359917
4400,472353
4418,4419
4418,12005
4418,66465
4418,69959
4418,115814
4418,152964
4473,8855
4473,325523
4473,361660
4474,4479
4474,4992
4474,7974
4475,291843
4475,350951
4475,543155
4475,1568566
4475,3695081
4475,4649104
4476,8548
4476,15898
4476,75156
4476,183821
4476,614223
4476,788737
4476,1059594
4476,1353625
4476,1424602
4476,1481097
4476,2855621
4476,4816405
4476,4860761
4476,5266156
4476,5331963
4476,5412407
4476,5526627
4476,5531419
4476,7327640
4476,7583722
4476,9763952
4476,9896010
4476,10189722
4476,11289472
4476,11928391
4476,12588946
4476,13025953
4476,14343187
4476,14876665
4476,58568762
4476,153152092
4477,269769
4477,4649104
4477,9095678
4479,4990
4479,5677
4479,5678
4479,5838
4479,6329
4479,7218
4479,7343
4479,8548
4479,8855
4479,10788
4479,13611
4479,15691
4479,183852
4479,712271
4479,2252591
4479,4860761
4479,7201102
4479,9236850
4479,10580067
4479,11443084
4479,11559031
4479,11928391
4479,12944237
4479,14539467
4479,58568762
4479,61094422
4485,15417
4485,15667
4485,1429841
4485,6927617
4509,11440
4509,100183
4512,367387
4512,9334770
4523,6533751
4544,15419
4544,54619
4568,89192
4568,5068032
4568,8650570
4568,9386320
4576,6822
4576,11914
4576,15667
4576,142381
4576,152789
4576,175997
4576,263048
4576,292263
4576,345052
4576,416239
4576,525643
4576,1052497
4576,1181430
4576,1352674
4576,1631262
4576,4747778
4576,7295534
4576,7988922
4585,9219
4585,16805
4594,4675
4599,6234
4599,6455
4599,7190
4599,10620
4599,55048
4599,92853
4599,97123
4599,134336
4599,145376
4599,162013
4599,169954
4599,181167
4599,245676
4599,261965
4599,282361
4599,401120
4599,1473166
4599,1484833
4599,4777520
4600,90516
4607,72450
4615,75455
4615,75456
4615,100625
4615,143900
4615,198415
4615,288252
4615,894511
4615,1125707
4615,1155426
4664,7871
4664,8513
4664,13896
4674,6815
4674,100183
4676,7308
4676,13314683
4699,8347
4699,9117
4699,12237
4699,65759
4699,75332
4699,98748
4699,134790
4720,10606
4720,12407
4720,13731
4720,14687
4720,15355
4720,15827
4720,54185
4720,61883
4720,183051
4720,188390
4720,242661
4720,244698
4720,1294975
4720,2531001
4726,5176
4726,5695
4726,6005
4726,6144
4726,6690
4726,8473
4726,9183
4726,58960
4726,67506
4726,70019
4726,76863
4726,84873
4726,152366
4726,168632
4726,298705
4730,6234
4730,10620
4730,97123
4730,146100
4730,283018
4730,404049
4730,426684
4730,1176860
4730,1188758
4730,4740968
4762,5734
4762,6169
4770,7503
4781,10183
4781,17033
4781,69959
4781,251762
4790,8513
4885,12920
4885,69435
4885,280640
4885,409717
4885,1684527
4885,2163861
4885,4532513
4885,9602094
4903,10594
4903,10911
4903,12029
4903,12918
4903,13135
4903,16252
4917,12530
4917,15588
4917,183051
4918,16596
4938,12942
4938,16644
4940,4941
4940,75087
4940,343074
4940,1582728
4941,12502
4941,75041
4941,126980
4941,4028765
4962,5741
4962,5980
4962,6005
4962,9183
4962,9219
4962,67835
4962,84873
4976,5980
4976,6250
4976,6690
4976,8658
4976,12237
4976,13896
4976,58912
4976,65655
4976,65759
4976,66155
4976,66582
4976,68382
4976,71838
4976,77655
4976,84873
4976,94226
4976,101181
4976,168632
4976,181367
4976,190393
4976,191266
4976,198045
4976,298705
4976,378313
4976,405871
4976,4942311
4989,75354
4989,756528
4990,6707
4990,8794
4990,9032
4990,71813
4990,116523
4990,176977
4990,214906
4990,243504
4990,245277
4990,712271
4990,788737
4990,4527779
4990,5179221
4990,5266156
4990,7688746
4990,9763952
4990,11928391
4990,12944237
4990,14805647
4992,6623
4992,176977
4992,14539467
4996,80543
4996,127322
4996,176977
4996,182274
4996,320004
4996,361660
4996,391564
4996,1413553
4996,2252591
4996,13299379
4996,14343187
4996,48947801
4996,50030162
4996,54216232
4996,59480682
5000,10762
5002,5024
5002,8642
5002,8794
5002,13896
5002,77057
5002,1545788
5002,12346612
5004,5103
5007,5880
5007,9219
5007,203702
5024,5130
5024,5611
5024,8650
5024,8661
5024,8798
5024,12544
5024,55870
5024,84998
5024,85000
5024,191162
5024,487555
5025,12984
5025,12986
5025,73018
5025,256080
5025,296520
5025,54061032
5056,504125
5056,4101336
5057,7503
5057,8638
5057,343290
5057,1709730
5057,7420680
5078,5353
5078,6573
5078,6628
5078,7061
5078,7081
5078,9533
5078,10762
5078,13025
5078,13379
5078,14279
5078,15075
5078,98422
5078,100675
5078,1562638
5078,4243076
5078,4776924
5080,7307
5080,8513
5080,10041
5080,58312
5080,69886
5080,72019
5080,407884
5080,470413
5080,887541
5080,1144978
5080,4016286
5080,5283366
5091,16528
5100,7018
5101,5252
5101,17198
5101,4315158
5101,5478691
5102,8647
5113,96491
5118,15978
5130,8661
5130,15796
5130,55870
5135,9123
5136,5142
5136,5853
5136,54803
5136,75104
5142,9242
5142,54803
5168,8661
5168,15588
5168,15827
5168,55599
5176,5854
5176,6005
5176,6144
5176,6250
5176,6690
5176,7128
5176,7228
5176,8347
5176,8473
5176,8658
5176,9183
5176,12237
5176,54996
5176,56797
5176,58676
5176,58960
5176,58962
5176,64645
5176,65366
5176,65637
5176,65655
5176,65759
5176,67456
5176,67506
5176,68069
5176,68382
5176,69542
5176,70019
5176,70067
5176,70070
5176,70237
5176,70476
5176,70643
5176,71207
5176,71312
5176,71838
5176,72019
5176,76863
5176,77160
5176,77655
5176,77865
5176,78118
5176,94226
5176,96756
5176,101181
5176,152366
5176,153702
5176,168632
5176,190393
5176,191266
5176,198045
5176,277491
5176,298705
5176,391474
5176,406144
5180,16998
5180,78668
5184,7061
5184,7082
5184,10370
5184,10698
5184,70342
5184,182975
5205,6722
5205,269769
5205,448758
5205,472354
5205,614246
5205,985302
5205,1402487
5205,1456216
5205,5523221
5210,9027
5210,10817
5210,378715
5223,85533
5251,334618
5286,5084069
5308,245257
5344,278418
5353,7061
5353,9533
5353,10762
5353,14279
5367,6205
5369,12817
5369,280640
5377,78466
5390,71813
5390,71835
5414,8569
5414,8987
5414,8995
5414,9522
5414,9524
5414,10462
5414,10543
5414,54983
5426,8995
5426,9522
5426,9524
5426,10462
5426,54983
5426,66465
5451,64326
5469,6567
5469,74289
5469,1469025
5494,57077
5520,85533
5520,470413
5520,5265504
5520,8659952
5579,428405
5609,72566
5611,8661
5611,15796
5611,84998
5611,94024
5611,4204510
5632,7906
5632,8741
5632,80423
5644,252103
5644,292185
5644,469114
5645,110754
5648,8855
5648,9492
5648,13124
5648,74398
5648,145693
5648,513721
5648,1288678
5653,8548
5653,64661
5657,6005
5657,13896
5657,69521
5657,77865
5657,5062414
5677,8793
5677,9033
5677,10909
5677,12890
5677,241708
5677,269769
5677,343926
5677,519838
5677,1440807
5677,9092188
5678,242817
5679,6005
5679,9183
5679,9219
5679,12246
5679,96491
5679,343290
5679,6114406
5681,80649
5681,11665341
5695,5854
5695,6005
5695,6144
5695,6250
5695,7128
5695,7228
5695,8347
5695,8473
5695,8568
5695,8658
5695,9183
5695,12237
5695,13896
5695,54996
5695,56797
5695,58676
5695,58912
5695,58960
5695,58962
5695,64645
5695,65366
5695,65637
5695,65655
5695,65759
5695,67456
5695,67506
5695,68069
5695,68382
5695,69542
5695,70019
5695,70067
5695,70070
5695,70237
5695,70476
5695,70643
5695,71207
5695,71312
5695,71838
5695,72019
5695,76863
5695,77160
5695,77655
5695,77865
5695,78118
5695,94226
5695,96756
5695,98748
5695,152366
5695,153702
5695,168632
5695,190393
5695,198045
5695,298705
5695,391474
5695,406144
5695,4942311
5716,13011
5716,13020
5741,5980
5741,9183
5741,67835
5741,84873
5741,190393
5806,6281
5806,69689
5806,3629661
5828,9115
5828,14919
5828,64333
5828,154055
5828,156229
5828,165930
5828,246791
5828,398521
5828,4860761
5828,5412407
5828,7543848
5828,9551216
5838,8750
5838,64661
5838,71813
5838,86688
5838,242817
5838,307450
5838,1402487
5839,543155
5843,6234
5843,8923
5843,10620
5843,283018
5843,1188758
5846,103369
5846,4315158
5853,17238
5853,75104
5853,76064
5854,6144
5854,7128
5854,7203
5854,8473
5854,9123
5854,14981
5854,58676
5854,58960
5854,64645
5854,65655
5854,66155
5854,67506
5854,68069
5854,70237
5854,70476
5854,70643
5854,71133
5854,72019
5854,73571
5854,76863
5854,77655
5854,77865
5854,78118
5854,101181
5854,191266
5854,191347
5854,309998
5854,378313
5857,15846
5857,13314683
5860,7038
5880,9219
5880,169712
5880,1563439
5976,7307
5980,7128
5980,9183
5980,10523
5980,67835
5980,84873
5983,13372
5983,298968
5983,332318
5983,372244
5983,6630050
5995,13025
5995,16124
5995,4694728
5995,8791702
6005,6144
6005,6690
6005,7128
6005,7203
6005,7228
6005,8473
6005,9183
6005,10523
6005,10880
6005,11472
6005,14981
6005,66582
6005,67506
6005,70067
6005,76863
6005,84873
6005,152366
6005,168632
6005,183716
6005,190393
6005,198045
6005,289768
6005,298705
6005,309998
6005,318108
6005,1035779
6005,1424821
6005,3841221
6005,5292512
6009,6690
6009,76064
6015,13855
6050,1514182
6050,13700433
6069,16928
6089,13760
6089,398333
6089,7295534
6108,150446
6121,77057
6121,109903
6121,147170
6121,343074
6121,362764
6121,788737
6121,1264080
6121,1644275
6121,1646314
6121,4397349
6121,4456001
6121,5417614
6121,5503854
6121,6511779
6121,7810466
6121,9803116
6121,11242224
6121,54330242
6121,68337772
6121,70050122
6121,123053672
6124,71813
6124,98005
6124,176977
6124,241472
6124,343926
6124,616908
6124,824235
6124,1569916
6125,80543
6125,80772
6125,98005
6125,391993
6125,1401504
6125,7208392
6137,242817
6144,6250
6144,6690
6144,7128
6144,7203
6144,7228
6144,8347
6144,8473
6144,8658
6144,9183
6144,10523
6144,10606
6144,10611
6144,10880
6144,11472
6144,12237
6144,13896
6144,14981
6144,54996
6144,56797
6144,58676
6144,58912
6144,58960
6144,58962
6144,64645
6144,65366
6144,65637
6144,65655
6144,65759
6144,66155
6144,66199
6144,67456
6144,67506
6144,68069
6144,68382
6144,69542
6144,70019
6144,70070
6144,70237
6144,70476
6144,70643
6144,71207
6144,71312
6144,71838
6144,72019
6144,73571
6144,76863
6144,77160
6144,77865
6144,78118
6144,79927
6144,94226
6144,96756
6144,98748
6144,101181
6144,152366
6144,153702
6144,168632
6144,190362
6144,190393
6144,191266
6144,191347
6144,198045
6144,277491
6144,289768
6144,298705
6144,309998
6144,378313
6144,405871
6144,406144
6144,4942311
6157,6234
6157,134336
6157,169361
6157,169954
6157,262271
6157,306898
6157,368033
6157,464123
6157,1607214
6157,4327271
6157,4526180
6157,5203250
6157,5967050
6165,7207
6165,11907
6165,58960
6165,125372
6165,245438
6165,262833
6165,406623
6165,1670355
6165,4694728
6165,5059044
6165,5259968
6165,14779157
6165,110616822
6167,10762
6185,13372
6185,106574
6185,1520407
6185,1658572
6185,4510044
6234,10620
6234,15002
6234,15667
6234,95527
6234,97123
6234,134336
6234,142381
6234,145376
6234,169897
6234,169954
6234,181167
6234,263048
6234,283018
6234,286540
6234,358748
6234,369056
6234,382905
6234,404049
6234,426684
6234,440111
6234,464123
6234,470799
6234,882996
6234,1188758
6234,1446147
6234,4771546
6234,4886703
6234,5008711
6234,6927617
6243,5518524
6250,7128
6250,8473
6250,10523
6250,65655
6250,70476
6250,190393
6253,428405
6263,7345
6263,15582
6263,4889156
6263,13314683
6281,1747801
6283,7312776
6283,7568478
6301,8741
6301,69521
6329,6706
6329,9029
6329,116523
6329,176977
6329,271922
6329,1481097
6329,5266156
6329,15304117
6329,50030162
6329,153152092
6329,216346095
6377,171883
6377,310260
6404,72660
6404,134790
6404,1042268
6404,4452092
6405,71576
6421,254940
6428,179975
6428,314870
6441,126980
6441,447246
6441,3376761
6455,98748
6455,275668
6455,390001
6455,416021
6455,525643
6455,1353625
6455,4740968
6455,5355950
6464,65759
6542,7058
6550,10183
6550,10620
6550,58434
6550,100810
6550,262271
6550,310557
6550,368033
6550,404049
6550,661247
6550,789285
6550,1155242
6550,1188758
6550,1353625
6550,1563470
6550,2829671
6550,4104899
6550,4315395
6550,4445699
6550,5203250
6550,5355950
6550,13611425
6568,14289
6568,14497
6568,64085
6568,73018
6568,1191615
6603,513721
6603,1353625
6603,1562681
6603,1676038
6603,5835993
6623,8844
6623,13211
6623,466533
6628,7061
6628,7081
6628,9177
6628,13379
6628,98422
6628,1562638
6690,7128
6690,8473
6690,9183
6690,10523
6690,67506
6690,70067
6690,152366
6690,332318
6690,483428
6706,9033
6706,291843
6706,1259237
6706,11928391
6707,12142
6707,15691
6707,193875
6707,215668
6707,245277
6707,320004
6707,383528
6707,614223
6707,1166311
6707,1353625
6707,1429841
6707,1541592
6707,1702205
6707,2855621
6707,3972081
6707,4527779
6707,4937383
6707,5179221
6707,5266156
6707,5297021
6707,5895828
6707,6397900
6707,6551913
6707,8898108
6707,11289472
6707,11559031
6707,12029862
6707,48765861
6708,15691
6708,71813
6708,281011
6717,487555
6722,13313
6726,64661
6726,227638
6726,307450
6729,746471
6729,1078812
6729,1568566
6796,314870
6802,7004
6802,100183
6815,11907
6815,13896
6815,71106
6815,144474
6817,66100
6822,167918
6822,175997
6822,306898
6822,407188
6829,11133
6829,103369
6829,330512
6829,7004075
6916,58707
6916,252534
6916,1005185
7004,8347
7004,292949
7018,13011
7018,16733
7018,256681
7018,1191615
7018,1670355
7023,9219
7023,1562681
7038,94226
7038,215668
7056,7065
7056,7082
7056,71712
7058,70342
7058,116337
7061,7079
7061,7081
7061,9533
7061,10762
7061,13379
7061,14279
7061,15075
7061,15362
7061,116337
7061,183674
7061,278418
7061,306898
7061,5116665
7065,10312
7065,14279
7065,71712
7079,10094
7081,8737
7081,10762
7081,11134
7081,14279
7081,17008
7081,98239
7081,100675
7081,116337
7081,183674
7081,5000503
7081,5509507
7081,7814240
7082,10312
7082,10698
7082,14279
7082,70342
7090,8123403
7128,7228
7128,8473
7128,8658
7128,10523
7128,10880
7128,11472
7128,56797
7128,58676
7128,58912
7128,58960
7128,58962
7128,64645
7128,65637
7128,65655
7128,65759
7128,66155
7128,66199
7128,66582
7128,67456
7128,68069
7128,68382
7128,69542
7128,70019
7128,70067
7128,70070
7128,70237
7128,70476
7128,70643
7128,71133
7128,71207
7128,71312
7128,72019
7128,73571
7128,76863
7128,77160
7128,77655
7128,77865
7128,78118
7128,84873
7128,94226
7128,98748
7128,101181
7128,152366
7128,153702
7128,168632
7128,181367
7128,190362
7128,190393
7128,191266
7128,198045
7128,298705
7128,309998
7128,378313
7128,391474
7128,405871
7128,406144
7140,7285
7140,8347
7140,17238
7141,883421
7141,1412045
7141,4023522
7144,7613
7144,446167
7144,9848068
7190,15419
7190,168311
7203,8473
7203,8658
7203,10611
7203,54996
7203,56797
7203,58676
7203,58912
7203,58960
7203,58962
7203,64645
7203,65366
7203,65637
7203,65655
7203,65759
7203,66199
7203,67456
7203,67506
7203,68069
7203,68382
7203,69542
7203,70019
7203,70070
7203,70237
7203,70476
7203,70643
7203,71207
7203,71312
7203,72019
7203,76863
7203,77865
7203,78118
7203,79927
7203,94226
7203,96756
7203,98748
7203,101181
7203,152366
7203,153702
7203,168632
7203,190362
7203,190393
7203,191266
7203,191347
7203,198045
7203,298705
7203,378313
7203,405871
7203,406144
7207,247379
7207,254940
7207,261965
7207,310557
7207,368033
7207,563882
7207,789285
7207,1097709
7207,1709730
7207,4768753
7207,13268171
7207,13612391
7214,8741
7218,9033
7218,71813
7218,242926
7218,363051
7218,788737
7218,5266156
7218,5284515
7218,5297021
7218,9896010
7218,14343187
7218,49197782
7218,50683152
7228,8347
7228,8473
7228,8658
7228,10523
7228,10880
7228,11472
7228,12237
7228,13896
7228,54996
7228,56797
7228,58676
7228,58912
7228,58960
7228,58962
7228,64645
7228,65366
7228,65637
7228,65655
7228,65759
7228,67456
7228,67506
7228,68069
7228,68382
7228,69542
7228,70019
7228,70067
7228,70070
7228,70237
7228,70476
7228,70643
7228,71207
7228,71312
7228,71838
7228,72019
7228,73571
7228,76863
7228,77160
7228,77655
7228,77865
7228,94226
7228,96756
7228,101181
7228,152366
7228,153702
7228,168632
7228,190362
7228,190393
7228,191266
7228,198045
7228,298705
7228,309998
7228,378313
7228,406144
7231,9916
7258,94620
7285,10397
7285,100183
7304,13896
7306,7486
7306,9123
7306,9242
7306,57504
7307,171939867
7307,258938052
7307,266834372
7308,17224
7319,74309
7343,15898
7343,16107
7343,76884
7343,86688
7343,116523
7343,294464
7343,347202
7343,472353
7343,525343
7343,1020109
7343,1545788
7343,4278295
7343,4812795
7343,5266156
7343,5330516
7343,5526627
7343,10189722
7343,11559031
7343,11815065
7343,14539467
7343,58568762
7343,61094422
7345,9030084
7345,112645512
7359,94226
7461,988686
7461,1181430
7486,54627
7486,71133
7503,12904
7503,243201
7503,883421
7503,5265504
7503,6303698
7541,290503
7541,788504
7613,8647
7613,8649
7613,13839
7613,15055
7613,15355
7613,15846
7613,15851
7613,15853
7613,64998
7613,65349
7613,68257
7613,74245
7613,75284
7613,95771
7613,109903
7613,115056
7613,144068
7613,147170
7613,204899
7613,245293
7613,269973
7613,315735
7613,320206
7613,361639
7613,379495
7613,1258135
7613,1459493
7614,15362
7614,470005
7676,76064
7685,317422
7691,8691
7691,12815
7691,16230
7691,7746050
7709,17008
7796,8654
7796,12246
7796,6004814
7796,7358224
7856,9522
7870,71838
7871,8513
7871,13896
7881,11552
7881,12039
7881,12294
7881,179914
7881,1481474
7917,8513
7917,69886
7957,1353172
7969,8650
7969,65205
7969,517429
7969,614223
7970,330512
7972,9112
7972,103369
7972,262271
7972,330512
7972,382937
7972,413051
7972,429675
7972,1384338
7972,1518490
7972,1590752
7972,2934901
7972,4099751
7972,4312845
7972,4962010
7972,5059044
7972,5454798
7972,7260670
7972,15299377
7972,61799192
7974,16637
7974,116523
7974,3376761
7974,14539467
7979,54619
7979,121584
7979,145693
7979,186235
7979,1580268
7979,2216221
7979,6168800
7979,6855525
7981,15427
7981,290503
7981,330512
7981,392180
7981,402158
7981,1436569
7981,8323782
7983,158083
7983,246999
7983,292949
7983,406623
7983,898748
7983,1191615
7983,5335252
7983,10147346
7983,11721245
7983,52375982
7983,107059632
7983,115427322
8003,11088
8003,281955
8003,463999
8003,1539580
8003,1545788
8014,12745
8014,1545148
8055,15912
8055,1684527
8215,9183
8218,265914
8218,1152089
8218,1346116
8306,14779
8321,14792
8328,72038
8328,472089
8328,1689466
8328,3581341
8328,5254940
8328,10448666
8328,10877418
8347,8473
8347,8658
8347,9183
8347,10424
8347,11972
8347,14981
8347,15978
8347,17224
8347,66582
8347,83110
8347,146136
8347,281496
8347,309998
8347,455121
8347,4889156
8347,5848618
8448,169897
8462,8741
8462,62346
8472,186191
8472,326042
8472,1568566
8472,1626147
8472,4937383
8473,8658
8473,9183
8473,11472
8473,12237
8473,14981
8473,54996
8473,56797
8473,58676
8473,58912
8473,58960
8473,58962
8473,64645
8473,65366
8473,65637
8473,65655
8473,65759
8473,67456
8473,67506
8473,68069
8473,68382
8473,69542
8473,70019
8473,70067
8473,70070
8473,70237
8473,70476
8473,70643
8473,71207
8473,71838
8473,72019
8473,76863
8473,77160
8473,77655
8473,77865
8473,78118
8473,94226
8473,96756
8473,101181
8473,152366
8473,153702
8473,168632
8473,190393
8473,191266
8473,198045
8473,277491
8473,289768
8473,298705
8473,309998
8473,391474
8473,406144
8493,16448
8510,62346
8513,13896
8513,69886
8513,70292
8547,10336
8548,64661
8548,133049
8548,7327640
8548,14539467
8568,16229
8568,64645
8569,8680
8569,8989
8569,9521
8569,66465
8638,210016
8638,392220
8642,13896
8647,8649
8647,8912
8647,12530
8647,12745
8647,14531
8647,16476
8647,16993
8647,17089
8647,68030
8647,73396
8647,74478
8647,144068
8647,195222
8647,211084
8647,243988
8647,244698
8647,262833
8647,269973
8647,295770
8647,423066
8647,494525
8647,1116539
8647,1295112
8647,1644275
8647,2531001
8647,3126151
8647,4033307
8647,4390053
8647,4456001
8647,4527779
8647,4611283
8647,5266156
8647,5297266
8647,5417614
8647,5817388
8647,5918943
8647,8403196
8647,9151334
8647,9708982
8647,9848068
8647,11301722
8647,12515948
8647,57548052
8647,70050122
8647,83322832
8647,101962882
8647,135512622
8649,9220
8649,12407
8649,15736
8649,15846
8649,195222
8649,215594
8649,1454092
8649,4448284
8649,10286020
8649,11242224
8650,15898
8650,65205
8650,12944237
8654,12246
8654,12803
8654,173113
8658,10523
8658,10880
8658,11472
8658,13896
8658,17238
8658,65655
8658,65759
8658,66199
8658,68069
8658,68382
8658,70237
8658,70476
8658,71207
8658,71312
8658,71838
8658,72019
8658,73571
8658,76863
8658,77160
8658,77865
8658,78118
8658,94226
8658,101181
8658,153702
8658,168632
8658,181367
8658,190393
8658,191347
8658,208462
8658,298705
8658,309998
8658,378313
8658,405871
8661,15827
8661,84997
8661,191162
8661,255688
8675,94226
8680,9522
8680,54983
8680,73559
8680,184546
8686,254940
8686,1518322
8691,12815
8691,13544
8691,13545
8691,13576
8691,16230
8691,314726
8691,5114288
8691,7746050
8691,8222632
8728,12237
8728,65759
8728,289768
8734,102704
8736,166190
8736,4841158
8737,164002
8737,203632
8737,275373
8737,306898
8737,5116665
8737,5228133
8737,10833242
8737,12071380
8737,100314362
8741,17198
8741,69521
8741,3265001
8750,269973
8793,12141
8793,12942
8793,16644
8793,71813
8793,96684
8793,1104730
8793,4028765
8793,5230088
8793,14539467
8794,8798
8794,12890
8794,58585
8794,71813
8794,116523
8794,274393
8794,345055
8794,551524
8794,1530943
8794,1530946
8794,5266156
8794,5284515
8794,7201102
8794,9763952
8794,9896010
8794,14539467
8794,15304117
8798,10400
8798,363051
8798,14803977
8803,3581341
8803,4795960
8844,447246
8844,1611694
8844,4414006
8844,6274598
8852,15912
8855,15002
8855,788737
8856,1595755
8856,14803977
8912,4033308
8955,10817
8955,112328
8987,8995
8987,9522
8987,10462
8992,8995
8995,10462
8995,54983
8995,66465
9019,15898
9019,746471
9019,1568566
9019,8675234
9019,14343187
9029,12141
9029,15055
9029,15776
9029,16599
9029,80543
9029,187091
9029,241708
9029,245277
9029,343074
9029,431328
9029,468783
9029,788737
9029,985302
9029,14803977
9032,12141
9032,13408
9032,71813
9032,94686
9032,100731
9032,133049
9032,5297021
9033,68194
9033,326042
9112,12294
9112,75530
9112,134123
9112,196045
9112,290503
9112,367387
9112,413596
9112,525643
9112,891621
9112,1271439
9112,1701774
9112,2005121
9112,4017975
9112,4989034
9112,6853403
9112,7188840
9112,7349332
9112,7949792
9112,10816636
9112,11026886
9112,73101792
9115,282361
9115,330512
9115,9551216
9115,15103965
9117,15827
9123,9242
9123,54803
9123,57504
9123,58312
9139,14353
9145,16455
9148,307450
9153,278529
9153,2005781
9153,5462679
9153,9811408
9167,1373920
9168,80543
9168,269769
9168,324415
9177,10762
9177,164002
9177,179798
9177,278418
9183,66582
9183,67506
9183,67835
9183,68382
9183,72503
9183,76863
9183,78668
9183,84873
9183,152366
9183,168632
9183,188312
9183,191266
9183,198045
9183,298705
9183,356529
9218,71835
9218,343074
9218,349907
9219,12343
9219,12436
9219,14440
9219,15888
9219,16805
9219,193875
9219,203702
9219,280517
9219,292185
9219,294631
9219,485737
9219,614386
9219,1176900
9219,1219583
9219,1352692
9219,1385971
9219,1545788
9219,1563439
9219,1678249
9219,1682150
9219,2110321
9219,3150221
9219,4322609
9219,4459894
9219,4677655
9219,7890062
9219,8425170
9219,9598344
9219,11152580
9219,12045828
9219,13388277
9219,68248772
9220,12502
9220,64820
9242,76064
9250,14353
9289,13855
9356,65761
9356,78843
9356,272225
9370,1211085
9370,1395300
9370,4674484
9370,5542343
9370,6139768
9370,7459270
9370,9615244
9370,11888005
9370,14621667
9370,14652473
9370,127314642
9370,148380152
9440,5259966
9491,68382
9491,69886
9492,149292
9494,428405
9505,74804
9521,9522
9521,10698
9522,9524
9522,9999
9522,10462
9522,10698
9522,54983
9522,56051
9522,62359
9522,66465
9522,69959
9524,54983
9524,62359
9533,10762
9533,13379
9533,14279
9533,15075
9533,15362
9533,182975
9533,269973
9662,74398
9662,75206
9662,144227
9662,1545148
9662,5130634
9662,5398364
9662,10375188
9662,12637039
9676,1256555
9727,12815
9727,17005
9727,314726
9727,1232997
9727,9151334
9727,49135961
9743,15827
9743,15853
9743,72034
9743,446167
9743,4397349
9907,13658
9907,55048
9907,130398
9907,179975
9907,210977
9907,525643
9907,1658572
9907,5992092
9907,14117971
9963,314777
9963,377961
9963,5288900
9963,68078472
9999,10698
10041,10183
10041,12039
10041,271715
10041,310264
10094,10312
10170,283018
10183,169361
10183,310557
10183,372781
10183,1198612
10183,5866223
10183,7295534
10226,74309
10226,296841
10226,382937
10226,517429
10226,1200692
10226,1518490
10226,4688569
10226,4860761
10226,5266156
10312,10574
10312,10762
10312,13379
10312,62380
10336,193875
10368,4623881
10368,14780015
10370,70342
10375,12005
10397,470248
10400,96684
10424,160518
10523,13896
10523,56797
10523,58676
10523,58912
10523,58960
10523,58962
10523,64645
10523,65637
10523,65655
10523,65759
10523,66155
10523,66582
10523,68069
10523,68382
10523,69542
10523,70019
10523,70070
10523,70237
10523,70476
10523,70643
10523,71133
10523,71207
10523,71312
10523,71838
10523,76863
10523,77160
10523,77655
10523,77865
10523,79927
10523,84873
10523,98748
10523,101181
10523,152366
10523,168632
10523,190393
10523,191266
10523,198045
10523,208462
10523,298705
10523,378313
10523,405871
10536,12815
10536,73396
10536,195222
10536,262833
10536,315054
10536,446167
10536,1611694
10536,1644275
10536,7746050
10536,9708982
10536,10305756
10536,57548052
10543,283018
10587,14779
10587,70075
10587,71794
10587,71798
10587,76645
10587,98371
10587,126453
10587,3830821
10594,10911
10594,12029
10594,12918
10594,13135
10594,16252
10597,73571
10606,13896
10611,191347
10620,15002
10620,15746
10620,16937
10620,58434
10620,62559
10620,67835
10620,95527
10620,97123
10620,134336
10620,142381
10620,145376
10620,169897
10620,169954
10620,188933
10620,258846
10620,262271
10620,262460
10620,263048
10620,271922
10620,271938
10620,282918
10620,283018
10620,289270
10620,306898
10620,310557
10620,337770
10620,358748
10620,368033
10620,404049
10620,440111
10620,461402
10620,470799
10620,471208
10620,534771
10620,535396
10620,535490
10620,541399
10620,661247
10620,789285
10620,882996
10620,1188009
10620,1188758
10620,1249649
10620,1353625
10620,1429841
10620,1446147
10620,1465570
10620,1473166
10620,1564992
10620,1967481
10620,2137231
10620,3603231
10620,3859631
10620,3968561
10620,4445699
10620,4633500
10620,4740968
10620,4777520
10620,4782876
10620,4886703
10620,5355950
10620,5570870
10620,5866223
10620,6557769
10620,6807853
10620,7295534
10620,8911470
10620,9710684
10620,12550742
10620,60859742
10698,10961
10698,70342
10761,95238
10761,1401504
10761,1568566
10762,14279
10762,15362
10762,15373
10762,58707
10762,64329
10762,100675
10762,116337
10762,156221
10762,164002
10762,166190
10762,251866
10762,5242214
10787,242817
10788,16124
10788,294464
10788,307450
10788,614223
10788,649309
10788,1481097
10788,7688746
10817,75491
10855,3239781
10880,54996
10880,56797
10880,58960
10880,58962
10880,64645
10880,65366
10880,65637
10880,65655
10880,65759
10880,67506
10880,68069
10880,68382
10880,69542
10880,70019
10880,70070
10880,70237
10880,70476
10880,70643
10880,71207
10880,72019
10880,76863
10880,77160
10880,77865
10880,79927
10880,94226
10880,96756
10880,98748
10880,101181
10880,152366
10880,168632
10880,190362
10880,190393
10880,208462
10880,298705
10880,378313
10880,405871
10880,406144
10880,4942311
10891,15772
10909,519838
10909,554577
10909,1273729
10911,12029
10911,12918
10911,13135
10911,16252
10961,119801
11088,1396199
11088,7890702
11125,470349
11125,2487301
11132,14629
11132,330512
11132,5857184
11133,330512
11134,402158
11134,55158992
11214,12874
11214,174348
11214,496709
11214,1052497
11214,1484833
11214,5306539
11440,13314683
11467,4698748
11467,11140418
11467,14980207
11472,16229
11472,54996
11472,56797
11472,58912
11472,58960
11472,58962
11472,64645
11472,65366
11472,65655
11472,65759
11472,66199
11472,67456
11472,68069
11472,68382
11472,69542
11472,70019
11472,70067
11472,70070
11472,70237
11472,70476
11472,70643
11472,71207
11472,72019
11472,76863
11472,77160
11472,77655
11472,77865
11472,78118
11472,94226
11472,101181
11472,152366
11472,153702
11472,168632
11472,190362
11472,190393
11472,191266
11472,198045
11472,298705
11472,378313
11472,391474
11472,406144
11472,4942311
11552,438567
11552,4959736
11799,15667
11799,150446
11799,159449
11799,310557
11799,407188
11799,409796
11799,525643
11914,116337
11914,169954
11914,262271
11914,368033
11914,471208
11914,534771
11914,1429841
11914,1722651
11914,4108232
11914,4777520
11914,5525551
11914,9916160
11914,10052642
11963,123503
11971,13330
11971,15887
11971,259455
11971,259729
11971,296520
11971,352336
11971,378751
11971,1191615
11971,4429712
11971,5947658
11971,10695573
11971,49569672
11971,93298862
11972,4494623
11976,438567
11976,7444722
11980,12890
11980,75284
12003,12439
12003,66164
12003,170008
12005,66465
12029,12918
12029,13135
12029,16252
12030,1593210
12038,12459
12038,13682
12038,15552
12038,15588
12038,15851
12038,15853
12038,16476
12038,54185
12038,110459
12038,152120
12038,183051
12038,526197
12038,2531001
12038,4495398
12038,5175588
12038,5525551
12039,65236
12039,69435
12039,72038
12039,177527
12039,280640
12039,307151
12039,807606
12039,1191410
12039,1481474
12039,1514182
12039,1684527
12039,3970231
12039,9602094
12039,13930975
12039,53049432
12043,214906
12043,298007
12065,74882
12103,162065
12107,297757
12125,998013
12125,5203250
12125,6049784
12141,96684
12141,98005
12141,985302
12141,1530946
12141,7583722
12141,14004075
12141,14803977
12141,61384072
12142,12890
12142,712271
12142,4476566
12142,5266156
12142,5297021
12142,11928391
12144,67062
12144,893264
12144,4055614
12144,5114288
12152,14440
12152,66251
12168,1191615
12168,7637436
12168,7853018
12168,14103363
12168,148696602
12178,65761
12178,68334
12178,93674
12178,253118
12178,306898
12178,310557
12178,311820
12178,345052
12178,372635
12178,1097709
12178,1141019
12178,1188009
12178,1547598
12178,1590752
12178,4050205
12178,4101559
12178,4777520
12178,5292512
12178,5531258
12178,6853403
12178,8706544
12178,9262400
12178,9956746
12178,12549876
12237,13896
12237,64645
12237,65637
12237,65759
12237,67506
12237,68382
12237,70476
12237,70643
12237,71312
12237,71838
12237,76863
12237,77655
12237,77865
12237,94226
12237,98748
12237,168632
12237,181367
12237,190393
12237,298705
12237,309998
12243,280627
12243,368033
12243,7803478
12246,4740968
12246,5068032
12246,5570870
12246,9761322
12294,74804
12294,165930
12294,330512
12294,367387
12294,463999
12294,1682150
12294,2005121
12294,4308309
12294,4438587
12294,7890702
12294,345377831
12297,184546
12316,14353
12358,14671
12407,12718
12407,15853
12407,54185
12407,110746
12407,215594
12436,13204
12436,14440
12436,16805
12436,75491
12436,165930
12436,261965
12436,5462679
12436,8706544
12436,51204222
12436,51965252
12436,265272032
12439,170008
12441,12762
12441,96832
12441,144342
12441,188053
12441,242126
12441,1646314
12449,12762
12449,72034
12449,144342
12449,192616
12449,526197
12459,15552
12459,15851
12459,15853
12459,80624
12459,434727
12502,12718
12502,13682
12502,446167
12524,242185
12530,188053
12530,192742
12530,243657
12530,244698
12530,1644275
12530,1646314
12530,4545763
12530,4633500
12530,8629022
12530,45663272
12530,132937152
12539,101620
12539,117480
12539,4685792
12544,95238
12611,92754
12611,7995536
12614,12718
12614,72034
12614,188053
12614,188390
12614,1273498
12614,4719704
12614,12406950
12718,12762
12718,15588
12718,80764
12718,446167
12718,460511
12718,1232997
12718,1593210
12718,1597464
12718,4068342
12727,15552
12727,15827
12727,15851
12727,188053
12727,241608
12727,432809
12727,1294975
12745,13521
12745,14531
12745,94163
12745,152180
12745,241970
12745,244698
12745,1545148
12745,5114288
12745,8212768
12745,70050122
12762,16072
12762,17089
12762,188053
12762,195222
12762,1258135
12762,1646314
12762,8629022
12762,45663272
12778,13011
12778,13020
12778,62559
12778,65070
12778,74095
12778,74463
12778,89536
12778,89643
12778,156726
12778,158083
12778,161909
12778,162815
12778,256681
12778,323311
12778,388973
12778,455796
12778,1211085
12778,1435566
12778,1600816
12778,4961934
12778,4986771
12778,5542343
12778,5876247
12778,5877213
12778,6354270
12778,6545727
12778,7668530
12778,10695573
12778,11584555
12778,11736133
12778,11884111
12778,11933635
12778,12530904
12778,13554009
12778,13645509
12778,13682095
12778,13790723
12778,13835607
12778,14240131
12778,14447309
12778,14478663
12778,14587923
12778,14621667
12778,14713007
12778,52463032
12778,62566972
12778,79257132
12778,80268952
12778,101739872
12778,144020622
12778,145561382
12778,193500817
12778,204461457
12778,249270492
12778,274705721
12778,302248731
12803,173113
12803,242132
12803,802470
12803,97638282
12815,13544
12815,13545
12815,13576
12815,15552
12815,16230
12815,16275
12815,65623
12815,107581
12815,215594
12815,241998
12815,461124
12815,469774
12815,1232997
12815,2531001
12815,4033307
12815,5055625
12815,7746050
12815,8222632
12815,11301722
12818,8123403
12874,5578492
12874,7101343
12874,12133088
12874,13658563
12875,14546
12875,91598
12882,390124
12890,81127
12890,380955
12890,649545
12890,712271
12890,1481097
12918,13135
12918,16252
12920,167362
12920,332318
12934,295413
12934,575796
12941,315031
12942,100731
12942,269769
12942,281011
12942,320165
12942,363114
12942,551524
12942,874884
12942,1530946
12942,4400189
12942,4527779
12942,5324672
12942,14803977
12942,58568762
12999,5603027
13011,13020
13011,13501
13011,13672
13011,16733
13011,90765
13011,162815
13011,163677
13011,256080
13011,259455
13011,259729
13011,261065
13011,281509
13011,1191615
13011,1412711
13011,1479842
13011,5594859
13011,5835993
13011,5847730
13011,5876247
13011,5947658
13011,6545727
13011,6672406
13011,7637436
13011,7853018
13011,7946686
13011,8673550
13011,9687690
13011,10102172
13011,11026886
13011,14659541
13011,49569672
13011,51495052
13011,266834372
13014,259455
13020,13499
13020,14289
13020,74397
13020,183727
13020,260223
13020,264933
13020,1164298
13020,2090121
13020,4494623
13020,4694728
13020,5497121
13020,5593078
13020,11032458
13020,107059632
13020,148696602
13025,64329
13025,203631
13025,393920
13124,110616822
13128,295413
13135,16252
13191,7185748
13191,7358224
13198,280640
13198,481216
13198,1760161
13198,4096815
13204,290503
13204,399990
13204,496709
13204,805948
13204,1176900
13204,1658572
13204,1682197
13204,5462679
13204,6474027
13204,10318770
13211,16189
13211,460115
13211,469886
13211,495019
13211,3376761
13211,4252576
13211,7269112
13211,10632397
13313,265756
13313,4527779
13330,13501
13330,261065
13330,4842061
13330,7459270
13330,10695573
13330,12526056
13330,14718361
13330,49569672
13330,51495052
13358,1042268
13358,4050205
13371,9916160
13372,294359
13372,524820
13372,1484833
13379,116337
13379,119801
13379,164002
13379,179798
13379,183674
13385,330512
13408,373939
13442,125372
13442,203632
13442,288166
13442,11279454
13499,13672
13499,14289
13499,58632
13499,72566
13499,292949
13499,369408
13499,436733
13499,1473902
13499,2845031
13499,4087782
13499,5438206
13499,5593078
13499,10147346
13499,11884111
13499,11933635
13499,12920049
13499,13682095
13501,13672
13501,89657
13501,90765
13501,92773
13501,162665
13501,250495
13501,256080
13501,259455
13501,261065
13501,1191615
13501,4842061
13501,6672406
13501,7995536
13501,10189104
13501,10695573
13501,14718361
13501,49569672
13501,93155232
13501,148696602
13521,13704
13521,314726
13521,446167
13521,1644275
13521,5417614
13521,8480288
13521,8704330
13521,10052642
13523,65623
13544,16230
13544,66479
13544,5114288
13544,7746050
13544,8403196
13545,16230
13545,382369
13545,7746050
13545,10052642
13570,54619
13570,1658572
13570,219251825
13576,14578
13576,16230
13576,65623
13576,186011
13576,380410
13576,1232997
13576,7746050
13584,17089
13584,245293
13584,262833
13584,361646
13584,4055614
13584,4688569
13584,4934012
13584,7746050
13584,9708982
13584,10286020
13584,10305756
13584,50633822
13584,135512622
13611,363051
13611,13916083
13611,15304117
13623,158710
13623,390124
13639,176977
13639,293585
13639,2855621
13639,9811408
13653,176977
13653,183695
13653,4038501
13657,7990708
13657,12550742
13672,58624
13672,163677
13672,259729
13672,1191615
13672,2845031
13672,7637436
13672,7668530
13672,51931882
13682,13688
13682,15588
13682,15851
13682,15853
13682,54185
13682,74245
13682,95771
13682,111905
13682,152120
13682,215594
13682,1273498
13688,72034
13731,243744
13731,380410
13760,66164
13839,15355
13839,115056
13839,1273498
13855,304665
13855,1666381
13855,13287593
13855,13470123
13877,1666381
13877,5241985
13883,5899300
13887,5417036
13887,68625462
13887,78965772
13893,14894
13893,5266156
13896,58676
13896,64645
13896,64932
13896,65637
13896,65655
13896,65759
13896,67506
13896,68382
13896,70476
13896,70643
13896,71207
13896,71312
13896,71838
13896,76863
13896,77160
13896,77655
13896,77865
13896,94226
13896,98748
13896,144474
13896,168632
13896,181367
13896,190393
13896,208462
13896,298705
13896,309998
13896,378313
13946,14578
13946,17005
13946,68030
13966,7610132
13966,8986600
13966,11513259
13995,6998083
14000,70407
14000,70735
14000,470413
14000,1262821
14000,1262822
14000,1262823
14000,5228133
14000,7355980
14000,8659952
14000,8981214
14000,12847833
14000,13063581
14000,14544241
14046,68249
14061,1568566
14061,2047451
14061,4649104
14061,8310400
14061,9334770
14061,9945206
14061,11289472
14262,259455
14279,377827
14289,89657
14289,104154
14289,256080
14289,1236609
14289,1670355
14289,5335252
14289,5542343
14289,14698879
14305,14570
14305,16637
14305,5049073
14320,167362
14353,504125
14440,4592596
14493,245438
14493,1191615
14493,4842061
14493,11949001
14493,148696602
14531,15853
14531,16428
14531,188608
14531,1646315
14531,3431371
14531,4719704
14531,5114288
14531,13097199
14546,91598
14546,295413
14546,299117
14546,4096815
14546,14414849
14566,343074
14566,345055
14566,1530946
14566,4044277
14566,9844398
14570,72034
14570,244037
14570,297983
14570,380410
14570,423066
14570,3120261
14570,8704330
14578,15552
14578,68030
14578,204899
14578,5409787
14578,8704330
14604,4636516
14629,5857184
14630,315923
14631,71518
14631,4089983
14631,4448284
14631,6857697
14687,242185
14687,244698
14687,9708982
14713,1545788
14771,422888
14779,70075
14779,71794
14779,71798
14779,76645
14779,98371
14779,126453
14779,129846
14779,190119
14779,290619
14779,405736
14779,1093616
14779,1511979
14779,1516162
14779,3830821
14792,157698
14827,4488516
14919,74309
14919,4312845
14919,4490875
14919,4979472
14919,5059044
14919,11279454
14919,13594287
14981,54996
14981,56797
14981,58912
14981,58960
14981,58962
14981,64645
14981,65366
14981,65637
14981,65655
14981,65759
14981,67456
14981,67506
14981,68069
14981,68382
14981,69542
14981,70019
14981,70070
14981,70237
14981,70476
14981,70643
14981,71207
14981,71312
14981,72019
14981,76863
14981,77655
14981,77865
14981,101181
14981,152366
14981,168632
14981,190362
14981,190393
14981,191266
14981,198045
14981,298705
14981,378313
14981,391474
15002,97123
15002,145376
15002,263048
15002,283018
15002,440111
15002,882996
15002,1018038
15002,1188758
15002,1533050
15002,3859631
15002,4771546
15002,5008711
15002,6807853
15032,6511779
15055,15355
15055,64997
15055,109903
15055,147170
15055,315735
15055,379496
15055,1541592
15055,1644275
15055,3029951
15055,3120261
15055,3881631
15055,4039193
15055,4448284
15055,4542250
15055,5576810
15055,6511779
15055,7068753
15055,7674918
15055,8344528
15055,11242224
15055,13515845
15055,186903217
15274,265175
15274,12944237
15355,16993
15355,109903
15355,241207
15355,242123
15355,243327
15355,244597
15355,269973
15355,315735
15355,361646
15355,446167
15355,1533492
15355,4986093
15355,73171372
15355,123053672
15355,169643837
15362,116337
15362,158868
15362,164002
15362,203631
15362,203632
15362,275373
15362,308253
15362,393920
15362,616943
15362,2577241
15362,4278295
15370,400004
15370,7004075
15373,126980
15373,176977
15373,1259237
15373,4462268
15373,6397900
15373,48765861
15373,49197782
15419,55048
15419,150446
15427,196045
15427,290503
15427,616943
15427,4968870
15427,5147523
15427,5942214
15427,7803478
15427,9262400
15427,13895003
15473,179361
15507,125372
15507,306898
15507,7508018
15507,73101792
15551,15827
15551,96832
15552,15851
15552,15853
15552,65290
15552,72034
15552,243744
15552,269973
15552,295770
15552,454333
15552,1294975
15552,4855945
15563,252534
15563,383528
15588,15846
15588,110746
15588,152120
15588,186011
15588,188053
15588,241608
15588,243988
15588,269973
15588,526197
15617,2699221
15617,4841158
15617,9956746
15617,12096672
15619,796051
15633,264058
15633,491621
15667,167918
15667,262271
15667,292263
15667,306898
15667,358748
15667,368033
15667,1188758
15691,16642
15691,73396
15691,76884
15691,185943
15691,265175
15691,310557
15691,367387
15691,380955
15691,525343
15691,894266
15691,1020198
15691,1078812
15691,1166311
15691,1272674
15691,1333264
15691,1424602
15691,1568566
15691,1592801
15691,1611773
15691,4038501
15691,4056850
15691,4104927
15691,4860761
15691,5536564
15691,5692835
15691,5844239
15691,6397900
15691,7890702
15691,7961888
15691,9945206
15691,10189722
15691,10583405
15691,11289472
15691,11342468
15691,11559031
15691,11815065
15691,12029862
15691,12487862
15691,12588946
15691,15304117
15691,49197782
15691,49544582
15691,56133072
15691,68358002
15746,97123
15746,204234
15746,271920
15746,271938
15746,468074
15746,535396
15746,535490
15746,2471181
15746,4244987
15776,281672
15779,427303
15779,1582728
15779,13299379
15788,508566
15794,510086
15796,55870
15796,84997
15796,94024
15796,243761
15796,264058
15810,380410
15827,72034
15827,152120
15827,188390
15827,242185
15827,1273498
15846,17262
15846,73396
15846,96832
15846,121897
15846,188053
15846,192542
15846,262833
15846,526197
15851,15853
15851,72034
15853,54185
15853,64998
15853,72034
15853,80624
15853,80764
15853,110746
15853,188053
15853,215594
15853,241970
15853,314746
15853,382369
15853,1273498
15853,10305756
15853,11242224
15887,93298862
15888,428675
15888,614386
15888,1352692
15888,4768753
15888,7890702
15888,8898108
15888,60552072
15898,71813
15898,75156
15898,215091
15898,265175
15898,294464
15898,495019
15898,517429
15898,614223
15898,1424602
15898,1592801
15898,1611773
15898,2829671
15898,3674121
15898,3826021
15898,3922661
15898,4038501
15898,4937383
15898,5844239
15898,6611456
15898,7511588
15898,7583722
15898,7961888
15898,9334770
15898,10177296
15898,11025346
15898,11289472
15898,12029862
15898,12588946
15898,14534981
15898,49544582
15898,58568762
15898,61498882
15898,68358002
15898,105047672
15898,139171932
15912,428405
15912,5449683
15912,13700433
15912,163128877
15969,4243076
16016,364262
16072,242996
16072,4033307
16082,125372
16082,314870
16118,5284515
16124,126980
16124,144068
16124,262833
16124,382369
16124,1271346
16124,5114288
16124,8480288
16124,9708982
16124,45663272
16183,70342
16230,17005
16230,5287882
16230,7746050
16230,8222632
16238,7645452
16240,190482
16242,58880
16242,279489
16256,17089
16256,65290
16256,4428155
16256,7674918
16256,7746050
16256,11626663
16275,516265
16275,4488516
16275,7746050
16317,70387
16317,7568478
16317,8123405
16319,71813
16319,185486
16319,391144
16319,416072
16319,9896010
16428,144068
16428,448690
16428,51018902
16437,85533
16437,470413
16446,65828
16450,242229
16476,64998
16476,67655
16476,298143
16532,214906
16554,115829
16554,1388945
16590,215594
16596,74398
16596,1176900
16596,1197801
16596,7543848
16599,100731
16599,363051
16599,788737
16599,1523781
16617,459471
16628,295413
16637,243512
16637,448758
16637,470005
16637,877980
16642,185881
16642,5738632
16644,6514883
16708,517429
16708,1020198
16708,1078812
16708,1401504
16708,1427943
16708,5536564
16708,7208392
16708,8310400
16719,242817
16733,250495
16733,404672
16733,7995536
16733,11884111
16733,53345732
16737,306898
16745,5866223
16797,9761322
16805,280517
16891,471208
16893,71518
16893,147184
16893,188053
16893,256270
16893,281161
16893,362764
16893,423066
16893,1643574
16893,1644275
16893,1646314
16893,4397349
16893,4778560
16893,5256014
16893,5417614
16893,9803116
16893,12710203
16893,48634472
16893,68337772
16893,132937152
16928,167362
16928,275723
16928,332318
16928,808980
16928,1154879
16928,1682197
16937,5355950
16952,63750
16952,398769
16952,1635715
16978,71813
16993,385029
16993,1429841
16993,4456031
16993,9916160
16993,11136556
16993,135512622
17000,789285
17000,73101792
17005,1429841
17005,7746050
17005,8704330
17008,100675
17008,116337
17008,156229
17008,164002
17008,203631
17008,278418
17008,383528
17008,1654286
17008,5144502
17030,17202
17032,372244
17046,75156
17046,185943
17046,402158
17046,471208
17046,1217914
17046,1568566
17046,4649104
17046,5821103
17046,6004048
17046,7961888
17046,8613614
17089,4488458
17089,4747778
17089,5114288
17089,12515948
17198,483706
17198,70542502
17205,74095
17205,250495
17205,259455
17205,1670355
17224,146645
17238,68382
17262,58880
17262,1155296
17262,1582990
17262,7010729
17269,1224771
17283,379467
17283,5189729
17288,244037
17295,1377312
17300,495019
17301,69659
17301,598070
17331,1647553
54185,72034
54185,215594
54185,243988
54185,1401723
54619,158706
54619,158709
54619,492372
54619,4901462
54627,76064
54803,57504
54983,57077
54983,62359
54996,56797
54996,58676
54996,65655
54996,67456
54996,67506
54996,68069
54996,70237
54996,70476
54996,70643
54996,72019
54996,73571
54996,77655
54996,78118
54996,98748
54996,101181
54996,152366
54996,168632
54996,190393
54996,191347
54996,198045
54996,289768
54996,298705
54996,309998
54996,378313
55048,134336
55311,472089
55755,100183
55870,84997
55870,94024
56125,159449
56125,59070642
56149,409717
56149,1176860
56149,8650570
56149,9386320
56202,258846
56333,6927617
56797,67506
56797,68069
56797,68382
56797,70019
56797,70237
56797,71133
56797,72019
56797,77655
56797,78118
56797,79927
56797,101181
56797,152366
56797,191266
56797,191347
56797,289768
56797,298705
56797,309998
56797,332318
57404,84324
57504,58312
58434,191736
58434,194172
58434,199130
58434,271938
58434,535396
58434,535490
58434,1707587
58434,2471181
58585,81127
58585,262717
58585,264058
58585,269769
58585,5284515
58585,7047219
58585,7327640
58624,256681
58624,1191615
58624,1479842
58624,4087782
58624,4428187
58624,4429712
58624,5288900
58624,5335252
58624,5593078
58624,7602544
58624,8873540
58624,11884111
58624,12526056
58624,14235001
58624,14240131
58624,52463032
58624,52937632
58624,63519802
58624,148696602
58676,58912
58676,64645
58676,65655
58676,65759
58676,68382
58676,70476
58676,70643
58676,72019
58676,77160
58676,79927
58676,94226
58676,98748
58676,101181
58676,168632
58676,190362
58676,190393
58676,191266
58676,298705
58676,378313
58707,252685
58801,473230
58801,4405368
58912,65655
58912,67506
58912,68069
58912,68382
58912,70476
58912,72019
58912,77655
58912,168632
58912,191266
58912,191347
58912,298705
58912,309998
58912,378313
58960,65366
58960,65655
58960,65759
58960,68382
58960,69542
58960,69689
58960,70070
58960,70237
58960,71133
58960,71312
58960,73571
58960,76863
58960,77655
58960,77865
58960,78118
58960,79927
58960,168632
58960,190393
58960,191266
58960,198045
58960,289768
58960,309998
58960,378313
58960,1035779
58962,66199
58962,70237
58962,70476
58962,71133
58962,79927
58962,94226
58962,168632
58962,289768
58962,298705
58962,309998
62559,250495
62559,1412711
62559,4907510
62559,5241984
62559,9658096
62559,13790241
62559,13790723
62559,13918545
62559,55877602
62559,249270492
62884,8907066
62884,56967862
62996,546520
63750,181878
64085,72566
64085,256080
64085,898748
64085,48969071
64085,148696602
64141,14956079
64329,4674484
64333,4308309
64333,4999707
64333,5967050
64645,65366
64645,65637
64645,65655
64645,65759
64645,67456
64645,68069
64645,71312
64645,72019
64645,73571
64645,77160
64645,77865
64645,78118
64645,101181
64645,152366
64645,168632
64645,190362
64645,191347
64645,289768
64645,298705
64645,309998
64645,406144
64820,72034
64820,245293
64997,242123
64997,315735
64997,379495
64997,1264687
64997,61145262
64998,262833
64998,464904
64998,7746050
64998,9848068
64998,14491939
64998,14639121
65070,74463
65070,89657
65070,92773
65070,163677
65070,323311
65070,604395
65070,1191615
65070,7602544
65070,11884111
65070,62566972
65070,63519802
65070,148696602
65205,380955
65205,1020198
65207,824235
65290,379467
65349,295770
65349,315735
65349,4542250
65349,4986093
65349,11242224
65366,65637
65366,73571
65366,96756
65366,190362
65366,190393
65366,191347
65366,289768
65366,309998
65531,188608
65531,423066
65531,1232997
65531,1264078
65574,5531258
65623,107581
65623,262833
65623,314726
65623,423066
65623,469683
65623,5297266
65623,9708982
65623,11242224
65623,11667655
65623,14639121
65637,65655
65637,65759
65637,68382
65637,70643
65637,72019
65637,73571
65637,76863
65637,98748
65637,168632
65637,190393
65637,191347
65637,198045
65637,289768
65637,298705
65637,309998
65655,65759
65655,68069
65655,68382
65655,70019
65655,70237
65655,70643
65655,71133
65655,71207
65655,71312
65655,72019
65655,73571
65655,76863
65655,77160
65655,77655
65655,77865
65655,94226
65655,101181
65655,152366
65655,168632
65655,190393
65655,191266
65655,191347
65655,198045
65655,208462
65655,289768
65655,298705
65655,309998
65655,378313
65655,391474
65759,68382
65759,70476
65759,70643
65759,71312
65759,71838
65759,73571
65759,77160
65759,77655
65759,77865
65759,98748
65759,152366
65759,168632
65759,181367
65759,190393
65759,208462
65759,289768
65759,298705
65759,309998
65759,378313
65759,439641
65761,100810
65761,167918
65761,310264
65761,487286
65791,310557
65828,75147
65828,1419227
65828,8123403
65828,8123405
65828,11142002
65838,1078812
65838,1568566
65838,1611773
65838,2829671
65838,4649104
65838,4937383
65838,5849210
65838,9945206
66155,70643
66155,72019
66155,77655
66155,77865
66155,168632
66155,191347
66155,298705
66155,309998
66155,4403788
66199,168632
66199,298705
66479,67062
66479,315031
66582,94226
66582,98748
66582,6630050
66582,12369444
66730,379186
67443,4344738
67443,8907066
67443,11934257
67443,70542502
67456,67506
67456,72019
67456,77655
67456,79927
67456,101181
67456,152366
67456,190393
67456,191347
67456,298705
67456,309998
67506,68069
67506,70067
67506,71207
67506,72019
67506,77655
67506,152366
67506,168632
67506,191266
67506,191347
67506,198045
67506,298705
67506,309998
67506,378313
67644,109903
67644,1448219
67655,186011
67655,215594
67655,262833
67655,297983
67655,444082
67655,446167
67655,14549479
67672,215272
67672,279489
67672,712271
67672,1059594
67672,50683152
67694,262271
67694,306898
67767,363114
67767,1059594
67767,6763239
67767,9041042
67781,95465
67835,84873
67835,5847730
67976,244019
67976,1402496
68030,73396
68030,96832
68030,516265
68030,4108232
68030,4390053
68030,9151334
68069,70237
68069,70476
68069,71133
68069,71207
68069,71312
68069,72019
68069,73571
68069,77655
68069,94226
68069,98748
68069,101181
68069,168632
68069,191266
68069,191347
68069,198045
68069,309998
68194,185486
68194,242926
68194,269769
68194,9844398
68249,2466581
68249,13658563
68334,110587
68334,498918
68334,4962010
68334,4968870
68334,5130634
68334,6853403
68334,7889792
68334,8409650
68334,8873540
68334,9064930
68334,11934257
68334,13631667
68334,14181947
68382,70019
68382,70237
68382,70476
68382,70643
68382,71207
68382,71312
68382,71838
68382,72019
68382,73571
68382,76118
68382,76863
68382,77160
68382,77655
68382,77865
68382,78118
68382,79927
68382,94226
68382,98748
68382,101181
68382,152964
68382,168632
68382,190393
68382,191266
68382,191347
68382,198045
68382,208462
68382,289768
68382,298705
68382,309998
68382,378313
68382,7735426
69171,193878
69271,114870
69435,796553
69435,1514182
69435,1684527
69435,3575501
69435,4533495
69435,5078058
69435,13700433
69521,112328
69542,72019
69542,76863
69542,77160
69542,77655
69542,77865
69542,191347
69542,289768
69542,309998
69574,295413
69627,1520407
69659,75354
69659,145693
69680,91598
69680,295413
69680,343663
69800,73018
69800,92754
69800,827326
69800,9281246
69800,10695573
69800,12526056
69800,13918545
69800,80681022
69800,117914082
69800,344313291
69820,1155242
69820,5061189
69886,70292
69886,193878
69886,195383
69925,5967050
69925,7890702
69959,70316
69959,282205
69993,1353172
69993,5078058
69993,8123403
70019,70237
70019,71133
70019,71207
70019,72019
70019,77865
70019,78118
70019,79927
70019,191347
70019,289768
70019,309998
70019,378313
70036,6474027
70067,77655
70067,289768
70067,309998
70070,70237
70070,73571
70070,76863
70070,94226
70070,101181
70070,289768
70070,309998
70070,405871
70075,71794
70075,71798
70075,76645
70075,98371
70075,126453
70075,129846
70075,290619
70075,405736
70075,1511979
70075,1516162
70075,3830821
70237,71133
70237,71207
70237,73571
70237,77160
70237,77865
70237,78118
70237,79927
70237,94226
70237,101181
70237,168632
70237,190393
70237,191266
70237,191347
70237,289768
70237,309998
70316,215668
70316,280640
70387,215668
70387,1419227
70407,70735
70407,1150409
70476,70643
70476,71838
70476,73571
70476,77160
70476,79927
70476,94226
70476,98748
70476,101181
70476,168632
70476,190362
70476,190393
70476,191266
70476,198045
70476,289768
70476,298705
70476,309998
70643,71838
70643,72019
70643,73571
70643,94226
70643,98748
70643,168632
70643,190362
70643,190393
70643,191266
70643,198045
70643,289768
70643,298705
70643,309998
70643,378313
70970,126980
70970,1000798
70970,5049073
70970,5114288
70970,117253692
71069,110746
71069,247319
71069,7894386
71106,92773
71106,379167
71106,404672
71133,71207
71133,73571
71133,76863
71133,77655
71133,77865
71133,78118
71133,79927
71133,94226
71133,168632
71133,190393
71133,191266
71133,309998
71133,378313
71154,504125
71207,73571
71207,77655
71207,78118
71207,79927
71207,94226
71207,101181
71207,168632
71207,181367
71207,191266
71207,191347
71207,289768
71207,298705
71207,309998
71312,71838
71312,73571
71312,77655
71312,77865
71312,79927
71312,94226
71312,101181
71312,168632
71312,190393
71312,191347
71312,198045
71312,289768
71312,298705
71312,309998
71312,378313
71518,238486
71518,1015202
71518,1116539
71518,4448284
71518,4778560
71518,5001745
71518,10935332
71518,12956877
71518,13025953
71518,45663272
71518,61094422
71518,63425342
71518,74042892
71518,77874312
71576,310557
71576,415645
71712,100675
71712,183674
71794,71798
71794,76645
71794,98371
71794,126453
71794,129846
71794,1093616
71794,3830821
71798,76645
71798,98371
71798,126453
71798,129846
71798,290619
71798,405736
71798,1093616
71798,3830821
71813,71835
71813,75284
71813,192548
71813,214906
71813,245277
71813,274393
71813,291843
71813,363128
71813,487555
71813,788737
71813,1215212
71813,4028765
71813,4860761
71813,5284515
71813,85874042
71835,75284
71835,77770
71835,80543
71835,298007
71835,349907
71838,77160
71838,77655
71838,77865
71838,79927
71838,181367
71838,190393
71838,208462
71838,309998
72019,73571
72019,76863
72019,77655
72019,77865
72019,79927
72019,101181
72019,152366
72019,168632
72019,181367
72019,190393
72019,191266
72019,191347
72019,298705
72019,309998
72019,378313
72034,95768
72034,109903
72034,152120
72034,215594
72034,241608
72034,244675
72034,314746
72034,1273498
72034,10672471
72034,12515948
72034,135512622
72038,278744
72038,307151
72038,1689466
72038,4533495
72038,13930975
72038,58221162
72041,246999
72041,289345
72041,5400149
72450,278529
72450,4101559
72502,49634222
72503,407188
72503,525643
72503,2005781
72503,6087776
72566,89626
72566,259729
72566,1236609
72566,1270444
72566,4429712
72566,4907510
72566,5059044
72566,5175734
72566,7602544
72566,7637436
72566,7846452
72566,8873540
72566,13682095
72566,14562407
72566,52463032
72566,53325902
72566,54856202
72566,60864502
72660,74804
72660,810507
72660,4101559
72660,7890702
73018,73441
73018,100675
73018,171998
73018,5542343
73018,8873540
73018,9197980
73018,11584555
73018,13790723
73018,13962203
73018,74514052
73018,80681022
73018,121672292
73166,296520
73166,363229
73166,4842061
73396,74478
73396,147184
73396,242704
73396,262833
73396,362764
73396,364262
73396,364582
73396,423066
73396,1107447
73396,1294975
73396,1429841
73396,1454092
73396,3972081
73396,4390053
73396,4448284
73396,4456001
73396,4510875
73396,4542250
73396,4545763
73396,4555032
73396,4611283
73396,4688569
73396,5049074
73396,5138079
73396,5409787
73396,5566782
73396,5918943
73396,6017626
73396,7068771
73396,7140333
73396,7611526
73396,7674918
73396,8609358
73396,9551216
73396,9848068
73396,10257238
73396,10286020
73396,11736681
73396,11815065
73396,12071380
73396,13025953
73396,13121157
73396,13416889
73396,14719869
73396,14979839
73396,50258612
73396,52528582
73396,54330242
73396,61094422
73396,84227392
73396,100314362
73396,131216322
73396,184781277
73396,219083485
73441,377961
73571,76863
73571,77160
73571,77655
73571,77865
73571,78118
73571,101181
73571,151999
73571,168632
73571,190362
73571,190393
73571,191266
73571,198045
73571,298705
73571,378313
73571,391474
73571,406144
74095,259467
74095,1191615
74095,1479842
74095,14240131
74095,14447309
74245,92602
74245,188053
74245,243988
74289,406623
74289,5335252
74309,74804
74309,165930
74309,246791
74309,290503
74309,292217
74309,304545
74309,330512
74309,362326
74309,367387
74309,382937
74309,416239
74309,469671
74309,798061
74309,891621
74309,1362735
74309,1384338
74309,1590752
74309,4400138
74309,4989034
74309,5575105
74309,7188840
74309,9089666
74309,11363014
74309,14756433
74309,49818632
74309,57203182
74309,68294032
74357,1000956
74398,75491
74398,166763
74398,292185
74398,613934
74398,887565
74398,1176900
74398,1188009
74398,1403694
74398,4023815
74398,4768753
74398,5266156
74398,7295534
74398,9635624
74398,12133088
74398,13028375
74398,100314362
74444,4592596
74463,256080
74463,455796
74463,604395
74463,1600816
74463,5876247
74463,8873540
74463,11584555
74463,14240131
74463,14718361
74463,51495052
74463,101739872
74478,102544
74478,240336
74478,244698
74478,256270
74478,314726
74478,362764
74478,373974
74478,398961
74478,1643574
74478,1644275
74478,1646314
74478,1646315
74478,4397349
74478,5385790
74478,5417614
74478,5566782
74478,5832280
74478,8112331
74478,10286020
74478,11122456
74478,12173602
74478,45663272
74478,49283392
74478,50258612
74478,54330242
74478,54841642
74478,68337772
74478,69708032
74478,70050122
74478,132937152
74545,4338602
74545,11256100
74545,14181947
74787,1200692
74804,100810
74804,168311
74804,185473
74804,402158
74804,428675
74804,891621
74804,1152089
74804,1154611
74804,1362735
74804,1545788
74804,1590752
74804,2454271
74804,4050205
74804,4104899
74804,4438587
74804,4549214
74804,9334770
74804,9551192
74804,9776678
74804,11342468
74804,12350516
74804,73101792
74815,182274
74815,4902904
74815,12487862
74815,12816283
74815,13028375
74815,13571283
74815,13893391
74815,49364062
74831,289099
74882,144227
75001,400934
75001,4429712
75053,156229
75147,84873
75147,94226
75147,8123403
75147,8123405
75156,185943
75156,265175
75156,326042
75156,517429
75156,1568566
75156,2829671
75156,4485154
75156,4649104
75156,5412407
75156,8613614
75156,11559031
75156,105047672
75284,298007
75284,343074
75354,92782
75354,482758
75354,6397900
75354,10189104
75355,1568566
75455,100625
75455,143900
75455,198415
75455,288252
75455,894511
75455,1155426
75491,210977
75491,429675
75491,805948
75491,1545148
75491,1562681
75491,1658572
75491,4023815
75491,5531258
75491,7735426
75491,7988922
75491,8706544
75491,12369444
75491,12607183
75491,51965252
75491,75659582
75491,265272032
75618,145693
75618,7371074
75642,169850
75642,202988
75642,163128877
75710,166430
75710,4545763
75710,4928598
75710,5700991
75710,7256126
75710,13641693
75710,56052792
75710,65608142
76067,4740968
76118,193844
76645,98371
76645,126453
76645,129846
76645,405736
76645,3830821
76863,77160
76863,77655
76863,77865
76863,94226
76863,101181
76863,190393
76863,191347
76863,198045
76863,208462
76863,289768
76863,309998
76884,614223
76884,1217914
76884,4698748
76884,5412407
76884,5531419
76884,7890702
77057,362764
77057,373974
77057,5417614
77057,6854825
77160,78118
77160,94226
77160,98748
77160,101181
77160,168632
77160,190393
77160,298705
77160,309998
77160,378313
77655,77865
77655,94226
77655,98748
77655,101181
77655,152366
77655,168632
77655,190362
77655,190393
77655,191266
77655,198045
77655,289768
77655,298705
77655,309998
77655,378313
77770,788737
77865,79927
77865,94226
77865,101181
77865,152366
77865,168632
77865,190362
77865,191347
77865,198045
77865,289768
77865,298705
77865,309998
77865,378313
77974,1534419
78118,79927
78118,94226
78118,168632
78118,190393
78118,191266
78118,191347
78118,298705
78118,309998
78118,378313
78668,93674
78668,5147523
79501,12991285
79927,94226
79927,98748
79927,168632
79927,190393
79927,191266
79927,289768
79927,298705
79927,309998
79927,378313
79927,406144
79927,7735426
80415,1191478
80415,1388520
80415,4068342
80415,7745888
80415,8642302
80415,10399494
80415,11626663
80415,11666599
80415,13447203
80415,50256792
80415,59940712
80415,67905592
80415,72751322
80423,332318
80487,5719412
80527,1155246
80543,343074
80543,363051
80543,985302
80543,1402487
80543,4414006
80543,6514883
80624,241608
80624,315054
80649,198415
80649,1472227
80772,214906
80772,1059594
80772,1200765
80772,1315400
80772,5821103
80772,6763239
80772,8310400
80838,887535
80838,13314683
81127,281011
81127,4476566
81127,5179221
81127,5284515
81127,7327640
81127,58568762
81443,5857184
83184,11581389
83184,63457202
84324,245438
84324,2281211
84324,5013120
84324,5542343
84324,153683832
84873,190393
84979,2560961
85533,1170236
85533,1623261
85533,70542502
86081,89172
86081,92785
86081,12082994
86081,66311462
86688,347202
86688,4925904
86688,14588939
88560,887535
89172,256080
89172,256681
89172,2856371
89192,162065
89192,396351
89192,1514182
89192,2163861
89192,5264544
89192,9602094
89192,109918562
89496,363472
89496,807606
89496,1355105
89496,3581341
89496,54647592
89536,163677
89536,5115600
89626,5593078
89643,92773
89643,320253
89657,158083
89657,162665
89657,163677
89657,259455
89657,292949
89657,323311
89657,388973
89657,455775
89657,1191615
89657,1419381
89657,4842061
89657,5175734
89657,6545727
89657,7602544
89657,9134324
89657,10189104
89657,10666539
89657,13357141
89657,13835607
89657,51495052
89657,52049272
89657,148696602
90516,262271
90516,306898
90516,668826
90516,1353172
90765,250495
90765,256681
90765,259729
90765,404672
90765,1191615
90765,4429712
90765,5542343
90765,6672406
90765,7459270
90765,7637436
90765,9615244
90765,10102172
90765,13554009
90765,123033132
91443,6763239
91602,304669
91948,187525
92754,9615244
92754,13314513
92754,220540115
92773,92777
92773,92782
92773,92785
92773,101645
92773,210845
92773,256080
92773,323311
92773,1229678
92773,1426021
92773,5288900
92773,7077481
92773,63519802
92773,73205432
92777,101645
92777,259455
92782,101645
92782,259455
92782,362326
92782,5593078
92782,14626539
92785,259455
92853,525643
92853,15190997
93674,6087776
94163,188390
94163,329700
94226,98748
94226,101181
94226,152366
94226,168632
94226,190393
94226,191266
94226,191347
94226,208462
94226,289768
94226,298705
94226,309998
94226,314850
94226,378313
94686,449183
94686,525343
94686,1402487
94686,1403326
94686,4084280
94686,4758164
94686,4779216
94686,5330516
94686,7979540
95012,240980
95044,254828
95044,491128
95044,1388945
95044,10343516
95397,574046
95397,2281211
95397,5482056
95465,191162
95465,1220662
95506,188053
95506,243153
95527,385029
95527,5355950
95538,3265001
95538,7988922
95771,110746
95771,5355382
96491,166763
96491,5266156
96588,4939069
96588,5618818
96588,107382742
96756,289768
96832,114870
96832,144342
96832,242126
96832,1075570
97007,367452
97007,1412736
97007,8426034
97123,134336
97123,145376
97123,171883
97123,175997
97123,199130
97123,263048
97123,283018
97123,292263
97123,306898
97123,358748
97123,404049
97123,440111
97123,470799
97123,1032901
97123,1188758
97123,1484833
97123,1591399
97123,1967481
97123,3583591
97123,3859631
97123,4740968
97123,5008711
97123,5145341
97123,5866223
97234,391144
98005,370902
98005,391144
98005,1530943
98005,1595770
98005,4038501
98005,7610132
98005,9092188
98005,50683152
98036,1381155
98036,4134443
98205,116823
98205,242907
98205,314746
98205,342673
98205,379465
98205,464904
98205,4611283
98205,5303588
98205,5832280
98205,5859499
98205,7317188
98205,10426250
98205,10672471
98205,12759119
98205,13097199
98205,84292982
98205,131216322
98205,161696942
98213,115959
98213,116823
98213,464904
98213,464921
98239,100675
98345,295822
98345,390251
98345,875656
98345,887541
98345,1144978
98345,9062752
98371,126453
98371,129846
98371,290619
98371,405736
98371,1093616
98371,1511979
98371,1516162
98371,3830821
98371,10807780
98371,12526056
98381,1155426
98576,179914
98576,807606
98576,4086965
98748,168632
98748,190362
98748,190393
98748,191266
98748,191347
98748,275668
98748,298705
98748,309998
98748,1052497
98985,277491
99156,242950
99156,1232997
99702,245209
99702,15265565
100183,160518
100183,1454092
100473,5246621
100625,198415
100675,119801
100675,156229
100675,164002
100675,203631
100675,203632
100675,377827
100675,614223
100675,3933641
100675,4112751
100675,4338602
100675,4674484
100675,5144502
100675,5587673
100675,7371096
100675,10668885
100731,241708
100731,242336
100731,281672
100731,788737
100731,985302
100731,1215212
100731,8945638
100810,148517
100810,282118
100810,310557
100810,324006
100810,482758
100810,864595
100810,985109
100810,1353625
100810,3265001
100810,3968561
100810,4104927
100810,4331004
100810,4333887
100810,4341930
100810,4768753
100810,5068032
100810,9096522
100810,10349386
100810,49280302
100810,73101792
101181,152366
101181,168632
101181,190362
101181,190393
101181,191266
101181,191347
101181,198045
101181,208462
101181,298705
101181,309998
101181,378313
101620,240980
101813,123505
101813,167531
101813,211084
101813,362764
101813,1116539
101813,4456001
101813,7351232
101813,51018902
101813,61474832
101813,101962882
102352,269769
102352,615386
102865,123685
102865,245901
102865,391993
102865,394387
102865,495019
102865,1444272
103103,805948
103103,1000956
103103,3265001
103103,4989034
103103,5462679
103103,8058039
103103,9444014
103103,9958178
103103,11366354
103103,13878655
103119,126371
103119,198415
103119,282612
103119,894511
103119,1472227
103369,330512
103369,362326
103369,7889792
103369,11167720
103369,11363014
103369,13130577
103369,59691632
104154,1236609
104154,5335252
106096,5131091
106096,7150049
106096,10159994
106632,186191
106632,272654
106632,1020198
106632,1424602
106632,5844239
106632,5849210
106632,7961888
106632,8675234
106632,8945638
106632,9334770
106632,9477752
106632,9480512
106632,10580067
106632,11815065
106632,12029862
106632,13916083
106632,56133072
106632,68358002
106632,80365122
106632,95873492
107096,277491
107581,364262
107581,10052642
107666,7688746
108493,7185748
109903,116431
109903,147170
109903,147217
109903,244675
109903,269973
109903,361639
109903,1541592
109903,5200697
109903,5576810
109903,6511779
109903,91717162
110459,152120
110587,167918
110587,169361
110587,262271
110587,281306
110587,306898
110587,310557
110587,330512
110587,399092
110587,404049
110587,482758
110587,1201214
110587,1384338
110587,4463649
110587,5118016
110587,7890702
110746,215594
110754,8123403
110754,13700433
111715,4512791
111715,4831136
111715,5569223
111715,14801651
112081,1577166
112081,1707587
112259,7358224
112259,73101792
113756,4134443
114140,454800
114699,304435
114870,256270
114870,1258135
114870,70050122
115056,241819
115056,243327
115056,1273498
115526,1402496
115959,116823
115959,315735
115959,464904
115959,464921
115959,5910045
115959,7674918
115959,10499111
115959,123053672
115959,264261321
116025,339209
116025,483061
116025,5478691
116025,5898689
116025,8409650
116116,4532335
116116,13287593
116337,156229
116337,164002
116337,180474
116337,183674
116337,282118
116337,383528
116337,473230
116337,5771489
116337,7371096
116431,214925
116431,241819
116431,243327
116431,1361029
116431,6227200
116431,13097199
116431,54838802
116431,108068032
116431,123053672
116523,245209
116523,245277
116523,274393
116523,361660
116523,994184
116523,1059594
116523,2252591
116523,4400189
116523,4606399
116523,5526627
116523,10816636
116523,11559031
116523,14343187
116523,49197782
116523,50030162
116523,50033982
116823,464904
116823,464921
116823,9719682
116823,123053672
117480,240980
117480,4134443
119801,614223
119801,4084280
119801,6998083
120313,2281211
120313,4674484
120313,5570880
120313,8791550
120313,10753698
120313,11888005
120313,12461772
121420,245209
121420,382452
121584,1191615
121584,1473902
121584,5594859
121584,6012232
121584,7853018
121584,12422192
121584,63519802
121584,148696602
123503,10799102
123503,13682095
123505,1116539
123505,1271346
123505,4456001
123505,5030322
123505,5200697
123505,11481726
123505,13139755
123505,14161851
123505,50633822
123505,51018902
123505,56731592
123505,82631892
123505,85360022
123505,112522052
123505,123053672
123505,129085752
123505,131216322
123685,272654
123685,495019
123685,1592801
123685,4485154
123685,5536564
123685,5849210
123685,6004048
123685,8310400
123685,9334770
123685,9945206
123685,56133072
123685,105047672
124085,254828
124423,4033308
124423,4688569
124797,1171997
124797,1381155
124905,4861665
125372,164002
125372,320004
125372,377827
125372,1395300
125372,4051157
125372,4100351
125372,5895321
125372,8686994
125372,8791550
125372,10427228
125372,10753698
125372,11363014
125372,11871785
125372,12526056
125372,14779157
125372,56094992
126010,175997
126010,310557
126010,1176860
126010,3968561
126010,7295534
126371,198415
126453,129846
126453,290619
126453,405736
126453,1093616
126453,1511979
126453,3830821
126917,7047219
126980,275373
129846,290619
129846,405736
129846,1093616
129846,1511979
129846,3830821
129846,4759264
130398,169954
130398,293630
130398,306898
130398,368033
130398,1249649
131354,4688569
131354,4934012
131354,5700769
131354,6017626
131354,9667370
131354,11639727
131354,11891997
131354,12604907
131354,50873882
131354,52182182
131354,52716632
131814,3638541
131814,10264540
131814,13918541
131886,1352674
132264,263048
132264,282918
132264,368033
132264,789285
132264,802470
132264,1465570
132264,1563470
132264,3968561
132448,152107
132448,894266
132448,1401504
132448,1424602
133427,70542502
133741,788737
134123,7004075
134123,8114447
134163,272225
134163,1264078
134163,4694728
134790,351586
134790,546520
134790,1228100
134790,9776678
135133,5849210
142381,282361
142381,306898
142381,1321900
142381,7988922
143771,481216
143771,4865554
143900,198415
143900,288252
143900,894511
143900,1155426
143900,1472227
143900,1858431
143900,6004048
143900,14780015
144068,263731
144068,314746
144068,457763
144068,4456001
144068,4611283
144068,8933254
144068,10672471
144068,13097199
144068,119396922
144068,143895072
144227,1188009
144227,1198612
144227,1545148
144227,10286020
144342,242126
144342,266367
144342,281161
144446,245438
144446,259455
144446,320253
144446,4803754
144446,5811815
144446,13790723
144446,66228482
145027,171883
145376,175997
145376,188933
145376,306898
145376,1188009
145376,1188758
145538,1481097
145693,390032
145693,1545788
145693,7371074
146100,215668
146100,1533472
146136,259377
146326,3859631
146326,4740968
146333,174348
146333,1446147
146952,4106348
146952,9916160
146952,10052642
146952,10502405
147170,242123
147170,5895828
147170,10989694
147170,11242224
147170,123053672
147170,264261321
147184,256270
147184,264313
147184,312131
147184,362764
147184,373974
147184,1444643
147184,4556160
147184,5423737
147184,5454687
147184,7068753
147184,8112331
147184,12710203
147184,69708032
147184,132937152
147217,54838802
147292,393600
148129,14916267
148517,361250
148517,1631262
148517,2699221
148517,5306539
148517,64927672
148586,345055
149790,324006
150446,532048
150446,1484833
150446,4771546
150446,5992092
152107,331851
152120,241608
152180,3431421
152180,4456001
152218,281306
152218,525457
152218,1209072
152218,7890702
152291,893222
152291,3968561
152291,11144828
152366,191347
152366,245277
152366,289768
152366,298705
152366,309998
152366,378313
152366,1234785
152366,5266156
152369,1200692
152629,167918
152629,181878
152629,292263
152629,305579
152629,532048
152629,666244
152629,1446147
152788,8686994
152789,174348
152789,185473
152789,261965
152789,362326
152789,1403694
152789,4492087
152789,4746199
152789,4937383
152789,5330515
152789,5898689
152789,5992092
152789,7626764
152947,404672
152947,14341205
152964,4327376
153148,5515551
153148,6474027
153702,190393
153702,191347
153702,309998
154664,5895828
154664,264261321
155312,367387
155356,4811160
155356,5895822
155356,6344194
155356,6446764
155356,6573849
155356,6705395
155356,8125553
155356,11122456
155356,11891997
155356,13296209
155356,99508752
155356,124786782
156221,179798
156221,7548984
156229,164002
156229,1654286
156229,3972081
156229,4334621
156726,292949
156726,455796
156726,5542343
156726,5594859
156726,10452069
156726,11026886
156726,11884111
156726,12530904
156726,13755123
156726,13918545
156726,14621667
157673,325189
157698,513721
158083,292949
158083,1473902
158083,5876247
158083,7365500
158083,9134324
158083,9945222
158083,15138227
158083,48443532
158083,117914082
158706,310557
158706,546473
158706,1562681
158706,4438587
158706,5131091
158706,9236850
158706,14997345
158709,260817
158868,393920
158868,117253692
160518,281509
161553,4677655
161553,5306539
161553,330311461
161553,330311471
161909,259729
161909,261065
161909,1229678
161909,1600816
161909,4494623
161909,4803754
161909,4842061
161909,6545727
161909,6706481
161909,7853018
161909,9687690
161909,12218918
161909,12526056
161909,13152245
161909,13314513
161909,49197782
161909,51495052
161947,1200692
162013,1576244
162065,280640
162065,1191410
162065,13700433
162665,1191615
162665,1479842
162665,4087782
162665,4842061
162665,4986771
162665,5593078
162665,5594859
162665,7371074
162665,11884111
162665,13152245
162665,14621667
162665,121672292
162665,344313291
162815,209318
162815,400934
162815,5497121
162815,13755123
162815,68553672
163677,256080
163677,5593078
163677,7637436
163677,10695573
163677,12490752
164002,179798
164002,182975
164002,203631
164002,253982
164002,383528
164002,1201214
164002,4656861
164002,4776924
164002,6004048
164002,7371096
164002,8380538
164002,10668885
164002,153683832
164002,208331887
164704,249599
164704,533395
164704,4494623
165930,246791
165930,265914
165930,362326
165930,398521
165930,482758
165930,485737
165930,1220981
165930,1590752
165930,3972081
165930,4344192
165930,4438587
165930,4495513
165930,4962010
165930,4968870
165930,5059044
165930,7101343
165930,7444722
165930,8613614
165930,9089666
165930,10833242
165930,12558830
165930,13905711
165930,14456487
166190,173581
166190,377827
166190,507896
166190,995188
166190,4674484
166190,7890702
166190,10385666
166426,5147523
166430,192542
166430,10640291
166430,12896823
166430,72325102
166717,210977
166763,292185
166763,12133088
166984,827425
167362,181985
167362,396351
167362,13700433
167498,263048
167498,864595
167498,4606399
167498,4794268
167531,1116539
167918,169361
167918,169954
167918,262271
167918,274673
167918,293585
167918,306898
167918,310557
167918,324006
167918,365921
167918,378294
167918,385076
167918,789285
167918,1353625
167918,1429841
167918,1967481
167918,3542201
167918,4327271
167918,9851680
168311,310557
168311,406688
168311,661247
168311,810507
168311,1590752
168311,4606572
168311,7890702
168311,10668131
168632,181367
168632,190393
168632,191266
168632,191347
168632,198045
168632,298705
168632,309998
168632,378313
168632,391474
169361,169954
169361,188933
169361,242229
169361,245676
169361,262271
169361,281306
169361,282918
169361,306898
169361,310557
169361,368033
169361,379558
169361,535396
169361,541399
169361,661247
169361,873890
169361,1188758
169361,1353625
169361,1465570
169361,3968561
169361,4327271
169361,4606572
169361,73101792
169712,1563439
169850,191736
169850,404049
169850,1353172
169850,2221921
169850,5078058
169850,5406238
169897,283018
169897,372244
169897,1188758
169897,1576244
169897,4782876
169897,5276754
169897,9710684
169954,204234
169954,262271
169954,281306
169954,282918
169954,283018
169954,324006
169954,368033
169954,379558
169954,426684
169954,541399
169954,1188758
169954,1249649
169954,1353172
169954,1465570
169954,1473166
169954,3968561
169954,4104899
169954,4445699
169954,4463649
169954,4777520
171883,354661
171883,5335252
171883,6927617
171883,9686854
171998,259455
171998,259729
171998,292949
171998,482758
171998,604107
171998,903536
171998,1479842
171998,5259966
171998,5719412
171998,5876247
171998,8873540
171998,9197980
171998,11026886
171998,12632197
171998,13918545
171998,52463032
171998,60864502
171998,121672292
172008,183727
172008,259467
172008,4944278
172147,1444643
172147,7611526
172147,9428436
172147,13139755
172147,14736915
172147,63425342
172147,107502672
173113,398476
173113,802470
173113,97638282
173581,271715
173581,306898
173581,367387
173581,4050205
173581,4438587
173581,4925172
173581,4968870
173581,5603027
173581,7004075
174348,282118
174348,362326
174348,377827
174348,384236
174348,805948
174348,1678249
174348,4101559
174348,4331004
174348,5245171
174348,5425093
174349,4562106
174351,183727
175885,472089
175885,1689466
175885,53049432
175997,292263
175997,407188
175997,1188009
175997,3968561
175997,7099473
176639,13878655
176977,279489
176977,320004
176977,457763
176977,473230
176977,574046
176977,614223
176977,1176860
176977,1424265
176977,1651825
176977,2855621
176977,3542201
176977,3674121
176977,4333891
176977,4462268
176977,4463649
176977,4812795
176977,4989034
176977,5357220
176977,6397900
176977,6998083
176977,7688746
176977,8945638
176977,10628057
176977,10833242
176977,11025346
176977,11237527
176977,11559031
176977,12071380
176977,49197782
176977,100314362
177527,4025857
178264,5384533
179361,264431
179361,1079011
179512,373974
179512,11085788
179512,11666599
179798,4112751
179914,438567
179914,3574681
179914,5254940
179914,70263012
179975,185473
179975,283018
179975,390174
179975,525643
179975,1224771
179975,1658572
179975,4771546
179975,4782876
179975,5095554
179975,5951582
180474,275373
180474,278418
181041,277491
181041,332318
181041,3629661
181367,298705
181367,405871
181878,1429841
181878,6032634
181878,7890702
182274,471578
182274,1217914
182274,1305912
182274,4130953
182274,4902904
182274,10110184
182274,12816283
182274,13299379
182274,13529333
182274,13571283
182274,14343187
182274,14876665
182274,48765861
182274,49197782
182274,49364062
182274,50657232
182274,61094422
182975,183674
182975,275373
182975,278418
182975,10668885
183051,188053
183051,241998
183051,516265
183051,1233002
183051,2531001
183051,4033307
183051,4545763
183051,5175588
183051,5287882
183051,14719869
183122,10792606
183122,12019624
183201,1002521
183674,4694728
183695,1568566
183695,4649104
183716,482539
183716,1403694
183716,2489131
183727,455121
183727,898748
183727,1236609
183727,1412711
183727,1479842
183727,3638541
183727,4626477
183727,5335252
183727,5877213
183727,6351846
183727,7365500
183727,8673550
183727,10452069
183727,13152245
183727,14652473
183727,51931882
183727,53325902
183727,67211132
183821,298007
183821,447246
183821,1104730
183821,4462268
183821,4973602
183821,6514883
183821,8675234
183821,50657232
183852,265756
183852,1424602
183852,3897051
183852,4414006
183852,4527779
183852,6962549
183852,7047219
183852,8675234
183852,9763952
183852,14539467
183852,68358002
183852,139171932
185473,1198612
185473,4782876
185486,522136
185872,241608
185872,380410
185943,215091
185943,326042
185943,671073
185943,1074021
185943,1401504
185943,1568566
185943,7208392
185943,7961888
185943,8945638
186011,2531001
186011,9151334
186191,326042
186191,1078812
186191,1568566
186191,1649413
186191,4649104
186191,4814134
186235,1699749
186235,4901462
187091,363051
188053,192616
188053,241998
188053,242123
188053,242126
188053,243657
188053,262833
188053,432809
188053,1646314
188053,5114288
188053,5817388
188053,5895828
188053,6756253
188053,8629022
188053,9708982
188053,69708032
188390,4488516
188932,243009
188932,318673
188933,283018
188933,306898
188933,368033
188933,379558
188933,406688
188933,464123
188933,1188758
188933,1545148
188933,5118016
188933,5570870
190119,405736
190119,3830821
190314,243606
190314,398752
190362,190393
190362,191347
190362,298705
190362,309998
190362,378313
190393,191266
190393,191347
190393,198045
190393,289768
190393,298705
190393,309998
190393,378313
190575,1545788
191266,191347
191266,198045
191266,298705
191266,309998
191266,378313
191347,198045
191347,298705
191347,378313
191347,405871
191736,199130
191736,271938
191736,404049
191736,661247
191736,789285
191736,1353172
191736,1353625
191736,1645365
192501,1015202
192542,238486
192542,242126
192542,281161
192542,315041
192542,1643574
192542,1646314
192542,1646315
192542,4397349
192542,4448284
192542,4778560
192542,5256014
192542,5931809
192542,9803116
192542,10672471
192542,12710203
192542,12956877
192542,49283392
192542,68337772
192548,245220
192548,1273729
192548,1530943
192548,3542201
192548,5230088
192548,6514883
192548,9896010
192548,13916083
192548,14004075
192548,50683152
192742,242704
192742,362764
192742,364262
192742,364582
192742,4397349
192742,4934012
192742,5049073
192742,5053940
192742,5095768
192742,5138079
192742,5417614
192742,7611526
192742,8112331
192742,8121175
192742,8642302
192742,9708982
192742,10286020
192742,11268268
192742,11666599
192742,12406950
192742,54330242
193162,525343
193331,12133088
193875,399881
193875,810507
193875,1097709
193875,5462679
193875,7890702
193875,9896010
193875,10286020
193875,168158797
194042,363051
194172,204234
194172,271920
194172,271938
194172,306898
194172,310557
194172,404049
194172,535396
194172,1353625
194172,1365282
194172,1607214
194172,2075241
194172,2471181
194172,5565220
195222,245293
195222,1116539
195222,4428155
195222,9848068
195222,10919746
195222,11301722
195222,14639121
195383,252535
195968,807606
195968,1355105
195968,1660131
195968,3574561
195968,5139444
195968,5719412
195968,12632197
195968,74126422
196045,367387
196045,1113629
196045,4104899
196045,4400138
196045,4438587
196045,7004075
197483,1262822
197711,1679838
198045,289768
198045,298705
198045,309998
198045,378313
198415,288252
198415,894511
198415,1155426
198415,1472227
199130,204234
199130,262271
199130,271938
199130,282918
199130,310557
199130,426684
199130,468074
199130,471208
199130,535396
199130,2471181
199130,5866223
200190,362606
200195,10930872
200195,12218918
201327,243009
201327,245676
201327,3265001
201327,5466281
201327,5570870
201327,5967050
202988,8123403
203631,4112751
203632,275373
203632,5109534
204234,271920
204234,271922
204234,271938
204234,306898
204234,535396
204234,535490
204234,2471181
208462,298705
208462,378313
208844,278529
208844,416021
208844,1446147
209267,262271
209267,1365282
210016,883421
210977,554792
210977,1626113
211009,269769
211084,4456001
211084,101962882
211392,288092
211393,389038
214906,245676
214906,264058
214906,298007
214906,4476566
214906,5286414
214906,5297021
214906,6661704
214906,7327640
214906,10388560
214906,10632397
214906,14343187
214925,263731
214925,315735
214925,464904
214925,3120261
214925,3881631
214925,4611283
214925,6511779
214925,6857697
214925,7810466
214925,10633657
214925,12721175
214925,61145262
214925,61942382
215091,265175
215091,326042
215091,517429
215091,525343
215091,614223
215091,1020198
215091,1074021
215091,1217914
215091,1568566
215091,1611773
215091,4485154
215091,5536564
215091,7511588
215091,10177296
215091,11025346
215091,11289472
215091,49544582
215272,712271
215272,58568762
215594,8704330
215668,241033
215668,2110321
215668,7312776
215668,8123403
215668,8123405
238486,264313
238486,362764
238486,373974
238486,1401721
238486,1561230
238486,1643574
238486,1646315
238486,3126151
238486,4397349
238486,4456001
238486,4778560
238486,5135133
238486,5417614
238486,5931809
238486,12710203
238486,12759119
238486,13121157
238486,54330242
238486,68337772
238486,69708032
238486,70050122
238486,132937152
238486,175025637
240427,265175
240427,326042
240427,614223
240427,1166311
240427,1217914
240427,1424602
240427,4122540
240427,4860761
240427,4937383
240427,5266156
240427,5849210
240427,11289472
240427,12029862
240427,95873492
240427,105047672
240582,6396188
240582,50030162
240693,4556160
240976,494519
240980,1676038
240980,4685792
241472,243758
241708,243194
241708,264106
241708,298007
241708,985302
241708,5220843
241819,379495
241819,464921
241970,7803478
241998,5114288
242123,274361
242123,379495
242123,464904
242123,464921
242123,1361029
242123,3029951
242123,3120261
242123,5895828
242123,6511779
242123,7660734
242123,7810466
242123,11242224
242123,73171372
242123,122123672
242123,135512622
242126,1646315
242126,69708032
242132,648668
242132,1140313
242132,5059044
242226,6947323
242229,244088
242229,1396199
242229,1435373
242229,4134443
242229,61053822
242336,985302
242538,4532335
242704,817732
242704,5700769
242704,6174642
242704,6705395
242704,7611526
242704,8125553
242704,8278422
242704,10399494
242704,11421098
242704,11666599
242704,11736681
242704,12710203
242704,12896823
242704,14191917
242704,45663272
242704,49259572
242704,50873882
242704,56058952
242704,66952022
242704,98513552
242704,118981132
242898,477348
242907,314746
242907,379465
242907,794505
242907,4742533
242907,4795158
242907,5314600
242907,5387368
242907,5500771
242907,5550166
242907,6077584
242907,8208130
242907,8933254
242907,10426250
242907,12759119
242907,13534745
242907,13833249
242907,83322832
242907,134510332
242907,161696942
242907,258370482
242926,249258
242926,470005
242926,1402496
242926,14803977
242996,117253692
243009,261965
243009,346662
243009,6943441
243201,3779331
243327,6511779
243504,245277
243504,1255983
243504,4462268
243510,324302
243510,324415
243510,343074
243510,4330924
243510,5159425
243510,6718107
243510,7610132
243510,9896010
243512,245220
243512,1402496
243657,69708032
243761,525343
243761,1059594
243761,1104730
243761,1335085
243761,2855621
243761,4527779
243761,7047219
243761,12944237
243988,293630
244019,323533
244019,363049
244019,1402496
244332,4542250
244698,364582
244698,382369
244698,398961
244698,8121175
244698,13025953
245209,382452
245220,269769
245220,290543
245220,298664
245220,320165
245220,14539467
245220,50683152
245257,281672
245257,324415
245257,559859
245257,1595755
245257,4448489
245277,294464
245277,447246
245277,525343
245277,1259237
245277,4448489
245277,7645452
245277,12944237
245293,1191478
245293,1611694
245293,4934012
245293,7351232
245293,7746050
245432,252535
245432,3239781
245438,259569
245438,567229
245438,604107
245438,1473793
245438,3933641
245438,6412878
245438,7459268
245438,7459270
245438,7548984
245438,8355648
245438,8873540
245438,9281246
245438,11026886
245438,13645509
245438,127314642
245438,204461457
245438,274705721
245676,262271
245676,310557
245676,368033
245676,369408
245676,379558
245676,998013
245676,1213277
245676,1249649
245676,1353625
245676,1707587
245676,2005781
245676,4104899
245676,5355950
245676,7988922
245676,9916160
245901,391993
245901,614223
245901,5159122
246791,382937
246791,4495513
246791,4925172
246791,6853403
246791,8657430
246791,9236850
246791,12096038
246791,12676237
246791,13639985
246999,5838830
247319,318673
247319,378751
247319,406623
247319,4687556
247379,263048
247379,5203250
248033,306898
248033,5595093
249599,382937
249599,406623
249599,1353625
249599,1424602
249599,1429841
249599,4438587
249599,5259968
249599,5462679
249599,5518775
249599,6982223
249599,7358224
249599,14161851
249599,68358002
250495,256681
250495,1191615
250495,1270444
250495,1550629
250495,4087782
250495,4486020
250495,6545727
250495,7853018
250495,10695573
250495,49096741
250495,63519802
250495,68078472
250495,68553672
250495,72272502
250495,148696602
251064,5078058
252534,4243076
252534,7010729
252535,513721
252535,4816405
253249,1176860
253249,6557769
253249,15014373
253982,1546753
254828,1171997
254828,6311268
254828,15368025
254828,51907152
255385,169643837
255687,1403326
255687,4758164
255687,4860762
255687,7934112
256080,259455
256080,363229
256080,455796
256080,1191615
256080,1479842
256080,5335252
256080,5542343
256080,6545727
256080,9430902
256080,11026886
256080,12920049
256080,13152245
256080,13755123
256080,13790723
256080,14659541
256080,51968652
256080,52937632
256080,68553672
256080,111130212
256080,148696602
256207,358580
256207,393600
256207,874884
256207,1530943
256207,3542201
256207,4414006
256207,5159425
256207,7583722
256207,7966600
256207,7979540
256207,8422672
256207,8986600
256207,9844398
256207,9896010
256207,10816636
256207,13252291
256207,14004075
256207,14539467
256207,61384072
256207,80365122
256207,101282642
256207,153152092
256207,197607707
256207,212949977
256207,216346095
256270,264313
256270,362764
256270,364582
256270,373974
256270,423066
256270,1643574
256270,1644275
256270,1646315
256270,4456001
256270,4833358
256270,5385790
256270,5417614
256270,9803116
256270,12710203
256681,378392
256681,4087782
256681,5593078
256681,5594859
256681,9134960
256681,11026886
256681,12920049
256681,13554009
256681,14626539
256681,49569672
256681,52937632
256681,115427322
256681,148696602
257128,367387
257128,1113629
257890,873890
258846,277491
258846,298968
258846,332318
258846,1626113
258846,76053262
259131,1035779
259131,5203250
259131,5306539
259131,64927672
259455,259729
259455,1002485
259455,1211141
259455,1270444
259455,1479842
259455,1670355
259455,3638541
259455,4087782
259455,4448630
259455,4842061
259455,5542343
259455,8873540
259455,9134324
259455,9134960
259455,10695573
259455,10792606
259455,11026886
259455,13152245
259455,13645509
259455,13962203
259455,52463032
259455,53325902
259455,54184972
259467,604107
259467,4429712
259467,4944278
259467,8873540
259569,388973
259569,1473902
259569,4429712
259569,4803754
259569,5144502
259569,5771489
259569,9134324
259569,10695573
259569,49569672
259729,261065
259729,1191615
259729,1479842
259729,4087782
259729,4429712
259729,4486020
259729,4494623
259729,4842061
259729,4907510
259729,4961934
259729,5593078
259729,7140333
259729,7459268
259729,7637436
259729,7853018
259729,8873540
259729,9687690
259729,10102172
259729,10695573
259729,11026886
259729,12526056
259729,13554009
259729,63519802
259729,101739872
259729,162070292
259729,172662567
259729,220540115
259767,4106348
260084,460250
260223,13918541
261065,604395
261065,1191615
261065,4051448
261065,4365815
261065,4429712
261065,4842061
261065,5241750
261065,6545727
261065,7853018
261065,9134960
261065,10189104
261065,12082994
261065,12490752
261065,12920049
261065,13554009
261065,14713007
261065,52049272
261065,63519802
261065,65303292
261065,67211132
261065,80268952
261065,205310057
261065,263307171
261212,808980
261565,5866223
261965,306898
261965,406688
261965,1424821
261965,4707030
261965,4860761
261965,5130634
261965,8058039
261965,11070000
262271,282918
262271,293767
262271,306898
262271,310557
262271,365921
262271,368033
262271,369408
262271,379558
262271,385029
262271,404049
262271,426684
262271,471208
262271,534771
262271,535396
262271,661247
262271,789285
262271,1154611
262271,1188758
262271,1353172
262271,1353625
262271,1429841
262271,1645365
262271,1967481
262271,2829671
262271,3603231
262271,3968561
262271,4104899
262271,4420429
262271,4606572
262271,5068032
262271,5118016
262271,5266156
262271,5355950
262271,5565220
262271,5653273
262271,5912409
262271,8058039
262271,8185084
262271,15065941
262271,160138282
262460,4782876
262717,10010270
262833,282118
262833,315576
262833,446167
262833,1097709
262833,1545148
262833,4397349
262833,4428155
262833,4456001
262833,4456031
262833,4934012
262833,5055625
262833,5138079
262833,6705395
262833,7140333
262833,7892860
262833,8222632
262833,8642302
262833,11242224
262833,70050122
263048,306898
263048,368033
263048,404049
263048,541399
263048,882996
263048,1188758
263048,3859631
263048,4104927
263731,362764
263731,1264080
263731,4448284
263731,5200697
263731,5417614
263731,5566782
263731,7746050
263731,61145262
263731,73171372
263731,114802912
263731,135512622
263731,145336382
264058,649545
264058,1059594
264058,1582728
264058,3376761
264058,4951751
264058,5215136
264058,5286414
264058,5416732
264058,5498687
264058,7626764
264058,8675234
264058,13252291
264313,373974
264313,12515948
264313,49283392
264758,554577
265175,350042
265175,614223
265175,671073
265175,1020198
265175,1078812
265175,1350345
265175,1401504
265175,1424602
265175,1592801
265175,4860761
265175,5116665
265175,6004048
265175,6043160
265175,8945638
265175,11025346
265175,11559031
265175,12268072
265175,12588946
265175,95873492
265175,139171932
265756,5266156
265914,525046
265914,812409
265914,1155002
265914,5531258
265914,6474027
266598,6895251
266598,13121157
266598,14161851
266598,50633822
269769,320162
269769,329951
269769,363049
269769,363051
269769,364665
269769,1273729
269769,1595755
269769,6514883
269769,9092188
269769,49197782
269973,379495
269973,1611694
271530,1626147
271715,310264
271715,5532315
271920,271938
271920,535396
271920,535490
271920,1188758
271920,2471181
271922,271938
271922,282118
271922,282918
271922,306898
271922,310557
271922,661247
271922,4445699
271922,5570870
271922,9851680
271922,10799102
271938,306898
271938,535396
271938,535490
271938,2471181
272654,279489
272654,4902904
272654,4937383
272654,4951751
272654,5844239
272654,6998083
272654,7208392
272654,8310400
272654,8613614
272654,9334770
272654,9480512
272654,9896010
272654,10816636
272654,11815065
272654,12029862
272654,12816283
272654,13571283
272654,15304117
272654,54047652
272654,56133072
272654,66031652
274361,1702209
274361,4986093
274361,6511779
274361,7068753
274361,7068771
274361,10989694
274361,54838802
274361,152317532
274361,264261321
274393,788737
274393,4028765
274393,4414006
274393,4973602
274393,14858167
274393,50683152
274673,281306
275373,2577241
275373,7010729
275668,372781
275668,1052497
275743,5424025
276228,1271346
276228,4448284
276228,4555032
276228,5061199
276228,6705395
276228,8629022
276228,11416128
276228,14603115
276228,14658687
276228,14950027
277491,332318
277491,985109
277491,1424821
277491,4707030
277491,4993003
277650,3559721
278029,5542423
278418,1654286
278529,1141019
278529,1678249
278529,3972081
278529,4799777
278529,5967050
278744,807606
278828,311279
278828,3970231
278828,3970311
278828,5139444
278828,63515642
279489,350987
279489,439641
279489,468783
279489,3542201
279489,4698748
279489,5266156
279489,11569041
280294,1352674
280627,398476
280627,1198612
280636,1335085
280636,49197782
280640,1533472
280640,1587666
280640,7608832
281011,788737
281011,4814134
281011,5531419
281011,12944237
281011,14718485
281011,14803977
281161,1644275
281161,1646315
281161,12710203
281161,68337772
281161,132937152
281306,306898
281306,310557
281306,365921
281306,3968561
281306,4777520
281306,8058039
281509,4453455
281509,5595093
281561,1154611
281561,1682197
281561,1701774
281561,5898689
281561,11050630
281561,13895003
281661,1444643
281661,5150231
281672,298007
281672,543155
281672,1651825
282118,362326
282118,482758
282118,565873
282118,4333887
282118,4338602
282118,4390053
282118,4652821
282118,4674484
282118,5150231
282118,5259966
282118,12350516
282118,14779157
282361,291834
282361,292263
282361,306898
282361,393495
282612,1470508
282918,306898
282918,310557
282918,324006
282918,404049
282918,661247
282918,789285
282918,1353172
282918,1365282
282918,1465570
282918,1645365
282918,2829671
282918,4445699
282918,4463649
282918,4757864
282918,4777520
282918,5565220
283018,358748
283018,401577
283018,404049
283018,440111
283018,470799
283018,1018038
283018,1188758
283018,4633500
283018,4902820
283018,5355950
283018,8911470
286511,1562640
286540,6139768
288092,5062414
288166,304545
288166,384236
288166,525643
288166,1547598
288166,1562681
288166,3933641
288166,4860761
288166,5112746
288166,5531258
288166,5962948
288166,9635624
288166,13878655
288166,14482665
288166,51204222
288166,59936352
288252,324006
288252,365921
288252,661247
288252,894511
288252,998013
288252,1155426
288252,1353625
288252,1429841
288252,3972081
288252,4494623
288252,4606572
288252,5115600
288252,5264544
288252,5439470
288252,5821103
288252,6557769
288252,8119849
288296,383528
288296,1545148
289099,4244987
289270,461402
289768,391474
290503,365664
290503,616943
290503,4400138
290503,4951751
290619,293767
290619,405736
290619,1093616
290619,1211141
290619,1511979
290619,1516162
290619,3830821
290619,5866223
291325,432022
291325,563707
291325,5822699
291325,10032770
291834,4330987
291843,350951
292185,294631
292185,482758
292185,887565
292185,1547598
292185,4023815
292185,4768753
292185,5259966
292185,7890702
292185,9096522
292185,9635624
292185,12133088
292185,58568762
292185,64874492
292217,382937
292263,306898
292263,393495
292263,1321900
292949,1236609
292949,1270444
292949,1479842
292949,5335252
292949,5594859
292949,5617685
292949,6545727
292949,7365500
292949,7602544
292949,9281246
292949,10695573
292949,11026886
292949,11884111
292949,13152245
292949,13918545
292949,15063429
292949,117914082
292949,121672292
292949,132179322
292949,162070292
292949,184573357
292949,344313291
293585,368033
293585,1622015
293585,1678249
293585,4768753
293585,5306539
293585,8058039
293585,10349386
293585,12350516
293767,7358224
294464,614223
294464,649545
294464,788737
294464,3215231
294464,4606399
294464,4999707
294464,6004048
294464,6514883
294464,13299379
294464,14539467
294464,50657232
294464,58568762
294912,1701387
295413,459471
295413,1666381
295413,1666423
295413,4532335
295413,5194254
295413,5241985
295413,5244855
295413,10003428
295413,13287593
295413,13470123
295413,14928241
295822,390251
295822,1150405
295822,5038261
295822,9062752
296520,378751
296520,4429712
296520,9687690
296520,12422192
297440,68780232
297757,64437072
297983,1551656
297983,6693037
298007,363051
298007,649545
298007,1104730
298143,362606
298143,362980
298705,309998
298705,378313
298705,391474
298968,332318
299718,365797
299718,1395300
299718,2281211
299718,3744641
299718,3933641
299718,4025419
299718,7548984
304435,469114
304435,471578
304435,3867351
304435,14588939
304435,50033982
304545,382937
304545,469671
304545,482758
304545,1154611
304545,1353625
304545,1611773
304545,2454271
304545,3700221
304545,3841221
304545,4674484
304545,4768753
304545,4860761
304545,4937383
304545,5036569
304545,5237400
304545,5575105
304545,5578942
304545,7890702
304545,8403196
304545,11050630
304545,12588946
304545,12816021
304545,13641829
304545,58447102
304545,101282642
304665,1666381
304669,13470123
305566,389038
305566,1355105
305566,1462393
305566,2169401
305566,3574561
305566,5210092
305566,5254940
305566,8354140
305566,10448666
305566,54647592
305566,70263012
305566,111130212
305582,487286
306898,310557
306898,358748
306898,368033
306898,379558
306898,385076
306898,393495
306898,404049
306898,440111
306898,471208
306898,535490
306898,541399
306898,541764
306898,661247
306898,789285
306898,812093
306898,869216
306898,1181339
306898,1188758
306898,1189631
306898,1353625
306898,1365282
306898,1473166
306898,1607214
306898,1629859
306898,1645365
306898,1967481
306898,2075241
306898,2853441
306898,3265001
306898,3542201
306898,3899911
306898,4082148
306898,4122540
306898,4239461
306898,4315395
306898,4463649
306898,4606572
306898,4860761
306898,4886703
306898,5327935
306898,5355950
306898,5565220
307151,363472
307151,1689466
307151,2169401
307151,4532513
307151,5254940
307151,5617908
307151,9602094
307151,10194296
307151,10448666
307151,12632197
307151,109918562
307450,1582728
307677,2005781
309326,1541592
309998,378313
309998,391474
309998,405871
309998,406144
310260,563816
310260,4103977
310260,5382747
310260,7402526
310260,9236850
310557,324006
310557,337770
310557,365921
310557,368033
310557,378294
310557,379186
310557,379558
310557,426684
310557,470349
310557,471208
310557,535396
310557,541782
310557,614223
310557,661247
310557,789285
310557,891621
310557,961592
310557,1200692
310557,1424602
310557,1429841
310557,1645365
310557,1967481
310557,2005781
310557,2252591
310557,2831401
310557,3265001
310557,3542201
310557,3603231
310557,4028765
310557,4104899
310557,4463649
310557,4794265
310557,4860761
310557,4999707
310557,5068032
310557,5355950
310557,5501870
310557,5650964
310557,5844239
310557,7371074
310557,7627172
310557,9759672
310557,10433448
310557,10816636
310557,11934257
310557,12785693
310557,14063641
310557,15065941
310557,15304117
310557,50030162
310557,101282642
311279,1419381
311279,3970231
311279,5139444
311279,5254940
311279,63515642
311503,1200692
311503,10725097
311820,338654
311820,1429841
311820,1948791
311820,4677655
311820,4768753
311820,5306539
311820,5462679
311820,7627172
311820,7803478
311820,14456487
311820,14890083
312131,362764
312131,4456001
312131,5095768
314726,364262
314726,364582
314726,469774
314726,1191478
314726,1209354
314726,4397349
314726,10581575
314726,77157522
314746,464904
314746,1401723
314746,4456001
314746,5314600
314746,5500771
314746,5832280
314746,6756253
314746,7317188
314746,7674918
314746,8208130
314746,8318074
314746,9910102
314746,10919746
314746,11583689
314746,84292982
314746,114802912
314746,135512622
314749,1264078
314749,1295112
314749,7674918
314777,5288900
314870,4649104
314870,9262400
314870,11050630
314870,48947801
315030,5111084
315030,5838830
315030,6933055
315030,10147346
315031,1000798
315031,4719704
315031,5095768
315031,5114288
315031,7746050
315031,7833984
315041,4688569
315041,4855945
315041,13806415
315041,14549479
315041,45663272
315082,362764
315082,373974
315082,379496
315082,457763
315082,1361029
315082,1644275
315082,3126151
315082,5417614
315082,6854825
315082,13515845
315082,54330242
315576,423066
315576,1295112
315576,1541592
315576,1644275
315576,5417614
315576,61145262
315576,73171372
315576,122123672
315576,135512622
315735,379496
315735,464921
315735,1541592
315735,3881631
315735,6511779
315735,6516471
315735,8344528
315735,10633657
315735,10989694
315735,11513017
315735,122123672
315735,123053672
315735,264261321
317422,1035779
318673,406623
320004,517429
320004,534771
320004,614223
320004,1481097
320004,3826021
320004,3899911
320004,4047903
320004,4606399
320004,4698748
320004,5266156
320004,6397900
320004,7718756
320004,9759672
320004,11443084
320004,11559031
320004,14343187
320004,14588939
320004,50657232
320162,320165
320162,14858167
320165,382452
320206,1541592
320206,7068753
320206,61145262
320399,10502405
321803,321805
321803,1388945
323311,455775
323311,604107
323311,1412711
323311,4429712
323311,4448630
323311,5542343
323311,9134960
323311,9615244
323311,9976422
323311,10930872
323311,11026886
323311,11584555
323311,13554009
323311,13790723
323311,14341205
323311,14621667
323311,51968652
323311,80268952
323311,101739872
323311,127314642
323311,239541711
323533,1402496
324006,337770
324006,379558
324006,385029
324006,471208
324006,789285
324006,1429841
324006,1465570
324006,1563470
324006,1622015
324006,3603231
324006,4108232
324006,5565220
324006,5967050
324006,7803478
324006,9851680
324006,9916160
324006,10052642
324302,7610132
324302,9896010
324302,85216072
324415,416072
324415,1530946
324415,1595770
324415,4448489
324415,9896010
324922,415645
324922,988686
324922,4549214
324922,4950687
324922,7716640
324922,9262400
324922,13658563
325189,347202
326042,614223
326042,894266
326042,1078812
326042,1217914
326042,1265358
326042,4893530
326042,5639048
326042,5844239
326042,6397900
326042,7511588
326042,7961888
326042,9334770
326042,9472712
326042,9945206
326042,10583405
326042,11025346
326042,11342468
326042,12029862
326042,12268072
326042,13209035
326042,56133072
326042,101706332
326042,105047672
326481,7402526
327360,13143283
327360,13152245
327360,13566145
327360,13569769
327360,14235001
329951,1595770
330512,367387
330512,1319892
330512,1338623
330512,5857184
330512,8323782
331851,1373920
332318,1197801
334496,8354140
336440,76053262
336964,347209
336964,1335085
336964,1402487
336964,3867351
336964,7645452
336964,14343187
336964,50657232
337770,362326
337770,534771
337770,661247
337770,1538640
337770,2005781
337770,3968561
337770,4492087
337770,5276754
337770,7358224
337770,7508018
337770,7803478
337770,7890702
337770,13611425
338654,113547672
339209,400934
339209,483061
339209,1518490
339209,3977201
339209,5478691
339209,5942214
339209,9776678
342125,11494990
342437,1353625
342437,10372222
342437,52463032
342673,1498442
342673,4664074
342673,5303588
342673,5387361
342673,5387368
342673,6077584
342673,11325026
342673,12759119
343074,349907
343290,384236
343290,8706544
343656,3559721
343926,363051
345052,351586
345052,436233
345052,2454271
345052,4516100
345052,7295534
345052,10375188
345055,1255983
345055,1530943
345055,1595770
345055,5284515
345055,9896010
345059,7202320
345061,6763239
345061,9092188
347202,347209
347202,1402487
347209,3867351
347253,8426034
347253,142875392
349907,788737
350042,614223
350042,1255448
350042,1611773
350042,3674121
350042,4649104
350042,5849210
351553,4813087
351553,5738632
351553,7269112
351553,14780015
351586,1577166
351586,11050630
352219,402158
352219,4811152
352219,10668131
352681,10668885
352681,68078472
353076,3561671
353076,4099751
353076,4979472
353076,8087921
354247,1649413
354247,4523594
354661,1199771
354661,1544711
355598,1326683
355598,4814134
355598,7979540
355889,355895
355889,1326683
355889,7979540
355895,1326683
355895,6763239
355895,9041042
358580,363109
358580,4333891
358580,6998083
358580,9480512
358580,11443084
358580,12098828
358748,368033
358748,404049
358748,440111
358748,470799
358748,541399
358748,1188758
358748,4886703
358748,4999707
358748,5967050
359917,4034200
361382,14491939
361398,3265001
361476,567442
361476,1377312
361639,379486
361639,379495
361639,379496
361639,439641
361639,1264078
361639,3126151
361639,5200697
361639,5417614
361639,5832280
361639,7674918
361639,8288582
361639,10919746
361639,11242224
361639,68221232
361639,83322832
361639,123053672
361639,131216322
361646,4068342
361660,5215136
361660,5284515
361660,48947801
362326,409796
362326,416239
362326,436233
362326,525046
362326,827425
362326,1352692
362326,1403694
362326,1429841
362326,1547598
362326,4459894
362326,4768753
362326,4860761
362326,5000503
362326,5340439
362326,5531258
362326,7890702
362326,9635624
362326,10375188
362326,12549876
362326,12558830
362326,12816021
362326,13817211
362326,110616822
362606,362980
362764,373974
362764,423066
362764,444082
362764,533645
362764,533912
362764,656542
362764,1561230
362764,1643574
362764,1644275
362764,1646314
362764,1646315
362764,4397349
362764,4833358
362764,5135133
362764,5228133
362764,5417614
362764,5423737
362764,5832280
362764,5918943
362764,5931809
362764,7068753
362764,7351232
362764,9803116
362764,9848068
362764,10935332
362764,10962664
362764,11242224
362764,11268268
362764,12710203
362764,48634472
362764,54330242
362764,68221232
362764,69708032
362764,70050122
362764,114802912
362764,131216322
362764,132937152
362980,3431371
363049,416072
363049,1402496
363051,985302
363102,7610132
363112,1273729
363112,4414006
363112,5552795
363112,8986600
363112,12496222
363112,14004075
363112,14732955
363112,14733833
363112,175914017
363114,1195000
363114,1530943
363114,4084280
363114,14004075
363114,14803977
363115,8986600
363115,14004075
363128,14004075
363229,1164298
363229,1191615
363229,4429712
363229,4842061
363229,5593078
363229,6672406
363229,12490752
363229,14652473
363229,80449002
363229,111130212
363472,472089
363472,807606
363472,1316607
363472,4532513
363472,4795960
363472,5012145
363472,5095703
363472,6855525
363472,9602094
363472,10877418
363472,12082994
363472,13124535
363472,53049432
363472,111130212
364262,1191478
364262,1644275
364262,4033307
364262,4068342
364262,4488458
364262,4833358
364262,9848068
364262,10113612
364262,11581389
364262,12406950
364582,373974
364582,398961
364582,457763
364582,1271439
364582,1545148
364582,1644275
364582,4244787
364582,4397349
364582,4637777
364582,4803606
364582,4854551
364582,4928598
364582,4934012
364582,5095768
364582,5138948
364582,5385790
364582,5417614
364582,5817388
364582,5851984
364582,5895822
364582,5918943
364582,6705395
364582,6992997
364582,7317188
364582,7541776
364582,8121175
364582,8125513
364582,8125553
364582,8278422
364582,8403120
364582,8403196
364582,8642302
364582,9580552
364582,9803116
364582,10286020
364582,10581575
364582,10640291
364582,11122456
364582,11242224
364582,11270172
364582,11666599
364582,11891997
364582,12379646
364582,12406950
364582,12515948
364582,12610223
364582,12628099
364582,12952755
364582,13097199
364582,13416889
364582,14018307
364582,14333907
364582,14520277
364582,45663272
364582,49135961
364582,49259572
364582,50258612
364582,51018902
364582,51512592
364582,52941522
364582,65501912
364582,67853702
364582,69708032
364582,72325102
364582,112522052
364582,114802912
364582,219083485
364905,788737
364905,1592801
365664,1547598
365664,4033307
365664,4649104
365664,4768753
365797,1395300
365797,2281211
365797,5259966
365921,368033
365921,534771
365921,1154611
365921,1607214
365921,4757864
367387,398521
367387,498918
367387,1180218
367387,1319892
367387,1518490
367387,1611773
367387,3561671
367387,3972081
367387,4438587
367387,4860761
367387,4968870
367387,7200950
367387,7260670
367387,7371096
367387,7627172
367387,7803478
367387,8323782
367387,10385666
367387,10807780
367387,11934257
367387,55158992
367452,1412736
367452,5182572
367452,5618818
367452,6806885
367452,13810261
367452,61986342
367452,107382742
367452,142875392
368033,385029
368033,404049
368033,409717
368033,464123
368033,541399
368033,661247
368033,789285
368033,1249649
368033,1353625
368033,1484833
368033,1678249
368033,1707587
368033,2075241
368033,3968561
368033,4082148
368033,4315395
368033,4463649
368033,5306539
368033,5466281
368033,7358224
369105,1228100
369202,1498442
369202,5303588
369408,407188
369408,661247
369408,1678249
369408,3968561
369408,4104899
369408,5245171
369408,8119849
370900,5230088
370902,393600
370902,1530943
370902,1595770
370902,9095678
370902,175914017
372175,5595093
372244,398298
372244,5480053
372617,1049379
372635,1658572
372635,12632197
372781,666244
372781,1678249
372781,2699221
372781,4492087
372781,5866223
373915,6718107
373917,1402496
373924,1530946
373924,7610132
373924,11419724
373924,14004075
373924,85216072
373974,495929
373974,1643574
373974,1644275
373974,1646314
373974,1646315
373974,3029951
373974,4107425
373974,4317603
373974,4397349
373974,4456001
373974,5114288
373974,5385790
373974,5417614
373974,5423737
373974,6705395
373974,7068753
373974,8112331
373974,8403120
373974,10989694
373974,12710203
373974,14549479
373974,48634472
373974,54330242
373974,61145262
373974,68337772
373974,69708032
373974,70050122
373974,91717162
373974,114802912
373974,131216322
377827,1546753
377827,5509507
377827,7548984
377827,8657430
377827,55158992
377827,61061602
377961,9134324
377961,10930872
377961,127314642
378294,1189631
378294,1494500
378294,1948791
378294,3542201
378751,5837720
378751,5947658
378751,11142002
379167,1353625
379186,9761322
379465,1498430
379465,1498442
379465,5303588
379465,10413716
379465,12759119
379486,380955
379486,1541592
379486,1644275
379486,5290696
379486,5566782
379486,5910045
379486,12515948
379486,51018902
379486,131216322
379495,464904
379495,1263295
379495,1533492
379495,1541592
379495,4397349
379495,5832280
379495,5910045
379495,12208250
379495,54838802
379495,73171372
379495,123053672
379495,129085752
379495,131216322
379496,3881631
379496,7068753
379496,7674918
379496,11242224
379496,123053672
379496,131216322
379558,789285
379558,1181339
379558,1353625
379558,1429841
379558,3542201
379558,4445699
379558,4860761
379558,7358224
379558,8185084
380362,12668305
380955,788737
380955,1074021
380955,1272674
380955,1611773
380955,2829671
380955,4606399
380955,7583722
380955,9759672
380955,13028375
380955,14343187
380955,14393427
380955,15157479
382369,460511
382369,469715
382369,1273498
382369,4719704
382369,7299518
382369,7746050
382452,15265565
382937,398521
382937,614223
382937,985109
382937,1113629
382937,1424602
382937,3561671
382937,4341930
382937,4652821
382937,5147523
382937,5297021
382937,5578942
382937,11116250
382937,11279454
382937,13124535
382937,14456487
382937,49825112
382937,102426952
383528,1201214
383528,2855621
383528,4656861
383528,48765861
384236,429675
384236,1412564
384236,3265001
384236,3968561
384236,4495513
384236,4860761
384236,5068032
384236,5835993
384236,9236850
384236,12637039
384236,14181947
384236,15190997
385029,1181339
385029,4782876
385029,8480288
385029,9916160
385029,10052642
385076,1365282
385076,1645365
385076,2075241
385076,3542201
386709,10589263
386709,11032458
386709,13622973
388973,455796
388973,4428187
388973,4428188
388973,4907510
388973,5013120
388973,7607976
388973,9134324
388973,9709594
388973,10147346
388973,10452069
388973,10695573
388973,13682095
388973,13755123
388973,14235001
388973,14621667
388973,52463032
388973,222898665
389038,1053812
389038,1550629
389038,1575905
389038,5264544
389038,8354140
389038,12082994
389038,54647592
389038,72272502
390032,10666535
390174,409796
390174,1682197
390174,7371096
390183,4740968
390200,887535
390200,1164295
390200,5328540
390251,470413
390251,838872
390251,887541
390251,1144978
390251,1150405
390251,1352049
390251,5038261
390251,5159122
390251,9062752
390742,14342837
391144,85216072
391474,5835993
391564,3867351
391993,495019
391993,614223
391993,4988391
391993,5159122
391993,9062752
392180,402158
392180,4452092
393328,394387
393328,483706
393469,1353625
393469,1412045
393469,7358224
393495,398333
393495,416021
393495,525643
393495,666244
393495,3859631
393495,4740968
393541,1198612
393541,1534419
393541,2110321
393541,5062414
393596,482539
393596,1701387
393600,14004075
394387,483706
394387,1412045
394387,2675741
394387,4832422
394387,13658563
394387,51554562
395989,441447
395989,573089
395989,1626459
395989,2263591
396349,988686
396351,5095554
397164,1631262
397164,1658572
397164,4993003
397164,5306539
397164,5650964
398333,406688
398333,407884
398333,441447
398333,487286
398333,525643
398333,573089
398333,1481809
398333,1544711
398333,1626459
398333,2263591
398333,2552611
398333,3859631
398333,4740968
398333,5424025
398333,7295534
398521,490419
398521,498918
398521,1180218
398521,1590752
398521,3972081
398521,3977201
398521,4050205
398521,4344192
398521,4420429
398521,5059044
398521,5942214
398521,6853403
398521,9089666
398521,12096038
398521,12816021
398521,13130577
398521,59691632
398769,525619
398769,4452092
398961,1107447
398961,4448284
398961,4545763
398961,4698748
398961,5049074
398961,5053940
398961,5138948
398961,5409787
398961,5417614
398961,5423737
398961,5454687
398961,5895822
398961,6755467
398961,6992997
398961,7468790
398961,7745888
398961,8314106
398961,8403196
398961,10286020
398961,11626663
398961,12710203
398961,12952755
398961,13025953
398961,13139755
398961,13686667
398961,14736915
398961,45663272
398961,50258612
398961,65501912
398961,66952022
399092,666244
399092,2831401
399689,6303698
399990,4746199
399990,11819131
399990,14539467
400934,577666
400934,1412564
400934,1424265
400934,9197980
400967,428405
401120,1443471
401120,2699221
401120,4902820
401120,8911470
402712,4768753
403152,4533495
403781,9985838
404049,426684
404049,440111
404049,470799
404049,661247
404049,789285
404049,1032901
404049,1188758
404049,1353172
404049,1353625
404049,1365282
404049,1465570
404049,1967481
404049,4445699
404049,4606572
404049,5355950
404049,5565220
404049,7508018
404672,1229678
404672,1670355
404672,5241750
404672,7637436
404672,10472833
404672,10725097
404672,49569672
404672,64374872
405011,5230088
405011,7966600
405736,1093616
405736,1511979
405736,3830821
406623,1005185
406623,6551913
406688,413051
406688,810507
407188,541764
407188,4050205
407188,76053262
407884,487286
409717,1176860
409717,7508018
409796,805948
409796,1035779
409796,1097709
409796,1164295
409796,1198612
409796,1443471
409796,4771546
409796,5603027
409796,6474027
410734,613934
410734,891621
410734,1518490
410734,125722472
411572,575796
411572,49096741
411803,1198612
413051,796051
413596,3826021
413596,9089666
413596,55158992
413596,117111442
415645,541764
415645,7805012
415645,13612387
415645,13923487
416021,487286
416072,1255983
416072,4400189
416072,5266156
416072,9092188
416072,11513259
416239,510086
416239,563816
416239,988686
416239,4768753
416239,7402526
416239,8409650
416239,57203182
419254,7841120
419254,9096522
419254,12668305
423066,533645
423066,1644275
423066,1646315
423066,3126151
423066,4397349
423066,6693037
423066,7068771
423066,68337772
423066,70050122
423066,73171372
426684,1353172
426684,1353625
426684,1465570
426684,1967481
427690,436233
428405,807296
428405,3902981
428675,613934
428675,1037707
428675,1948791
428675,4492087
428675,4549214
428675,11934257
428675,59936352
429675,6474027
429675,9064930
429675,15299377
429675,126335112
431322,614223
431322,1401504
432022,644946
432022,2281211
432022,3744641
432022,3933641
432022,3972081
432022,8909272
432022,9386320
432022,9444014
432022,15103965
432022,76053262
432809,4855957
432809,132937152
434722,5331963
436163,483061
436163,14486481
436233,1097709
436233,4333887
436233,4400138
436233,5145341
436233,5245171
436233,5791247
436233,5898689
436233,6396188
436233,10318770
436233,11070000
436733,11584555
436733,14652473
436733,101739872
438567,1275238
439641,788737
440111,470799
440111,1188758
440111,3859631
440111,5355950
440111,5570870
441183,72081862
441447,2263591
441447,2910061
444082,4448284
444082,4688569
444082,5138079
444082,8112331
446167,1258512
446167,1294975
446167,1593210
447246,614246
447246,712271
447246,1402487
447246,1413553
447246,50657232
447424,1260848
448758,616908
448758,3215231
449183,5330516
449183,7934112
451940,2577251
451940,13152245
451940,13569769
451940,14235001
455121,498301
455121,10147346
455121,15063429
455177,455775
455177,455796
455177,5542343
455177,7459270
455177,10032770
455177,10695573
455177,11884111
455177,13622973
455177,74514052
455177,101739872
455177,123033132
455775,14103363
455775,123033132
455775,162070292
455796,4961934
455796,4986771
455796,5288900
455796,5594859
455796,6545727
455796,7459268
455796,7459270
455796,8873540
455796,9709594
455796,9976422
455796,10264540
455796,11026886
455796,11736133
455796,11884111
455796,12218918
455796,13554009
455796,13645509
455796,13790723
455796,13918545
455796,14240131
455796,14447309
455796,14587923
455796,14621667
455796,51968652
455796,52463032
455796,52937632
455796,55877602
455796,62566972
455796,64374872
455796,80268952
455796,85082932
455796,93114652
455796,109312472
455796,123033132
455796,184573357
455796,239541711
457763,1020198
457763,1200765
457763,1335085
457763,1592801
457763,2855621
457763,4542250
457763,4812795
457763,5266156
457763,5423737
457763,5524597
457763,5526627
457763,5918943
457763,8310400
457763,9596260
457763,9871180
457763,10257238
457763,10628057
457763,12406950
457763,12944237
457763,48765861
457763,101706332
458187,1335085
459578,6006756
460115,649545
460250,1198500
460250,1424602
460250,4523594
460250,4758164
460250,5330516
460250,7934112
460250,7979540
460250,8310400
461124,1232997
461124,2531001
461124,5287882
461124,13806415
461402,5355950
463999,4951751
463999,6661704
463999,9334770
463999,10816636
463999,13571283
463999,13905711
463999,73101792
464123,1188009
464123,1473166
464123,4463649
464904,464921
464904,1264080
464904,1361029
464904,1384388
464904,1692465
464904,3126151
464904,4039193
464904,4317603
464904,4664074
464904,5200697
464904,5895828
464904,5910045
464904,6511779
464904,6516471
464904,7068753
464904,7674918
464904,7810466
464904,10633657
464904,10989694
464904,11242224
464904,11848371
464904,12383494
464904,12515948
464904,13515845
464904,14161851
464904,54838802
464904,61145262
464904,131216322
464904,152317532
464913,4194972
464913,8659952
464913,127637852
464921,1533492
464921,3881631
464921,4600065
464921,4752659
464921,6516471
464921,8145492
464921,10633657
464921,10919746
464921,12515948
464921,61145262
466533,1264382
466533,11554743
468074,2471181
468724,5424025
468743,1260848
468743,1262819
468743,1648978
468743,4023522
468743,4789658
468743,5072456
468743,5103432
468743,5569112
468743,7135679
468783,1032511
468783,1104730
468783,1530943
468783,4038501
468783,4330924
468783,4951751
468783,5552795
468783,5844239
468783,7792810
468783,9095678
468783,10816636
468783,14004075
468783,14858167
468783,101282642
469114,6052318
469114,10632397
469114,14732955
469114,50683152
469333,4532335
469333,10003428
469333,14414849
469459,11153426
469671,810507
469671,1154611
469671,1371731
469671,4438587
469671,4902904
469671,4989034
469671,5603027
469671,6853403
469671,8114447
469671,8409650
469671,9776678
469671,13641829
469683,1646315
469683,4068342
469683,4545763
469683,5798710
469683,5817388
469683,8121175
469683,9708982
469683,12406950
469683,51512592
469715,712271
469715,63635752
469715,135512622
469774,1236547
469774,5072456
469774,7746050
469886,4252576
469886,6661704
469886,7269112
469886,8675234
469886,9756660
469886,10632397
469886,14732955
469886,14780015
470349,1563138
470349,2690681
470349,3779331
470349,4677655
470413,1315400
470413,1412045
470413,4023522
470413,5159122
470413,5245244
470799,1188758
470799,4886703
470802,1271439
470802,1654619
471189,4623881
471189,5855659
471208,661247
471208,1199771
471208,3968561
471208,4104899
471208,4420429
471208,5118016
471208,9710684
471578,3867351
471578,10816636
471578,11554743
471578,14588939
472089,3574681
472089,4795960
472089,5012145
472353,472354
472353,5116665
472353,7047219
472353,7988922
477348,478534
477348,756528
477348,1211141
478534,4042249
481216,4865554
481216,9877358
481216,10003428
482758,666244
482758,1209072
482758,2552611
482758,4677655
482758,4860761
482758,4937383
482758,5145341
482758,6474027
482758,6853403
482758,7627172
482758,7890702
482758,12133152
482758,12816021
482758,13200787
482758,13631667
482758,13641829
482758,13874291
482758,14980207
482758,51305922
482758,145068682
483061,1155002
483061,1188758
483061,4738512
483061,5898689
483061,8791550
483061,9444014
483582,10147346
487286,1544711
487286,7890702
490419,5306539
490419,5523632
490454,1678249
490454,4799777
491128,1015532
491128,1561012
491128,1591785
491128,4789436
491128,5253492
491128,10343516
491128,11665341
491128,51907152
491128,65699042
491128,130125652
492372,4901462
492716,1660131
492716,5210092
492716,5719412
492716,8650570
492716,52281412
494518,4719704
494518,5114288
494518,7746050
494518,9916160
494525,11581389
494525,14639121
494525,57548052
495019,1623261
495889,9362346
495929,12710203
495929,69708032
496709,5462679
498918,1590752
498918,4962010
498918,9776678
498918,11363014
498918,13641829
498918,68294032
507896,6396188
507896,8354140
507896,9444014
507896,9811408
507896,12632197
507896,14181947
507896,14342837
507896,87033922
508566,4870563
510086,2110321
510086,4651129
510086,4794268
510086,9871180
513721,6397900
513721,7688746
515697,13658563
516265,1116539
516265,1294975
516265,4390053
516265,5175588
516265,5409787
516265,8222632
516265,11301722
516265,50633822
516265,73171372
516265,141153212
516265,143895072
516830,10502405
517429,614223
517429,1166311
517429,1424602
517429,1568566
517429,1611773
517429,4649104
517429,5266156
517429,5536564
517429,5639048
517429,5942214
517429,8310400
517429,8613614
517429,9477752
517429,9480512
517429,10583405
517429,11342468
517429,11559031
517429,12029862
517429,12098828
517429,14343187
517429,14393427
517429,14718485
517429,49197782
517429,49364062
517429,56133072
517536,4051519
517536,6998083
517536,7718756
517536,12360448
517536,12487862
517536,13529333
517536,13744631
517536,14588939
519838,9092188
522136,3542201
524820,1072674
524820,4448485
524820,5245183
525046,525643
525046,1057597
525046,1155002
525046,4037971
525046,4050205
525046,5531258
525046,9945222
525046,48947681
525343,894266
525343,1195000
525343,1198500
525343,1373920
525343,1424602
525343,2829671
525343,4860762
525343,7201102
525343,7327640
525343,8642854
525343,11559031
525343,14539467
525343,50683152
525343,61094422
525457,104184072
525619,1443471
525619,4578590
525643,666244
525643,1198612
525643,4025419
525643,4438587
525643,4495513
525643,4860761
525643,5150231
525643,6699381
525643,7627172
525643,12610223
525643,13631667
525643,48947801
525643,76053262
525643,105047672
525643,139171932
526197,752296
533645,5385790
533645,49283392
533645,68337772
533912,1646315
533912,4778560
533912,5417614
533912,5931809
533912,10277686
533912,11666599
533912,69708032
533912,114802912
534771,961592
534771,1275239
534771,1353625
534771,1429841
534771,2163861
534771,3603231
534771,4072825
534771,4999707
534771,5068032
534771,5078058
534771,5462679
534771,5967050
534771,7508018
534771,12550742
534771,13658563
534771,55747772
534771,73101792
535396,661247
535396,789285
535396,1353172
535396,2471181
535490,2471181
541399,1141019
541399,1188009
541399,1188758
541399,1249649
541399,1465570
541399,1671767
541399,3968561
541399,9916160
541764,1626459
541784,5425093
541784,95858302
541784,126335112
543155,7068771
543155,49135961
543155,50258612
546473,4495513
546520,1635715
546520,9776678
550346,4606572
554577,993940
554577,6052318
554792,1272674
554792,4050205
554792,4495513
554792,4860761
554792,9064930
554792,9635624
554792,11289472
554792,48947801
554792,145068682
563816,647650
563816,1197801
563816,1371731
563816,4485585
563816,4651129
563816,5131091
563816,5254662
563816,5791247
563816,7402526
563816,12290606
563816,13923487
563816,14486481
563882,794548
563882,1494500
563882,5242214
565873,5144502
567229,4694728
567229,5259968
567229,5570880
573089,2263591
575796,8354140
575796,13287593
575796,49096741
577666,9945222
598070,1155242
598070,3239781
598070,4901462
604107,1191615
604107,1479842
604107,4087782
604107,4626477
604107,5876247
604107,8909272
604107,9281246
604107,9430902
604107,10189104
604107,10264540
604107,11026886
604107,13790723
604107,13918545
604107,14447309
604107,14621667
604107,15337813
604107,168275777
604107,184573357
604395,5115600
604395,12530904
604395,12920049
613934,5942214
613934,6853437
613934,7890702
613934,11298502
613934,14539467
614223,1020109
614223,1078812
614223,1166311
614223,1176900
614223,1255448
614223,1462393
614223,1611773
614223,2005781
614223,2047451
614223,2829671
614223,3542201
614223,3674121
614223,3922661
614223,4056850
614223,4811119
614223,4860761
614223,4937383
614223,4999707
614223,5266156
614223,5412407
614223,5536564
614223,5639048
614223,5844239
614223,5849210
614223,6397900
614223,7029627
614223,7511588
614223,7890702
614223,7979540
614223,8310400
614223,8945638
614223,9334770
614223,10126174
614223,10149178
614223,10177296
614223,10388560
614223,10583405
614223,11025346
614223,11289472
614223,11310104
614223,11342468
614223,12029862
614223,12944237
614223,49197782
614223,61498882
614223,68358002
614246,5498687
614386,1113629
614386,2005781
614386,4308309
614386,5297021
614386,7890702
614386,14486481
615238,1181339
615238,1643574
615238,6557769
615386,1401504
615393,826283
615393,1025060
615393,1262822
615393,1262823
615393,1262827
615393,1263296
615393,1263299
615393,3803871
615393,4023522
615393,4663946
615393,5416727
615393,5916639
615393,6994659
615393,8659952
615393,10382806
615393,10602599
615393,52783482
616908,994184
616908,1255983
616908,5284515
616908,9092188
616908,10816636
616908,85216072
616943,1155002
616943,5603027
616943,9539088
629036,1326683
629036,1401504
632926,1562681
647650,7402526
649162,4103408
649162,12133088
649309,4527779
649545,3376761
649545,4951751
649545,6514883
649545,8675234
649545,10632397
649545,14539467
649545,14780015
656542,5503286
656542,5895822
656542,109692442
661247,789285
661247,1353172
661247,1353625
661247,1429841
661247,1473166
661247,1967481
661247,2005781
661247,4104899
661247,4463649
661247,5355950
661247,5565220
661247,5967050
661247,7358224
661247,7508018
666244,1188009
666244,1307319
666244,1473166
666244,1539580
666244,2552611
666244,3265001
666244,3968561
666244,4516100
666244,4740968
666244,4768753
668826,1353172
671073,5536564
712271,5266156
712271,11928391
712271,12098828
712271,12948083
712271,58568762
712754,7805012
712754,9700940
746471,1078812
746471,1350345
746471,1592801
746471,2047451
746471,5266156
746471,5536564
746471,7961888
746471,9945206
746471,11569041
746471,49544582
751453,894266
751453,1166311
751453,1401504
751453,1568566
751453,4649104
751453,4814134
788504,4740968
788504,4777520
788737,1104730
788737,1215212
788737,1424602
788737,1530943
788737,1530946
788737,4698748
788737,6274598
788737,6514883
789285,1353172
789285,4082148
789285,4445699
789285,8119849
789285,9851680
794505,4855930
794505,5368499
794505,5387368
794505,6511779
794505,7674918
794505,12759119
794505,12994625
794505,13139755
794505,54838802
794505,83322832
794548,1563439
794548,4592596
794548,4768753
794548,13864157
796553,5078058
805948,3972081
805948,4674484
805948,4841158
805948,5245171
805948,5462679
805948,8058039
805948,8185084
805948,12096038
805948,49825112
805948,51965252
805948,113547672
805948,145068682
805948,265272032
807606,1316607
807606,1355105
807606,1401178
807606,4959736
807606,5210092
807606,7312776
807606,8354140
808834,5569223
810507,1948791
810507,3603231
810507,3700221
810507,3968561
810507,4492087
810507,4860761
810507,5603027
810507,5942214
810507,10505453
810507,11075898
810507,11342468
810507,49280302
810507,49825112
812409,9776678
816724,4578590
817732,1107447
817732,5700769
817732,8278422
817732,8609358
817732,11268268
817732,11421098
817732,11626663
817732,11736681
817732,11891997
817732,14191917
817732,45663272
817732,49259582
817732,56058952
817732,84227392
817732,98513552
817849,1353625
817849,1587666
824235,1273729
824235,4623881
824235,9092188
826283,1025060
826283,1262821
826283,2555371
826283,3803871
826887,5587673
827326,1236609
827326,1412711
827425,1104730
827425,1264687
827425,1948791
827425,4698748
827425,7627172
827425,7890702
827425,8114447
838872,5159122
864274,1181339
864274,7402526
864595,1353625
864595,1534419
869216,4606572
870900,1034638
870900,7079287
870900,105595002
873890,1353625
873890,1429841
873890,4438587
873890,4606399
873890,5203250
873890,5866223
873890,6396188
873890,7508018
873890,7890702
875241,1481474
875241,4533495
875241,4795960
875656,11940899
877589,1195000
877589,1200765
877589,1401504
877589,6947323
881751,995188
881751,5542343
881751,5877213
881751,6351846
881751,6412878
881751,10807780
881751,12487862
881751,51968652
882996,1188758
882996,1352674
882996,2075241
882996,2487301
882996,3779331
882996,4463649
882996,4886703
883421,5112746
883421,9626504
883421,14539467
887541,4016286
887565,12133088
891621,4740968
891621,10159994
891621,12637039
891621,13878655
891621,59936352
894266,1074021
894266,1078812
894266,1166311
894266,1401504
894266,1568566
894266,4038501
894266,4649104
894266,4814134
894266,4893530
894266,5524597
894266,5692835
894266,6004048
894266,6512133
894266,8613614
894266,8675234
894266,9334770
894266,9472712
894266,9945206
894266,10149178
894266,10177296
894266,10583405
894266,11471022
894266,12029862
894266,13209035
894266,49197782
898748,8719870
898748,11193368
898748,12748343
903536,3744641
903536,5259966
903536,13905711
903536,66228482
961592,1353625
961592,3265001
961592,7988922
961592,8058039
985109,1562681
985302,14539467
987373,4122540
987373,5327935
987373,7699412
987373,7990708
987373,8119849
987373,11588739
988686,4103408
988686,4549214
988686,12133088
989761,5061199
989761,7468790
989761,8344528
989761,14161851
989761,50258612
993569,1195000
993569,1220662
993940,1595755
993940,4044277
994184,9896010
995188,8686994
995188,8907066
995188,9958178
996589,9811408
998013,4606572
999832,1002521
999832,5578942
999832,11136812
999832,51204222
999969,7841120
1000798,117253692
1000956,1176860
1000956,2005781
1000956,3603231
1000956,4038501
1000956,4331004
1000956,5245171
1000956,5844239
1000956,6396188
1002485,99572172
1002521,7295534
1003280,1049379
1003280,3730791
1003280,3779331
1005072,3664141
1005072,4803606
1005072,4854551
1005072,5315367
1005072,5315371
1005072,5518547
1005072,6344194
1005072,7548856
1005072,8126637
1005072,8314106
1005072,8854200
1005072,9580552
1005072,9653084
1005072,11666599
1005072,13686667
1005072,49259572
1005072,52185982
1005072,66314222
1005072,67905592
1005072,77482782
1005072,85073122
1005072,88974232
1005072,99651032
1005072,115304412
1005072,118232102
1005072,124786782
1005072,132723492
1005185,1376678
1005185,2607221
1005185,5163755
1005185,7010729
1007877,73101792
1009000,1176900
1009000,1622015
1009000,5171069
1015202,4803607
1015202,5228133
1015202,13025953
1015202,70050122
1015532,6105170
1015532,65699042
1017307,7406332
1017307,76053262
1018038,7988922
1020109,1611773
1020109,4038501
1020109,4390053
1020109,4860761
1020109,4937383
1020109,13641829
1020198,1078812
1020198,1545788
1020198,1568566
1020198,1592801
1020198,1611773
1020198,4485154
1020198,4606399
1020198,4649104
1020198,4860761
1020198,4902904
1020198,4937383
1020198,5536564
1020198,5639048
1020198,6004048
1020198,6705223
1020198,7208392
1020198,7358224
1020198,8945638
1020198,9334770
1020198,9945206
1020198,10177296
1020198,10388560
1020198,11025346
1020198,11289472
1020198,11342468
1020198,11815065
1020198,12029862
1020198,12268072
1020198,12816283
1020198,12991285
1020198,56133072
1020198,95873492
1020198,105047672
1025060,5416727
1025060,12208250
1027239,1619572
1032511,1595770
1032511,4400189
1032511,7966600
1032511,9095678
1032511,85216072
1032617,1486578
1032617,4023522
1032901,1310497
1032901,3968561
1034638,4925950
1034638,5469885
1034638,7855452
1034638,9980042
1034638,10510627
1034638,105595002
1037578,1181339
1037578,4397349
1037578,5049073
1037578,5114288
1037578,5138079
1037578,6705395
1037578,10113612
1037578,12118510
1037578,12406950
1037578,45663272
1042268,4446887
1042268,8706544
1042268,8873540
1042268,9197980
1042268,9757762
1042268,11121068
1048319,12206878
1048967,7674918
1048967,9151334
1048967,9848068
1048967,10502405
1049379,2466581
1049379,2992371
1049379,3730791
1049379,5345286
1052497,1494500
1052497,2699221
1053812,5912409
1054948,4740968
1057597,5531258
1059594,2855621
1059594,4038501
1059594,4973602
1059594,5330516
1059594,6274598
1059594,6763239
1059594,7327640
1072674,1635715
1074021,2047451
1074021,2829671
1074021,3674121
1074021,3922661
1074021,4698748
1074021,4860761
1074021,5536564
1074021,7511588
1074021,7961888
1074021,8613614
1074021,8945638
1074021,9945206
1074021,10149178
1074021,10177296
1074021,10189722
1074021,10388560
1074021,11025346
1074021,11289472
1074021,11342468
1074021,11559031
1074021,11928391
1074021,12029862
1074021,12588946
1074021,12944237
1074021,14534981
1074021,56133072
1074021,61498882
1075570,1646314
1075570,4397349
1075570,5385790
1078812,1424602
1078812,1626147
1078812,2047451
1078812,4814134
1078812,4893530
1078812,5536564
1078812,5692835
1078812,5849210
1078812,6512133
1078812,8945638
1078812,11569041
1079011,1352049
1092645,4611283
1092645,5832280
1093616,1511979
1093616,1516162
1093616,3830821
1093616,4649104
1093616,4860761
1095256,1660131
1097709,1416675
1097709,1462230
1097709,1494500
1097709,2281211
1097709,3265001
1097709,4652821
1097709,5068032
1097709,5531258
1097709,9262400
1097709,10797684
1097709,11928391
1097709,12549876
1097709,14482665
1104730,1273729
1104730,1530946
1104730,7792810
1104730,9896010
1104730,14539467
1107447,1429841
1107447,4033308
1107447,4448284
1107447,4545763
1107447,4688569
1107447,5049074
1107447,5700769
1107447,6174642
1107447,6755467
1107447,7548856
1107447,8314106
1107447,8403120
1107447,8609358
1107447,10581575
1107447,11268268
1107447,11421098
1107447,11736681
1107447,13552757
1107447,14191917
1107447,45663272
1107447,49259572
1107447,50258612
1107447,52528582
1107447,56058952
1107447,77482782
1107447,98513552
1107447,102703622
1113629,4037971
1113629,4438587
1113629,4495513
1113629,13631667
1116539,4390053
1116539,5001745
1116539,7351232
1116539,8112331
1116539,8403120
1116539,11270172
1116539,11301722
1116539,14520277
1116539,61474832
1116539,61983292
1116539,83322832
1116539,101962882
1116539,159573692
1117847,5575105
1117847,5857184
1141019,1188009
1141019,5203250
1150405,5159122
1150409,1264091
1150409,1511656
1150409,4444375
1150409,12010760
1154611,4312845
1155002,4105259
1155002,5531258
1155002,8409650
1155242,3239781
1155426,1201214
1155426,4484514
1164295,1533050
1164295,1635714
1164295,1682197
1164295,4448485
1164295,4771546
1164298,1191615
1164298,4842061
1164298,7459270
1164298,7637436
1164298,7853018
1164298,7995536
1164298,12271282
1164298,80449002
1164298,101739872
1166311,1333264
1166311,1424602
1166311,1611773
1166311,3922661
1166311,4038501
1166311,4056850
1166311,4438587
1166311,4446887
1166311,4649104
1166311,4814134
1166311,4860761
1166311,4937383
1166311,5259966
1166311,5297021
1166311,5412407
1166311,5536564
1166311,5817388
1166311,5849210
1166311,7208392
1166311,7327640
1166311,8613614
1166311,10961718
1166311,11559031
1166311,11815065
1166311,12637039
1166311,12944237
1166311,50657232
1166311,68358002
1166311,105047672
1166311,139171932
1170236,70542502
1171997,4532335
1171997,6995669
1176860,1199771
1176860,1678285
1176860,2005781
1176860,2699221
1176860,4322111
1176860,4327271
1176860,4492087
1176860,4698748
1176860,6089698
1176860,7688746
1176860,7803478
1176860,12785693
1176860,15190997
1176900,4331004
1176900,5021724
1176900,5306539
1176900,14226477
1176900,49825112
1180218,1590752
1180218,4968870
1180218,5059044
1180218,15104399
1181339,9916160
1181339,12526962
1181430,4652821
1181430,5203250
1181430,9759672
1181430,64927672
1188009,1188758
1188009,1564992
1188009,2699221
1188009,3968561
1188009,4103977
1188009,4331004
1188009,4390053
1188009,4438587
1188009,4794268
1188009,5961630
1188009,6853437
1188009,7890702
1188009,13923487
1188758,1213277
1188758,1249649
1188758,1446147
1188758,1967481
1188758,3859631
1188758,4633500
1188758,5355950
1188758,5570870
1188758,70217372
1189631,7150049
1189631,10159994
1191410,13700433
1191478,5287882
1191478,10581575
1191478,14719869
1191478,56463732
1191615,1270444
1191615,1479842
1191615,1517421
1191615,4429712
1191615,4842061
1191615,5250480
1191615,5497121
1191615,5593078
1191615,5594859
1191615,6012232
1191615,6672406
1191615,6855525
1191615,7459270
1191615,10695573
1191615,10807780
1191615,11359554
1191615,12082994
1191615,12530904
1191615,13918545
1191615,14103363
1191615,14621667
1191615,14626539
1191615,14652473
1191615,49569672
1191615,56094992
1191615,80449002
1191615,80681022
1191615,109455142
1191615,111130212
1191615,148696602
1194083,1518490
1195000,1326683
1195000,1424602
1195000,4448489
1195000,4462268
1195000,4523594
1195000,4812795
1195000,5844239
1195000,7934112
1195000,7979540
1195000,8642854
1195000,9041042
1195000,9844398
1195000,9871180
1195000,9896010
1197801,7402526
1198612,3968561
1198612,4794268
1198612,5021724
1198612,5603027
1198612,5791247
1198612,5961630
1198612,5962948
1198612,7890062
1198612,113547672
1200692,4860761
1200692,7358224
1200765,1326683
1200765,8310400
1200765,8642854
1200765,9041042
1201214,5565220
1203526,7979540
1206006,9896010
1209072,7295534
1209094,1262823
1209094,13063581
1209096,1262822
1209096,1262842
1209096,1430604
1209096,4663946
1209096,6994659
1209096,10602599
1209096,108948382
1209096,127637852
1209104,2555371
1209354,1503348
1211085,1412711
1211085,9615244
1211085,11584555
1211085,13622973
1211085,13918541
1211085,63703472
1211085,79257132
1211141,13088913
1213277,1967481
1213277,3542201
1213277,5171069
1215212,4973602
1215212,50683152
1217914,1568566
1217914,1592801
1217914,1611773
1217914,2829671
1217914,4462268
1217914,4814134
1217914,4860761
1217914,5849210
1217914,6004048
1217914,6512133
1217914,7208392
1217914,7961888
1217914,8613614
1217914,10177296
1217914,11443084
1217914,11569041
1217914,12029862
1217914,12717391
1217914,14343187
1217914,66031652
1217914,105047672
1220662,6611456
1220662,6763239
1220662,9041042
1220981,3933641
1220981,4331004
1220981,4495513
1220981,7890702
1220981,10961718
1220981,13612391
1220981,110616822
1224771,2710661
1228100,4050205
1228100,9549148
1228100,13864157
1228100,51965252
1229678,1364529
1229678,5115600
1229678,7444722
1232145,10391776
1232997,4033307
1232997,4462268
1232997,14639121
1232997,52942802
1233002,4087043
1236547,4633500
1236609,10147346
1236609,12422192
1236609,14659541
1236609,15337813
1236687,3431371
1236687,4390053
1236687,9708982
1236717,4758163
1236717,5862597
1236717,7934112
1249649,1365282
1249649,1465570
1249649,1607214
1249649,3968561
1249649,4757864
1249649,4777520
1249649,5565220
1249649,10052642
1252123,1264382
1255448,1611773
1255448,3674121
1255448,11342468
1258135,4033307
1258135,8222632
1258135,10286020
1258943,7371096
1258943,9687690
1259237,48765861
1260848,5072456
1260848,5290696
1262819,1263296
1262819,1352049
1262821,1262822
1262821,1262823
1262821,1262827
1262821,1262839
1262821,1263296
1262822,1262823
1262822,1262827
1262822,1262839
1262822,1262842
1262822,1263296
1262822,1263299
1262822,4023522
1262822,4663946
1262822,5228133
1262822,5416727
1262822,5503854
1262822,6994659
1262822,8659952
1262822,8981214
1262822,10602599
1262822,12847833
1262822,13063581
1262822,52783482
1262822,60689322
1262823,1262827
1262823,1262842
1262823,1263296
1262823,1352049
1262823,4663946
1262823,5416727
1262823,6994659
1262823,7879126
1262823,8659952
1262823,8981214
1262823,10277670
1262823,10602599
1262823,52783482
1262823,127637852
1262827,1262842
1262827,4663946
1262827,4901330
1262827,7909356
1262827,10602599
1262827,51451142
1262827,60689322
1262827,124505552
1262834,1702205
1262834,6009928
1262834,9362346
1262834,10602599
1262842,1430604
1262842,6994659
1262842,10602599
1262842,11884087
1262842,52783482
1263292,4663946
1263292,5416727
1263295,1264091
1263296,4663946
1263296,10602599
1263296,52783482
1263299,1414770
1263299,1484746
1263299,5503854
1263299,5916639
1263299,13063581
1264078,1264687
1264078,1295112
1264078,1429841
1264078,1541592
1264078,1644275
1264078,3126151
1264078,4089983
1264078,4448284
1264078,4456001
1264078,4542250
1264078,5423737
1264078,5566782
1264078,5895828
1264078,5910045
1264078,7068753
1264078,7674918
1264078,8403120
1264078,9759672
1264078,10286020
1264078,11301722
1264078,13097199
1264078,50258612
1264078,51512592
1264078,61145262
1264078,73171372
1264078,122123672
1264078,123053672
1264078,172071177
1264078,262408191
1264080,1533492
1264080,3029951
1264080,5200697
1264080,7674918
1264080,11066876
1264080,11242224
1264080,12462878
1264080,61145262
1264085,1608346
1264085,4542250
1264085,7559048
1264091,1511656
1264091,4444375
1264091,8659952
1264091,12010760
1264091,13063581
1264382,6998083
1264382,7269112
1264382,8675234
1264687,1570549
1264687,3881631
1264687,4611283
1264687,5417614
1264687,5566782
1264687,6511779
1264687,6516471
1264687,7746050
1264687,7810466
1264687,10633657
1264687,11242224
1264687,58598842
1264687,61145262
1264687,61474832
1264687,84292982
1264687,122123672
1264687,129085752
1264687,145336382
1264687,166727787
1264687,172071177
1265248,1597464
1265358,1401504
1265863,7459270
1265863,11584555
1265863,62534662
1265863,117914082
1267252,10797684
1270444,1377312
1270444,4907510
1270444,5115600
1270444,5523632
1270444,5593078
1270444,6545727
1270444,11584555
1270444,11621453
1270444,12271282
1270444,12490752
1270444,61053822
1270444,63519802
1270444,148696602
1271346,5500771
1271346,5654023
1271346,5895822
1271346,5918943
1271346,7468790
1271346,7611526
1271346,10052642
1271346,10286020
1271346,11122456
1271346,13421075
1271346,13537217
1271346,14603115
1271346,49259572
1271346,50258612
1271346,50633822
1271346,57668652
1271346,67905592
1271346,84777352
1271346,124786782
1271346,132712992
1271439,1454092
1271439,1654619
1271439,8121175
1271439,9708982
1271439,11242224
1272674,2829671
1272674,4937383
1272674,5297021
1272674,5536564
1272674,7201102
1272674,7961888
1272674,9763952
1273729,1595755
1273729,7610132
1275238,10448666
1275238,13606033
1275239,2297971
1275239,5617908
1288678,1699749
1288678,10032770
1288678,48975581
1294975,4390053
1294975,6693037
1294975,7746050
1294975,11242224
1294975,54330242
1294975,57548052
1295112,4542250
1295112,10919746
1305912,2855621
1305912,3826021
1305912,4056850
1305912,4937383
1305912,5412407
1305912,7029627
1305912,7208392
1305912,10189722
1305912,10388560
1305912,12944237
1305912,50030162
1305912,61094422
1305912,68358002
1307319,4043887
1307319,4951751
1307319,11573699
1307319,12607183
1315400,4832422
1315400,5038261
1315400,8642854
1316607,1684527
1316607,3581341
1316607,3970231
1316607,5254940
1316607,6095428
1316607,10189104
1316607,10448666
1316607,13930975
1316607,14718361
1316607,53049432
1321900,1631262
1326683,6763239
1326683,7979540
1326683,9041042
1333264,4860761
1333264,4902904
1333264,6962549
1333264,7890702
1333264,11359554
1333264,12487862
1333264,13529333
1333264,49364062
1333264,64519042
1333264,139171932
1333264,155887202
1335085,5524597
1335085,7718756
1335085,49197782
1346116,3265001
1346855,5064691
1346855,10628057
1350345,1626147
1350345,3674121
1350345,4204510
1350345,14534981
1352049,4023522
1352049,4905265
1352049,5245244
1352049,5916639
1352049,6993009
1352049,10602599
1352049,13063581
1352097,1429841
1352097,4740968
1352097,4799777
1352097,5866223
1352097,7890062
1352097,7890702
1352674,4740968
1352674,49818632
1352675,4448284
1352692,7890702
1352692,8898108
1353172,1410720
1353172,4606572
1353172,5078058
1353172,13700433
1353625,1412045
1353625,1533472
1353625,1563138
1353625,1563470
1353625,1641705
1353625,1707587
1353625,2252591
1353625,3542201
1353625,3968561
1353625,4330987
1353625,4445699
1353625,4606572
1353625,4674484
1353625,4740968
1353625,4999707
1353625,5203250
1353625,5306539
1353625,5355950
1353625,5454687
1353625,5472150
1353625,5565220
1353625,5967050
1353625,6032634
1353625,7841120
1353625,8425170
1353625,8911470
1353625,9761322
1353625,10502441
1353625,11289472
1353625,12785693
1353625,12838533
1353625,14486481
1353625,14854891
1353625,14917155
1353625,15065941
1353625,15190997
1353625,50258612
1355105,1575905
1355105,3581341
1355105,4086965
1355105,5254940
1355105,5422050
1355105,5719412
1355105,6311268
1355105,10448666
1355105,12632197
1355105,13930975
1355105,53049432
1355105,54647592
1355105,77993682
1361029,1702210
1361029,4611283
1361029,7317188
1361029,108068032
1362735,1948791
1362735,4103408
1362735,6982223
1362735,9172904
1362735,13923487
1364450,1484833
1365282,1607214
1365282,3968561
1365309,12250622
1371731,7402526
1373920,5862597
1377312,2577241
1377312,7010729
1377470,7553492
1377470,9134960
1377470,111130212
1378914,5290696
1378914,7559048
1381155,13470123
1382164,1385347
1382249,5254940
1382249,6292152
1382249,10343516
1382249,10452069
1382249,11665341
1382249,15368025
1382249,51907152
1382249,65699042
1384338,1590752
1384338,3561671
1384338,4312845
1384338,4904080
1384338,7397124
1384338,9776678
1384338,10375188
1384338,11279454
1384388,1533492
1384388,4600065
1384388,7068753
1384388,7674918
1384388,12721175
1384388,13515845
1384388,61145262
1384388,152317532
1384388,169643837
1385347,1412736
1385347,5194254
1385868,72845512
1385971,4459894
1388520,4811152
1388520,5700991
1388520,7518636
1388520,7541776
1388520,7554724
1388520,8125553
1388520,9667370
1388520,11813147
1388520,12610223
1388520,13806415
1388520,14333907
1388520,50256792
1388520,52716632
1388520,72325102
1388520,85073122
1388943,5908709
1388945,4075432
1388945,5391908
1388945,73119332
1388965,15368025
1389973,15065941
1390484,9844398
1390484,11419724
1390484,14004075
1390484,175914017
1395300,4674484
1395300,5482056
1395300,10961718
1395300,11888005
1396006,5068032
1401178,4096815
1401504,1611773
1401504,4084280
1401504,4204510
1401504,4485154
1401504,5536564
1401504,5692835
1401504,6512133
1401504,7511588
1401504,8945638
1401504,10177296
1401504,10388560
1401504,11569041
1401721,132937152
1402487,1816911
1402487,12816283
1402487,13744631
1403694,1429841
1403694,2699221
1403694,3603231
1403694,4446887
1403694,4782876
1403694,5068032
1403694,7803478
1403694,9710684
1403694,12033224
1404733,264261321
1406580,48975581
1407280,1493340
1407280,6474027
1407280,113547672
1410720,4533495
1412045,1416675
1412045,2487301
1412564,1412711
1412564,4428187
1412564,4856048
1412564,5877213
1412564,10452069
1412564,11949001
1412711,3103531
1412711,4428187
1412711,4428188
1412711,4448630
1412711,4510044
1412711,5312792
1412711,5883018
1412711,7172552
1412711,8873540
1412711,11026886
1412711,11884111
1412711,12218918
1412711,12526056
1412711,13622973
1412711,13918545
1412736,5182572
1412736,6806885
1412736,10752648
1412736,61986342
1416675,5531258
1416675,7402526
1416675,10318770
1419381,1479842
1419381,1660131
1419381,1684527
1419381,1747801
1419381,2005781
1419381,2169401
1419381,2415341
1419381,5139444
1419381,5264544
1419381,5594859
1419381,5908709
1419381,6855525
1419381,7946686
1419381,9602094
1419381,10448666
1419381,11588739
1419381,11665341
1419381,13930975
1419381,14956079
1419381,49634222
1419381,53049432
1419381,72272502
1424540,4512754
1424602,1592801
1424602,1611773
1424602,2829671
1424602,4038501
1424602,4050205
1424602,4084280
1424602,4390053
1424602,4429712
1424602,4448284
1424602,4698748
1424602,4860761
1424602,5297021
1424602,5536564
1424602,5844239
1424602,7201102
1424602,7961888
1424602,8310400
1424602,8642854
1424602,9095678
1424602,9896010
1424602,11289472
1424602,11559031
1424602,11815065
1424602,12029862
1424602,12816021
1424602,14393427
1424602,14539467
1424602,49544582
1424602,68358002
1424622,8123403
1424821,1700836
1424821,4771546
1424821,5059044
1424821,5283366
1424821,6762519
1426021,5115600
1426021,10391776
1429841,1518490
1429841,1545148
1429841,2075241
1429841,3120261
1429841,4103977
1429841,4104927
1429841,4108232
1429841,4390053
1429841,4448284
1429841,4492087
1429841,4740968
1429841,4782876
1429841,4799777
1429841,4999707
1429841,5068032
1429841,5150231
1429841,5171069
1429841,5203250
1429841,5237400
1429841,5245171
1429841,5565220
1429841,6049784
1429841,6705395
1429841,7029627
1429841,7295534
1429841,7508018
1429841,7803478
1429841,7890702
1429841,7988922
1429841,8058039
1429841,8125553
1429841,8403120
1429841,8480288
1429841,8911470
1429841,9708982
1429841,9851680
1429841,9916160
1429841,10052642
1429841,10502405
1429841,11666599
1429841,11816945
1429841,12948083
1429841,72531372
1429841,123053672
1443471,1484833
1443471,1631262
1444643,1702205
1444643,1702207
1444643,4542250
1444643,5061199
1444643,5500771
1444643,5526627
1444643,6941559
1444643,8403196
1444643,8933254
1444643,9286504
1444643,9910102
1444643,10413716
1444643,10935332
1444643,11066876
1444643,11122456
1444643,11270172
1444643,12610223
1444643,13534745
1444643,14092217
1444643,14161851
1444643,65501912
1444643,74042892
1444643,88835182
1446147,4101559
1446147,4420429
1454092,5417614
1454092,5542343
1454092,5566782
1454092,7674918
1454092,11268268
1454092,11667655
1454092,51512592
1454092,143895072
1454125,3265001
1454125,5203250
1454125,5462679
1456216,50033982
1462230,1520407
1462230,4448485
1462230,4746199
1462230,6982223
1462230,9635624
1462230,11301722
1462393,4484514
1462393,5266166
1462393,5867324
1462393,10807780
1462393,51495052
1462393,56262322
1465570,3265001
1465570,5967050
1465570,13611425
1468165,11270172
1468165,11626663
1468165,88900572
1468165,108068032
1473166,3968561
1473793,4042249
1473793,4456001
1473793,5417614
1473793,11242224
1473902,1479842
1473902,4432583
1473902,5175734
1473902,11193368
1473902,14802869
1473902,50860262
1473902,52463032
1479842,4087782
1479842,4626477
1479842,4803754
1479842,4856048
1479842,4986771
1479842,5594859
1479842,5877213
1479842,8673550
1479842,8873540
1479842,9430902
1479842,11584555
1479842,13152245
1479842,13820325
1479842,14240131
1479842,14621667
1479842,14659541
1479842,14802869
1479842,52937632
1479842,115427322
1479842,121672292
1479842,162070292
1479842,174484227
1479842,184573357
1481097,3542201
1481097,4077892
1481097,4089883
1481097,4816405
1481097,6397900
1481097,8945638
1481097,48765861
1481097,61094422
1481474,1587666
1481474,4795960
1484746,4920272
1484746,5228133
1484746,5245244
1484746,5290696
1484746,124505552
1484833,1576244
1484833,4771546
1484833,4782876
1484833,8911470
1484833,11070000
1486578,1623261
1490547,4485585
1494500,9811408
1494500,10668885
1503348,56463732
1511656,1572410
1511656,1608339
1511656,4023522
1511656,4098026
1511656,4444375
1511656,4538892
1511656,8659952
1511656,12010760
1511656,13063581
1511656,13248933
1511656,14544241
1511656,62916082
1511979,3830821
1511979,10668131
1514182,1684527
1514182,2005781
1514182,5078058
1514182,9602094
1514182,67823492
1516162,3830821
1517421,4842061
1517421,4907510
1517421,6672406
1517421,11884111
1517421,12530904
1517421,14621667
1517421,66228482
1517421,148696602
1518490,5131091
1518490,5392341
1518490,6853403
1518490,7397124
1518490,8323782
1518490,12019624
1518490,48947801
1520407,5335252
1530943,1530946
1530943,1595770
1530943,5230088
1530943,5552795
1530943,9896010
1530943,14539467
1530946,10816636
1530946,14858167
1532416,11242224
1532416,119396922
1533492,5423737
1533492,6516471
1533492,264261321
1534419,4043368
1534419,7004075
1534419,49280302
1538640,3265001
1538640,6396188
1538640,7358224
1538640,9759672
1539580,5536564
1539580,6962549
1539580,9763952
1539580,10010270
1539580,10583405
1541592,3120261
1541592,4039193
1541592,4448284
1541592,4512754
1541592,4611283
1541592,5423737
1541592,5576810
1541592,6511779
1541592,7068753
1541592,7674918
1541592,7810466
1541592,10633657
1541592,10803948
1541592,10989694
1541592,12721175
1541592,12759119
1541592,13515845
1541592,14993333
1541592,58568762
1541592,61145262
1541592,112216312
1541592,123053672
1541592,131216322
1544711,4037109
1544711,13682095
1545148,2699221
1545148,3697701
1545148,4448284
1545148,7746050
1545148,8403196
1545148,9916160
1545148,10257238
1545148,10286020
1545148,10502405
1545788,3826021
1545788,5018839
1545788,5266156
1545788,5423737
1545788,5466281
1545788,5962744
1545788,7608832
1545788,7688746
1545788,7890062
1545788,10668885
1547598,4649104
1547598,4698748
1547598,4768525
1547598,4860761
1547598,5292512
1547598,6982223
1547598,7627172
1547598,7890702
1547598,12029862
1547598,14456487
1547598,64874492
1550629,72272502
1551656,6693037
1559477,1561012
1559477,1591785
1559477,4789436
1559477,10845794
1559477,73119332
1561012,1591785
1561012,4050868
1561012,4789436
1561012,10343516
1561230,1643574
1561230,1646314
1561230,1646315
1561230,9803116
1561230,12710203
1561230,54330242
1561230,68337772
1561230,70050122
1561230,132937152
1561230,175025637
1562681,4050205
1562681,5000503
1562681,5947658
1563439,1682150
1563439,13864157
1563470,4999707
1563470,5967050
1563470,8119849
1564992,1576244
1564992,5118016
1564992,8911470
1568566,4649104
1568566,5536564
1569916,4812795
1569916,5526627
1569916,5821103
1570549,4463649
1570549,4740968
1572410,4538892
1574369,14780015
1575905,2169401
1575905,4096815
1575905,4795960
1575905,7312776
1575905,8354140
1575905,10448666
1575905,13930975
1576244,4771546
1577166,4578590
1580268,3239781
1590752,3977201
1590752,4312845
1590752,4495513
1590752,4962010
1590752,8274374
1590752,10375188
1590752,13639985
1590752,14456487
1590752,14756433
1590752,117111442
1591785,5253492
1591785,5908709
1591785,11665341
1591785,15368025
1591785,51907152
1592801,5297021
1592801,5536564
1592801,6397900
1592801,7202320
1592801,8310400
1592801,9945206
1592801,10583405
1592801,11025346
1592801,11289472
1592801,11342468
1592801,11477224
1592801,11815065
1592801,12717391
1592801,12756025
1592801,13028375
1592801,13571283
1595755,6016660
1595755,7610132
1595755,9896010
1595755,14539467
1595755,50683152
1595755,85216072
1595770,1622509
1595770,5230088
1595770,5552795
1595770,5555570
1595770,7610132
1595770,7966600
1595770,8986600
1595770,9842590
1595770,9844398
1595770,9896010
1595770,10387696
1595770,11419724
1595770,11513259
1595770,13916083
1595770,14539467
1595770,175914017
1600816,5876247
1600816,7637436
1600816,11621453
1600816,12490752
1600816,13645509
1600816,14478663
1600816,52937632
1600816,80268952
1600816,145561382
1600816,193500817
1604843,4611283
1604843,8208130
1604843,8933254
1606110,4456001
1607214,2075241
1608339,4444375
1608339,5416727
1608339,5916639
1608339,8659952
1608339,9362346
1608346,4259384
1611694,4664074
1611694,8208130
1611694,9762450
1611694,14161851
1611694,14491939
1611773,2829671
1611773,3674121
1611773,4390053
1611773,4698748
1611773,4860761
1611773,4902904
1611773,5059044
1611773,5412407
1611773,5821103
1611773,5844239
1611773,5849210
1611773,6043160
1611773,6855525
1611773,8310400
1611773,9334770
1611773,9945206
1611773,10149178
1611773,10177296
1611773,10668131
1611773,11342468
1611773,11815065
1611773,12029862
1611773,13916083
1611773,49544582
1611773,56133072
1611773,57203182
1611773,58568762
1611773,61498882
1611773,66031652
1611773,101282642
1617293,5569112
1619572,1635715
1619572,5272195
1622509,5552795
1622596,4962010
1622596,4989034
1622596,5059044
1623261,1692465
1623261,8659952
1624705,8145492
1626147,3674121
1626147,5536564
1626459,1645365
1626459,2263591
1628408,1670355
1631262,1641705
1631262,7295534
1631262,7988922
1641705,3972081
1641705,7841120
1641705,7912872
1643574,1646314
1643574,1646315
1643574,4397349
1643574,5417614
1643574,5566782
1643574,5931809
1643574,8278422
1643574,8629022
1643574,12710203
1643574,54330242
1643574,132937152
1644275,1646315
1644275,3120261
1644275,4397349
1644275,4456001
1644275,4833358
1644275,4855945
1644275,5200697
1644275,5385790
1644275,5409787
1644275,5423737
1644275,5503854
1644275,9151334
1644275,9848068
1644275,10286020
1644275,12515948
1644275,14491939
1644275,45663272
1644275,68337772
1644275,70050122
1644275,114802912
1644275,132937152
1644588,4677655
1644588,4999707
1644588,13878655
1644588,14486481
1645365,5118016
1646314,1646315
1646314,4397349
1646314,4456001
1646314,4556160
1646314,4855945
1646314,5256014
1646314,5385790
1646314,9803116
1646314,10220698
1646314,11666599
1646314,49259572
1646314,49283392
1646314,54330242
1646314,68337772
1646314,69708032
1646315,3120261
1646315,4397349
1646315,4448284
1646315,4456001
1646315,4778560
1646315,5417614
1646315,5423737
1646315,5503854
1646315,7548856
1646315,8112331
1646315,8403196
1646315,9803116
1646315,9848068
1646315,10257238
1646315,12515948
1646315,13552757
1646315,48634472
1646315,49283392
1646315,54330242
1646315,68221232
1646315,68337772
1646315,69708032
1646315,172071177
1647553,6563333
1648978,4538892
1648978,5503854
1648978,6993009
1648978,7650170
1648978,9362346
1649413,4204510
1649413,4523594
1651095,1670355
1651095,188413257
1651825,52489482
1654198,5526627
1654198,7208392
1654198,11310104
1654198,12717391
1654198,14718485
1654619,4694728
1654619,5242214
1654619,5895321
1658572,2210161
1658572,5992092
1658572,145068682
1660131,5139444
1660131,5210092
1660131,8354140
1660131,12632197
1660131,13136341
1660131,52281412
1660131,61343932
1660131,74126422
1666381,13287593
1666381,13470123
1667395,5542423
1668264,4611283
1670355,4448630
1670355,5250480
1670355,9687690
1670355,13002175
1670355,73205432
1671767,3779331
1671767,4492087
1676038,4937383
1676038,5259966
1676038,7444722
1676038,110616822
1678249,2005781
1678249,4768753
1678249,4794268
1678249,5203250
1678249,5967050
1678249,7295534
1678249,8058039
1678249,73101792
1678285,2005781
1678285,5068032
1681591,4244787
1681591,54838802
1684527,2163861
1684527,2169401
1684527,3603231
1684527,3970231
1684527,5139444
1684527,9602094
1689466,2419451
1689466,3930411
1689466,4532513
1689466,9602094
1689466,53049432
1692465,5281457
1692465,7650170
1692465,65608142
1692465,108948382
1692465,124505552
1699749,3239781
1699749,4077892
1699749,4844243
1699749,8323782
1701774,5603027
1702205,1702210
1702205,3126151
1702205,4512754
1702205,4611283
1702205,5308978
1702205,51968592
1702205,61942382
1702206,3881631
1702206,5423737
1702206,6511779
1702206,7068771
1702206,11242224
1702206,152317532
1702207,1702210
1702207,3029951
1702207,4732518
1702207,5200697
1702207,5910045
1702207,108068032
1702207,152317532
1702209,4448284
1702209,4986093
1702209,5308978
1702209,5423737
1702209,7079289
1702209,8212768
1702209,11959405
1702209,12721175
1702209,14520277
1702209,14854891
1702209,54097282
1702209,54838802
1702209,61145262
1702209,61942382
1702209,66314222
1702209,112216312
1702209,152317532
1702210,4512754
1702210,4986093
1702210,5910045
1702210,7660734
1702210,10499111
1702210,10803948
1702210,12628099
1702210,14161851
1702210,54838802
1702210,83322832
1702210,152317532
1706903,5357220
1707587,2831401
1707851,7079289
1722651,2221921
1722651,4330987
1722651,4999707
1760161,4096815
1760161,10752648
1760161,53499672
1858431,12071380
1937601,2466581
1948791,4104899
1948791,5942214
1948791,7890702
1967481,5355950
1967481,5565220
1967481,9916160
2005121,5575105
2005121,12033224
2005781,2137231
2005781,4038501
2005781,5068032
2005781,5203250
2005781,5276754
2005781,5330515
2005781,5462679
2005781,5849210
2005781,7358224
2005781,7803478
2005781,8058039
2005781,10799102
2005781,49364062
2021921,4794264
2021921,7890702
2021921,51554562
2047451,5844239
2047451,14534981
2047451,56133072
2063721,5059044
2075241,4463649
2090121,5523632
2110321,4677655
2110321,4768753
2110321,4794264
2110321,4999707
2110321,5406755
2110321,6401240
2110321,7295534
2110321,7890062
2110321,9096522
2110321,11819131
2110321,11934257
2110321,13028375
2144511,4492087
2163861,7191986
2169401,3970231
2169401,5254940
2169401,9602094
2210161,4101559
2216221,3239781
2216221,4844243
2252591,4047894
2252591,4390053
2252591,4698748
2252591,4937383
2252591,5266156
2252591,5526627
2252591,9477752
2252591,10189722
2252591,11443084
2252591,11559031
2252591,12944237
2252591,13028375
2252591,14343187
2252591,14588939
2252591,49364062
2252591,50657232
2252591,61094422
2252591,68358002
2252591,155887202
2263591,2910061
2272071,7602544
2272071,14240131
2281211,3972081
2281211,4100351
2281211,4432412
2281211,9958178
2281211,11643511
2281211,14779157
2281211,51305922
2281211,61061602
2281211,110616822
2331311,4428187
2331311,14659541
2415341,8650570
2415341,9386320
2415341,10448666
2415341,53049432
2454271,9848068
2489131,4105259
2489131,5131091
2489131,6087776
2531001,5150231
2531001,7402526
2531001,7892860
2533031,7610132
2533031,9092188
2552611,7890702
2555371,4194973
2555371,4920272
2555371,5245244
2555371,5416727
2555371,7909356
2555371,8981214
2555371,9362346
2555371,10382806
2555371,11834965
2555371,61302392
2555371,124505552
2568121,14063641
2597231,5150231
2597231,8907066
2597231,61061602
2668241,4999707
2668241,5967050
2699221,3265001
2699221,4516100
2699221,4777520
2699221,4782275
2699221,4799777
2699221,5203250
2699221,5967050
2699221,6557769
2699221,8058039
2710661,5335252
2710661,7961408
2724281,15103965
2727681,48975581
2829671,3674121
2829671,4698748
2829671,4937383
2829671,5266156
2829671,5620251
2829671,5849210
2829671,7568478
2829671,8945638
2829671,9334770
2829671,9759672
2829671,10177296
2829671,11289472
2829671,11559031
2829671,12029862
2829671,12268072
2829671,12588946
2829671,13028375
2829671,14343187
2829671,48947801
2829671,49544582
2829671,68358002
2831401,3265001
2831401,4104899
2831401,5036569
2839351,5115600
2845031,7256126
2845031,51931882
2845031,148696602
2855621,4038501
2855621,4056850
2855621,5266156
2855621,5524597
2855621,6397900
2855621,10110184
2855621,10189722
2855621,11289472
2855621,11928391
2855621,12944237
2855621,48765861
2855621,49197782
2855621,50657232
2855621,105047672
2934901,4312845
2934901,5147523
2934901,15299377
2992371,5345286
3029951,4448284
3029951,4542250
3029951,7674918
3029951,12515948
3029951,14161851
3029951,61145262
3038541,5203250
3120261,3881631
3120261,4039193
3120261,4317603
3120261,4390053
3120261,4448284
3120261,4611283
3120261,5237400
3120261,5423737
3120261,5500771
3120261,5566782
3120261,5832280
3120261,6511779
3120261,7674918
3120261,7765128
3120261,7810466
3120261,10286020
3120261,11242224
3120261,11498422
3120261,11922823
3120261,13097199
3120261,13515845
3120261,13534745
3120261,14491939
3120261,61145262
3120261,66314222
3120261,68221232
3120261,73171372
3120261,112216312
3120261,119396922
3120261,122123672
3120261,123053672
3120261,131216322
3120261,172071177
3126151,4244787
3126151,4448284
3126151,4542250
3126151,4611283
3126151,4833358
3126151,5200697
3126151,5832280
3126151,5895828
3126151,6511779
3126151,7068771
3126151,7122759
3126151,7468790
3126151,8933254
3126151,10633657
3126151,10672471
3126151,10803948
3126151,11498422
3126151,12395286
3126151,12515948
3126151,13139755
3126151,14491939
3126151,49259572
3126151,51018902
3126151,68221232
3126151,80755672
3126151,84292982
3126151,119396922
3126151,138015062
3215231,4038501
3215231,7047219
3265001,4023815
3265001,4103408
3265001,4104899
3265001,5306539
3265001,8058039
3265001,11140418
3265001,14486481
3376761,3897051
3376761,4330924
3376761,5215136
3376761,6735039
3376761,7269112
3376761,8675234
3542201,4327271
3542201,4463649
3542201,7890702
3542201,9095678
3542201,9334770
3542201,10816636
3542201,13252291
3542201,14004075
3542201,14803977
3574561,5095703
3574561,5145326
3574561,10448666
3574561,12632197
3574561,48969071
3575501,4867043
3575501,163128877
3581341,5254940
3581341,5422050
3581341,13930975
3581341,77993682
3603231,3697701
3603231,5068032
3603231,5967050
3603231,9811408
3603231,13606033
3615211,5361605
3615211,9814678
3615211,14235001
3615211,14635923
3615211,14698879
3615211,52463032
3615211,61053822
3618691,5947658
3638541,14612775
3638541,162070292
3664141,7548856
3664141,9580552
3664141,9653084
3664141,13296209
3664141,14051601
3664141,49259572
3664141,52185982
3664141,75605482
3664141,132723492
3674121,4333891
3674121,4860761
3674121,5536564
3674121,5844239
3674121,5849210
3674121,6004048
3674121,6397900
3674121,7208392
3674121,8310400
3674121,10388560
3674121,12588946
3674121,14004075
3674121,14539467
3674121,49197782
3674121,61498882
3695081,4204510
3697701,4485154
3700221,4989034
3700221,8613614
3700221,9089666
3700221,9334770
3744641,3933641
3744641,5482056
3744641,8791550
3744641,10961718
3744641,51305922
3744641,61701582
3826021,4698748
3826021,5849210
3826021,8310400
3826021,9759672
3826021,50657232
3830821,3968561
3830821,4759264
3830821,5565220
3841221,3977201
3841221,10375188
3859631,4740968
3859631,4886703
3859631,7295534
3881631,4039193
3881631,4456001
3881631,4876653
3881631,5200697
3881631,5417614
3881631,5423737
3881631,5910045
3881631,7068753
3881631,7746050
3881631,7765128
3881631,10286020
3881631,10633657
3881631,11242224
3881631,14161851
3881631,152317532
3897051,9755580
3897051,68358002
3922091,8682742
3922091,8865120
3922091,9756660
3922091,10816636
3922091,14732955
3922661,4968870
3922661,5412407
3922661,6004048
3922661,7029627
3922661,8945638
3922661,9472712
3922661,10189722
3922661,10583405
3922661,11025346
3922661,11310104
3922661,11554743
3922661,12029862
3922661,12268072
3922661,13209035
3922661,13299379
3922661,105047672
3933641,4777938
3933641,7397124
3933641,8355648
3933641,9958178
3933641,10668885
3933641,13905711
3933641,14779157
3933641,51305922
3933641,110616822
3968561,4103977
3968561,4445699
3968561,4492087
3968561,4746199
3968561,4757864
3968561,4886703
3968561,6401240
3968561,8706544
3968561,14486481
3970231,5139444
3970231,5210092
3970231,8650570
3970231,9386320
3970231,12632197
3970231,63515642
3970311,5139444
3970311,13930975
3972081,5259966
3972081,10833242
3972081,15051551
3972081,117259882
3977201,5821103
3977201,7188840
3977201,7349332
3977201,8114447
3977201,10375188
3977201,11393622
3977201,12431462
3977201,13631667
3977201,13923487
3977201,14756433
3977201,15299377
3977201,49818632
3977201,59691632
4017020,9236850
4023522,4789188
4023522,8981214
4023522,10382806
4023522,12010760
4023522,13063581
4023815,5306539
4023815,5462679
4023815,6032634
4023815,8185084
4023815,12133088
4025419,4344192
4025419,10961718
4025419,12350516
4025419,51305922
4033307,4068342
4033307,4811152
4033307,5962744
4033307,6693037
4033307,8222632
4033307,9708982
4033307,10052642
4033307,10586747
4033307,11329214
4033308,10399494
4033308,13806415
4037971,5531258
4037971,9635624
4037971,10375188
4038501,4414006
4038501,4606399
4038501,5266156
4038501,5286414
4038501,7208392
4038501,7583722
4038501,9477752
4038501,9763952
4038501,10816636
4038501,11025346
4038501,11559031
4038501,11815065
4038501,12029862
4038501,12098828
4038501,12637039
4038501,13028375
4038501,14539467
4038501,50258612
4038501,66952022
4038501,68358002
4039193,7068771
4039193,7810466
4039193,61145262
4042182,6718107
4042182,85216072
4043887,5617341
4044277,7583722
4044787,5866223
4044787,7699874
4047894,6943441
4050205,4390053
4050205,4495513
4050205,4746199
4050205,4755027
4050205,4968870
4050205,5531258
4050205,7543848
4050205,10583405
4050205,14456487
4050205,14482665
4050205,51965252
4051157,4341930
4051157,4432412
4051448,6672406
4051448,6920971
4051448,13152245
4051448,109455142
4051448,263307171
4051519,4902904
4051519,11310104
4051519,12487862
4051519,13299379
4051519,13571283
4051519,49364062
4055614,5114288
4055614,7746050
4055614,9708982
4056850,4390053
4056850,4485154
4056850,4649104
4056850,5412407
4056850,5536564
4056850,5849210
4056850,6004048
4056850,7208392
4056850,7511588
4056850,7803478
4056850,11289472
4056850,11471022
4056850,11559031
4056850,12588946
4056850,14534981
4056850,49544582
4056850,95873492
4068342,4428155
4068342,5503286
4068342,6017626
4068342,8112331
4068342,9151334
4068342,11581389
4068342,11736681
4068342,52716632
4072825,5866223
4077892,4390053
4077892,5849210
4077892,12816283
4082148,5595093
4084280,4204510
4084280,5524597
4084280,7979540
4084280,8675234
4086965,5012145
4086965,10448666
4086965,54647592
4086965,77993682
4087782,5335252
4087782,5497121
4087782,5593078
4087782,6855525
4087782,7602544
4087782,7668530
4087782,8673550
4087782,11026886
4087782,13835607
4087782,14240131
4087782,14626539
4087782,121672292
4087782,263307171
4089983,7746050
4089983,11301722
4096815,5680356
4096815,8354140
4096815,14414849
4098026,5916639
4099751,11816945
4100351,4101336
4100351,4338602
4100351,5242214
4100351,5665812
4100351,10427228
4100351,61061602
4101336,5109534
4101336,5242214
4101336,5569543
4101336,6412878
4101336,7548984
4101336,9958178
4101336,12461772
4103408,4104927
4103408,4677655
4103408,12133088
4103977,5306539
4103977,5462679
4104899,4445699
4104899,4757864
4104899,5118016
4104899,5570870
4104899,7358224
4104899,8480288
4104899,13611425
4104899,73101792
4104927,4453455
4104927,4492087
4104927,4652821
4104927,4740968
4104927,4768753
4104927,4886703
4104927,10668885
4105259,4400138
4105259,5398364
4105259,15029771
4107425,4477462
4107425,5001745
4107425,5237400
4107425,5918943
4107425,11122456
4108232,4782876
4108232,5049073
4108232,5525551
4108232,9851680
4108232,10052642
4112751,10668885
4121259,4907510
4121259,7853018
4121259,8719870
4121259,12422192
4121259,53049432
4122540,5823126
4122540,5912409
4122540,6222398
4122540,7699412
4122540,8823878
4130953,8613614
4130953,11310104
4130953,12268072
4130953,12360448
4130953,12487862
4130953,13529333
4130953,100314362
4134443,4685792
4140436,4247469
4140436,4247478
4140436,5303587
4140436,5303588
4153481,5532315
4153481,8874422
4153481,12250622
4170146,4937924
4170146,4981246
4170146,5330639
4170146,5603958
4170146,12250622
4170146,12615805
4170146,57996412
4190423,5700769
4190423,5700991
4190423,7256126
4190423,7518636
4190423,8670954
4190423,13025953
4190423,13806415
4190423,52716632
4190423,65608142
4194972,4194973
4194972,7355980
4194973,4920272
4194973,127637852
4204510,4814134
4204510,4860761
4204510,5266156
4204510,6004048
4204510,7718756
4204510,9472712
4204510,11815065
4204510,12717391
4224444,4555634
4224446,10426250
4237484,12250622
4239461,7990708
4239461,8119849
4243076,5144502
4244787,4448284
4244787,4732518
4244787,5053940
4244787,5150231
4244787,5200697
4244787,5308978
4244787,5454687
4244787,5832280
4244787,5910045
4244787,7068771
4244787,7810466
4244787,10185674
4244787,10640291
4244787,11242224
4244787,11301722
4244787,14161851
4244787,58598842
4247478,5303588
4247478,84292982
4252576,4319377
4252576,5357220
4252576,5738632
4252576,6661704
4252576,6735039
4252576,6974949
4252576,7202320
4252576,7554724
4252576,8682740
4252576,9756660
4252576,9896010
4252576,10632397
4252576,11665341
4252576,14732955
4252576,74892432
4259384,5290696
4259384,7559048
4278295,13299379
4278295,14876665
4278295,50033982
4278295,50657232
4288016,4611283
4288016,5314600
4288016,10426250
4288016,134510332
4312845,7349332
4317603,4986093
4317603,5200697
4317603,5910045
4317603,7068753
4317603,8344528
4317603,10989694
4317603,11242224
4317603,12383494
4317603,12462878
4317603,12628099
4317603,12637021
4317603,61474832
4319377,6661704
4319377,6735039
4319377,8865120
4319377,9092188
4319377,9756660
4319377,9763952
4319377,10816636
4319377,14732955
4319377,14780015
4319377,74892432
4322111,4325688
4325688,4533495
4325688,7568478
4327271,6557769
4327271,8119849
4327376,4494623
4327376,5796893
4327376,8873540
4327376,9134960
4327376,9615244
4327376,12160546
4327376,12218918
4327376,220540115
4327376,222898665
4330924,4462268
4330924,5555570
4330924,7583722
4330924,8422672
4330924,9095678
4330924,9844398
4330924,14858167
4330924,212949977
4330924,216346095
4330987,4999707
4330987,7841120
4331004,4768753
4331004,6982223
4333887,4592596
4333887,7295534
4333887,7358224
4338602,4674484
4338602,4698748
4338602,9281246
4338602,13905711
4341930,5131091
4341930,5147523
4344192,5482056
4344192,7889792
4344192,12558830
4344192,14492701
4344192,15104399
4344192,59936352
4344192,117111442
4344192,121672292
4365815,101739872
4369388,4512791
4369388,5532315
4390053,4448284
4390053,4456001
4390053,4611283
4390053,4688569
4390053,4803754
4390053,4860761
4390053,4937383
4390053,5049074
4390053,5068032
4390053,5237400
4390053,5287882
4390053,5297266
4390053,5306539
4390053,5518524
4390053,5683028
4390053,5817388
4390053,5849210
4390053,5967050
4390053,6397900
4390053,6511779
4390053,7068771
4390053,7140333
4390053,7351232
4390053,7554724
4390053,7611526
4390053,7674918
4390053,8403196
4390053,9708982
4390053,9848068
4390053,10286020
4390053,11268268
4390053,11301722
4390053,11359554
4390053,12588946
4390053,12759119
4390053,12944237
4390053,13097199
4390053,14549479
4390053,14805647
4390053,14979839
4390053,49259572
4390053,50030162
4390053,50633822
4390053,54330242
4390053,60552072
4390053,66952022
4390053,80365122
4390053,145068682
4397349,4448284
4397349,4456001
4397349,4778560
4397349,4928598
4397349,5385790
4397349,5423737
4397349,5817388
4397349,6174642
4397349,6705395
4397349,8112331
4397349,9803116
4397349,10220698
4397349,10286020
4397349,10962664
4397349,11666599
4397349,11922823
4397349,12515948
4397349,12710203
4397349,13139755
4397349,49283392
4397349,50258612
4397349,50633822
4397349,52716632
4397349,52942802
4397349,54330242
4397349,68337772
4397349,70050122
4397349,114802912
4397349,131216322
4397349,132937152
4397349,175025637
4400138,7260670
4409884,4542822
4409884,13152245
4414006,6514883
4414006,7979540
4414006,9095678
4414006,10189722
4414006,10395816
4414006,13916083
4414006,50683152
4420429,4674484
4420429,10502441
4428155,4934012
4428155,5114288
4428155,5817388
4428155,7746050
4428155,156213392
4428187,4856048
4428187,7217724
4428187,10452069
4428187,11949001
4428187,13755123
4428188,107059632
4429712,4448630
4429712,4803754
4429712,4842061
4429712,4937383
4429712,4961934
4429712,5264544
4429712,5835993
4429712,5947658
4429712,6672406
4429712,7312776
4429712,7371074
4429712,7459268
4429712,7688746
4429712,8673550
4429712,8873540
4429712,9197980
4429712,10189104
4429712,10286020
4429712,10807780
4429712,11665341
4429712,13645509
4429712,13790723
4429712,13820325
4429712,14343187
4429712,14805647
4429712,50258612
4429712,51495052
4429712,51968652
4429712,52463032
4429712,121672292
4429712,148380152
4429712,148696602
4429712,174484227
4429712,184573357
4429712,249270492
4429712,344313291
4432412,13895003
4432583,4803754
4432583,10189104
4432583,12526056
4432583,14652473
4438587,5059044
4438587,5942214
4438587,6563333
4438587,8835400
4438587,9093938
4438587,13878655
4438587,14756433
4443465,5866223
4444375,5916639
4445699,4757864
4445699,5866223
4445699,6089698
4446887,5526627
4446887,7371074
4447123,10084818
4447123,10844726
4448284,4545763
4448284,4611283
4448284,4637777
4448284,4659579
4448284,4803607
4448284,4986093
4448284,5001745
4448284,5200697
4448284,5237400
4448284,5261299
4448284,5281457
4448284,5417614
4448284,5423737
4448284,5576810
4448284,5832280
4448284,5895822
4448284,5918943
4448284,6511779
4448284,7068753
4448284,7317188
4448284,7351232
4448284,7468790
4448284,7541776
4448284,7611526
4448284,7674918
4448284,7855452
4448284,8125553
4448284,8403120
4448284,8480288
4448284,8629022
4448284,9596260
4448284,10286020
4448284,10510627
4448284,10935332
4448284,11085788
4448284,11122456
4448284,11242224
4448284,11848371
4448284,13097199
4448284,13534745
4448284,13552757
4448284,13833249
4448284,14736915
4448284,14854891
4448284,45663272
4448284,50258612
4448284,52528582
4448284,56731592
4448284,61094422
4448284,61145262
4448284,61474832
4448284,63912472
4448284,66314222
4448284,66952022
4448284,67853702
4448284,68358002
4448284,71093832
4448284,74042892
4448284,84292982
4448284,88900572
4448284,108068032
4448284,118232102
4448284,122123672
4448284,123053672
4448284,135512622
4448284,143895072
4448284,262408191
4448489,7610132
4448489,14803977
4448489,85216072
4448630,4842061
4448630,5542343
4448630,5594859
4448630,7459270
4448630,7668530
4448630,9687690
4448630,14240131
4448630,14718361
4448630,52937632
4448630,60864502
4448630,101739872
4448630,115427322
4448630,121672292
4452092,6474027
4452092,10318770
4453455,12133088
4453455,55936502
4456001,4510875
4456001,4542250
4456001,4611283
4456001,4637777
4456001,4795158
4456001,4833358
4456001,5237400
4456001,5297021
4456001,5423737
4456001,5500771
4456001,5566782
4456001,5576810
4456001,5817388
4456001,5832280
4456001,5895828
4456001,5931809
4456001,6344192
4456001,7068753
4456001,7317188
4456001,7351232
4456001,7674918
4456001,8125553
4456001,8403120
4456001,8403196
4456001,8891108
4456001,9910102
4456001,10286020
4456001,10672471
4456001,10935332
4456001,11242224
4456001,11270172
4456001,11329302
4456001,12515948
4456001,12710203
4456001,13534745
4456001,14520277
4456001,45663272
4456001,50258612
4456001,50633822
4456001,54330242
4456001,61474832
4456001,61983292
4456001,66206512
4456001,66660652
4456001,66952022
4456001,70050122
4456001,73171372
4456001,83322832
4456001,91717162
4456001,101962882
4456001,105047672
4456001,119396922
4456001,123053672
4456001,131216322
4456001,138015062
4456001,159573692
4456001,161696942
4456001,175025637
4456031,5049074
4456031,5114288
4456031,5454687
4458767,13252291
4459894,7890702
4459894,8425170
4462268,5555570
4462268,5908709
4462268,7583722
4462268,8422672
4462268,8675234
4462268,13252291
4462268,13916083
4462268,14539467
4462268,15304117
4462268,120626712
4462268,216346095
4463649,5287882
4463649,9916160
4477462,4803606
4477462,4854551
4477462,5170231
4477462,5503286
4477462,8125553
4477462,8126637
4477462,9580552
4477462,12379646
4477462,13296209
4477462,99651032
4484514,5264544
4484514,6095428
4485154,5536564
4485154,5849210
4485154,7208392
4485154,7511588
4485154,8945638
4485154,9334770
4485154,9759672
4485154,9945206
4485154,10177296
4485154,10388560
4485154,11025346
4485154,11289472
4485154,11569041
4485154,12029862
4485154,61094422
4485585,7402526
4486020,6351846
4486020,7077481
4486020,7459270
4486020,9134324
4486020,9281246
4486020,10695573
4486020,11584555
4486020,49569672
4486020,148380152
4488458,4855945
4488458,56463732
4488516,4688569
4488516,7746050
4488516,14639121
4489039,5550166
4492087,5462679
4492087,13658563
4494623,5312792
4494623,11736133
4494623,12526056
4495513,7101343
4495513,11934257
4495513,13200787
4495513,13631667
4495513,13814197
4495513,48947681
4495513,51305922
4495513,59691632
4495513,81764332
4510044,4907510
4510044,5877213
4510044,7365500
4510044,13566145
4510875,7103439
4510875,61983292
4510875,83322832
4510875,91717162
4510875,101962882
4512147,10218968
4512754,4876653
4512754,5200697
4512754,5832280
4512754,9596260
4512754,11583679
4512754,12628099
4512754,14520277
4512754,61474832
4512754,83322832
4512754,122123672
4512754,186903217
4512791,5532315
4512791,5810420
4512791,12250622
4512791,12615805
4512791,14801651
4516100,11366354
4523594,7934112
4532335,6249176
4532335,6995669
4532335,8354140
4532335,10003428
4532335,14414849
4532335,14928241
4532513,70263012
4533495,5617908
4533495,163128877
4538892,5398762
4538892,5503854
4542250,5064691
4542250,5237400
4542250,5266156
4542250,5417614
4542250,5423737
4542250,5576810
4542250,8403196
4542250,12462878
4542250,12994625
4542250,51512592
4542250,131216322
4542822,5335252
4545763,4688569
4545763,5566782
4545763,6755467
4545763,7103439
4545763,8278422
4545763,8480288
4545763,9667370
4545763,10286020
4545763,10581575
4545763,10640291
4545763,11626663
4545763,12896823
4545763,13131843
4545763,13416889
4545763,13806415
4545763,45663272
4545763,52182182
4545763,57548052
4545763,63912472
4545763,65504032
4545763,72325102
4545763,77482782
4545763,102703622
4545763,123053672
4545852,6466283
4545852,7650170
4549214,4740968
4549214,4768753
4549214,5866223
4549214,64927672
4551457,4811152
4551457,4811160
4551457,5237400
4551457,5895822
4551457,7548856
4551457,10257238
4551457,13139755
4551457,13392565
4551457,14000007
4551457,15198475
4551457,49259582
4551457,52185982
4551457,66198732
4551457,67905592
4551457,68010272
4551457,70637642
4551457,72845512
4552655,271210292
4555032,5055625
4555032,5061199
4555032,5150231
4555032,6344194
4555032,6446764
4555032,7103439
4555032,11122456
4555032,11270172
4555032,11416128
4555032,14054499
4555032,50258612
4555032,51968592
4555032,67522822
4555032,72845512
4555032,82063132
4556160,5385790
4556160,9803116
4556160,68337772
4556160,132937152
4592596,4768525
4592596,4999707
4592596,7420680
4592596,11167720
4596930,5200697
4596930,5566782
4596930,5910045
4596930,7674918
4596930,8403196
4596930,10633657
4596930,11242224
4596930,12515948
4596930,14491939
4596930,61145262
4596930,131216322
4600065,5200697
4600065,5910045
4600065,6857697
4600065,7810466
4600065,8403196
4600065,58598842
4600065,61145262
4600065,122123672
4600065,123053672
4600065,129085752
4600065,166727787
4606326,10799102
4606326,11136812
4606399,4652821
4606399,4698748
4606399,4999707
4606399,5526627
4606399,5844239
4606399,7140333
4606399,7358224
4606399,8119849
4606399,10286020
4606399,68358002
4606399,73101792
4606572,10052642
4611283,4795158
4611283,5200697
4611283,5237400
4611283,5314600
4611283,5387368
4611283,5500771
4611283,5576810
4611283,5832280
4611283,7068771
4611283,7541776
4611283,7611526
4611283,7810466
4611283,8208130
4611283,8318074
4611283,8403120
4611283,8933254
4611283,9596260
4611283,9910102
4611283,10257238
4611283,10413716
4611283,10633657
4611283,10672471
4611283,10803948
4611283,12258100
4611283,12710203
4611283,13097199
4611283,13121157
4611283,13534745
4611283,14161851
4611283,14520277
4611283,49259572
4611283,50633822
4611283,61145262
4611283,61302392
4611283,61474832
4611283,65459982
4611283,68221232
4611283,84292982
4611283,91717162
4611283,119719522
4611283,123053672
4611283,129085752
4611283,131216322
4611283,135512622
4611283,161696942
4611283,217772485
4611283,258370482
4616610,5126564
4626477,5876247
4626477,11949001
4626477,14240131
4626477,48443532
4626477,50860262
4633500,4688569
4633500,4934012
4633500,5049074
4633500,5287882
4633500,6174642
4633500,13416889
4633500,13806415
4633500,45663272
4633500,49259572
4633500,56463732
4633500,77157522
4637777,5566782
4637777,5700991
4637777,5918943
4637777,6705395
4637777,7548856
4637777,8403120
4637777,8609358
4637777,9848068
4637777,10510627
4637777,11666599
4637777,12628099
4637777,13097199
4637777,13552757
4637777,45663272
4637777,49259572
4637777,61474832
4637777,65017672
4637777,65501912
4637777,66198732
4637777,66314222
4637777,74042892
4637777,114472782
4637777,114802912
4637777,116226662
4637777,118981132
4637777,122123672
4637777,131216322
4637777,264261321
4649104,4860761
4649104,4937383
4649104,5297021
4649104,5526627
4649104,5536564
4649104,5575105
4649104,5620251
4649104,5962948
4649104,7627172
4649104,7961888
4649104,9096522
4649104,9236850
4649104,9262400
4649104,9417376
4649104,10177296
4649104,10385666
4649104,10433448
4649104,10583405
4649104,11289472
4649104,12029862
4649104,48947801
4649104,105047672
4649104,113547672
4649104,125722472
4649515,5798710
4649515,9848068
4649515,10286020
4649515,12256322
4649515,13025953
4649515,14719869
4649515,49135961
4649515,56463732
4651129,7402526
4652821,7358224
4659579,5518524
4659579,11268268
4663946,4855929
4663946,5416727
4663946,5503854
4663946,6994659
4663946,8981214
4663946,10382806
4663946,10602599
4663946,11834965
4663946,12208250
4663946,52783482
4664074,9910102
4664074,12759119
4664074,13515845
4664074,14161851
4664074,258370482
4674484,4860761
4674484,5109534
4674484,5570880
4674484,7047219
4674484,9958178
4674484,12350516
4677655,4746199
4677655,5406755
4677655,9328498
4677655,12133088
4677655,50633812
4677655,106849212
4680004,11301722
4680004,168158797
4688569,5055625
4688569,5064691
4688569,5281457
4688569,5518524
4688569,5566782
4688569,6705395
4688569,7068771
4688569,7140333
4688569,7541776
4688569,9516614
4688569,10286020
4688569,10399494
4688569,11268268
4688569,11891997
4688569,12610223
4688569,13552757
4688569,13806415
4688569,45663272
4688569,48947801
4688569,50258612
4688569,52182182
4688569,52528582
4688569,66314222
4688569,66952022
4688569,77157522
4688569,84227392
4688569,102703622
4688569,135512622
4694728,5013120
4694728,7371096
4694728,13142337
4694728,208331887
4698748,4937383
4698748,4968870
4698748,5259966
4698748,5297021
4698748,5620251
4698748,7583722
4698748,10388560
4698748,10583405
4698748,11559031
4698748,12029862
4698748,12637039
4698748,13028375
4698748,13916083
4698748,14779157
4698748,50683152
4698748,61384072
4698748,61498882
4698748,101282642
4710481,6087776
4719704,5095768
4719704,5114288
4719704,5638523
4719704,7746050
4719704,9708982
4719704,12515948
4719704,14491939
4732518,4752659
4732518,6516471
4732518,6857697
4732518,7068753
4732518,7745888
4732518,7810466
4732518,8145492
4732518,9980042
4732518,10935332
4732518,14161851
4732518,14603115
4732518,54838802
4732518,58598842
4732518,61474832
4732518,122123672
4732518,123053672
4732518,129085752
4732518,166727787
4732518,264261321
4736156,4867043
4738512,5335252
4738512,7814240
4740968,5340439
4740968,5355950
4740968,5967050
4740968,7185748
4740968,7295534
4740968,7890702
4740968,9710684
4740968,14486481
4740968,59936352
4740968,64927672
4742533,5368499
4746199,4755027
4746199,8185084
4746199,122602052
4747778,4782876
4747778,12071380
4751770,5061091
4751770,5228133
4751770,8725820
4752659,11513017
4752659,129085752
4758163,4758164
4758164,10579847
4768753,5650964
4768753,6401240
4768753,7295534
4768753,8898108
4768753,9811408
4768753,10349386
4768753,12948083
4768753,70217372
4776924,5738632
4776924,10816636
4777520,5145341
4777520,5531258
4777520,10052642
4777938,5266166
4777938,5822699
4777938,14181947
4777938,87033922
4778560,4833358
4778560,5138079
4778560,5256014
4778560,5931809
4778560,7068753
4778560,68337772
4778560,114802912
4778560,132937152
4782275,5245171
4782275,5518775
4782876,7988922
4782876,8480288
4782876,8911470
4782876,9710684
4782876,52942802
4782876,63457202
4789188,11834965
4789188,13063581
4791382,14639121
4794264,6396188
4794264,12641355
4794264,14157839
4794268,5306539
4794268,5961630
4794268,7358224
4795158,5576810
4795158,10185674
4795158,10413716
4795158,13121157
4795158,66206512
4795158,80601362
4795158,83322832
4795158,91717162
4795158,114802912
4795158,119719522
4795158,186903217
4795960,49634222
4799777,5203250
4803605,4803607
4803605,6705395
4803605,49259572
4803606,4811156
4803606,4811160
4803606,5315371
4803606,5503286
4803606,5518547
4803606,5895822
4803606,6344194
4803606,6705395
4803606,6992997
4803606,7548856
4803606,8125513
4803606,8126637
4803606,8314106
4803606,9580552
4803606,9653084
4803606,11666599
4803606,12952755
4803606,13296209
4803606,14018307
4803606,66198732
4803606,99508752
4803607,5150231
4803607,5170231
4803607,5895822
4803607,5918943
4803607,6573849
4803607,8125513
4803607,8125553
4803607,8314106
4803607,8854200
4803607,10257238
4803607,11122456
4803607,11481726
4803607,12952755
4803607,13327441
4803607,14018307
4803607,50258612
4803607,61906362
4803607,67905592
4803607,95557122
4803610,8125553
4803610,9286504
4803610,11270172
4803610,11481726
4803610,12258100
4803610,14092217
4803754,4842061
4803754,6412878
4803754,7459268
4803754,7602544
4803754,8873540
4803754,9281246
4803754,10102172
4803754,10189104
4803754,12526056
4803754,13962203
4803754,50633822
4803754,51968652
4803754,66228482
4811119,4893530
4811119,5849210
4811119,13209035
4811152,4811160
4811152,5503286
4811152,5895822
4811152,7554724
4811152,8125553
4811152,9580552
4811152,9653084
4811152,10052642
4811152,10257238
4811152,11639727
4811152,11666599
4811152,13392565
4811152,57259292
4811152,112522052
4811152,264261321
4811156,4811160
4811156,5518547
4811156,6344194
4811156,6705395
4811156,6992997
4811156,8125513
4811156,8314106
4811156,9653084
4811156,15198475
4811156,49259572
4811156,49472072
4811156,52185982
4811156,61906362
4811156,68010272
4811156,76532432
4811156,118232102
4811160,4854551
4811160,5503286
4811160,5518547
4811160,5849589
4811160,6344194
4811160,6705395
4811160,8125513
4811160,8125553
4811160,8403120
4811160,8854200
4811160,9580552
4811160,9653084
4811160,11626663
4811160,11666599
4811160,12379646
4811160,12952755
4811160,13296209
4811160,13392565
4811160,14018307
4811160,15198475
4811160,49259572
4811160,52185982
4811160,66314222
4811160,68010272
4811160,99508752
4811160,116226662
4812795,5330516
4812795,5526627
4812795,6998083
4812795,7327640
4812795,12717391
4812795,48765861
4813087,6998083
4814134,5552795
4814134,5692835
4814134,7208392
4814134,7979540
4814134,8310400
4814134,8642854
4814134,8675234
4814134,11025346
4814134,11310104
4814134,11815065
4814134,14539467
4814134,68358002
4814224,75567382
4816405,48765861
4816405,48975581
4831136,5603958
4831136,71676102
4832422,8114447
4833358,14491939
4833358,54330242
4841158,12676237
4841158,13905711
4842061,5542343
4842061,5593078
4842061,5947658
4842061,6012232
4842061,7459270
4842061,7853018
4842061,8873540
4842061,9134324
4842061,9687690
4842061,10452069
4842061,13645509
4842061,14103363
4842061,14621667
4842061,49569672
4842061,80449002
4842061,80681022
4842061,111130212
4854551,5064262
4854551,5315367
4854551,5315371
4854551,5503286
4854551,5518547
4854551,5895822
4854551,5939966
4854551,6344194
4854551,6705395
4854551,6992997
4854551,7541776
4854551,7548856
4854551,8125513
4854551,8125553
4854551,8314106
4854551,8403120
4854551,8854200
4854551,9580552
4854551,9653084
4854551,12379646
4854551,12952755
4854551,13296209
4854551,13416889
4854551,13552757
4854551,14018307
4854551,49259572
4854551,49259582
4854551,49472072
4854551,67905592
4854551,95557122
4854551,99651032
4854551,103851292
4854551,109692442
4854551,115304412
4854551,124786782
4854551,219083485
4855929,7355980
4855930,9848068
4855930,9910102
4855930,11301722
4855945,5895822
4855945,8121175
4855945,12256322
4855957,5503286
4856048,5877213
4859568,5439470
4860761,4937383
4860761,5287882
4860761,5297021
4860761,5412407
4860761,5692835
4860761,5942214
4860761,6705223
4860761,7371074
4860761,7803478
4860761,7988922
4860761,8706544
4860761,9064930
4860761,10177296
4860761,10385666
4860761,10583405
4860761,10833242
4860761,11289472
4860761,11815065
4860761,12487862
4860761,14343187
4860761,14534981
4860761,48947801
4860761,49544582
4860761,50633822
4860761,61498882
4860761,101706332
4860761,105047672
4860762,4861665
4860762,5862597
4865554,9877358
4867043,13700433
4872480,5072456
4876653,5832280
4876653,6227200
4876653,13190913
4876653,71286292
4877396,5531419
4877396,59480682
4889156,344313291
4893530,9472712
4893530,12029862
4893530,13209035
4901330,108948382
4902904,5620251
4902904,5849210
4902904,5851984
4902904,6397900
4902904,6705223
4902904,7327640
4902904,8613614
4902904,10580067
4902904,10816636
4902904,11554743
4902904,12029862
4902904,12487862
4902904,12637039
4902904,12676237
4902904,12991285
4902904,13028375
4902904,13299379
4902904,13529333
4902904,13571283
4902904,13586537
4902904,13744631
4902904,13893391
4902904,14805647
4902904,14876665
4902904,50657232
4902904,61094422
4902904,105047672
4902904,111130212
4902904,155887202
4904080,7004075
4904080,9089666
4904080,14482665
4907510,4951751
4907510,9134324
4907510,10147346
4907510,10695573
4907510,12526056
4907510,13622973
4907510,14802869
4907510,53325902
4907510,54856202
4907510,107059632
4920272,73182282
4920272,97362412
4925172,11934257
4925950,5281457
4925950,5454687
4925950,9980042
4925950,105595002
4928598,4934012
4928598,5700991
4928598,5817388
4928598,6096056
4928598,7833984
4928598,10581575
4928598,12471680
4928598,12515948
4928598,13131843
4928598,52941522
4934011,4934012
4934011,5503284
4934011,5851984
4934011,12406950
4934011,13025953
4934011,13131843
4934012,5138948
4934012,5817388
4934012,5851984
4934012,6174642
4934012,7351232
4934012,8125553
4934012,8278422
4934012,8629022
4934012,10399494
4934012,10581575
4934012,11736681
4934012,11891997
4934012,12406950
4934012,13416889
4934012,52716632
4934012,61983292
4934012,114472782
4934012,156213392
4937383,5297021
4937383,5412407
4937383,5575105
4937383,5639048
4937383,5844239
4937383,5849210
4937383,6043160
4937383,7201102
4937383,7371096
4937383,7511588
4937383,7961888
4937383,8945638
4937383,9477752
4937383,9945206
4937383,10189104
4937383,10388560
4937383,10583405
4937383,11359554
4937383,11443084
4937383,11559031
4937383,12029862
4937383,12588946
4937383,13209035
4937383,14534981
4937383,48947801
4937383,49364062
4937383,49544582
4937383,58568762
4937383,68358002
4937383,101706332
4937383,105047672
4939069,5182572
4950687,7295534
4950687,7815200
4951751,6052318
4951751,6661704
4951751,8682742
4951751,10177296
4951751,10580067
4951751,12029862
4951751,12487862
4951751,13252291
4951751,13299379
4951751,13529333
4951751,13905711
4951751,14588939
4951751,54047652
4951751,80365122
4951751,101282642
4951751,212949977
4951751,239030641
4959736,10194296
4961934,5288900
4961934,7459270
4961934,10930872
4961934,127314642
4961934,220540115
4961934,274705721
4962010,5059044
4962010,5297021
4962010,7890702
4962010,9064930
4968870,6853403
4968870,10668885
4968870,13631667
4973602,6661704
4973602,7979540
4973602,8422672
4973602,8986600
4973602,9896010
4973602,12944237
4973602,50683152
4979472,6786775
4979472,10375188
4979472,14482665
4981246,5252888
4986093,5910045
4986093,6511779
4986093,7068753
4986093,7079289
4986093,9910102
4986093,10185674
4986093,12628099
4986093,12759119
4986093,13534745
4986093,49259572
4986093,51018902
4986093,54838802
4986093,107502672
4986093,123053672
4986093,131216322
4986093,152317532
4986093,172071177
4986771,6351846
4986771,7365500
4986771,9945222
4986771,10264540
4986771,12526056
4986771,80268952
4986771,85082932
4986771,184573357
4986771,204461457
4989034,5059044
4989034,5575105
4989034,8650540
4989034,9281246
4989034,10816636
4989034,11167720
4989034,11279454
4989034,11816945
4989034,15103965
4989034,51464362
4989034,55158992
4993003,5510914
4999707,5650964
4999707,7402526
4999707,8425170
4999707,11070000
4999707,12948083
4999707,14486481
4999707,60552072
4999707,73101792
4999707,215753985
5000503,10318770
5001745,50258612
5013120,5259968
5013120,9197980
5021724,7358224
5021724,7803478
5021724,9811408
5026705,5210092
5026705,8260054
5026705,10877418
5026705,15051551
5039338,9776678
5039338,12676237
5039338,76053262
5049073,5817388
5049073,8121175
5049073,8675234
5049073,10052642
5049073,10711849
5049073,11242224
5049073,13131843
5049073,14549479
5049073,49135961
5049074,5138079
5049074,6174642
5049074,6705395
5049074,8629022
5049074,8670954
5049074,11268268
5049074,11421098
5049074,11736681
5049074,11891997
5049074,12610223
5049074,13025953
5049074,13131843
5049074,45663272
5049074,49259572
5049074,50258612
5049074,50873882
5049074,63912472
5049074,77157522
5049074,78411782
5049074,84227392
5049074,102703622
5049074,126936082
5053940,5503284
5053940,13025953
5053940,14549479
5053940,50258612
5053940,52849522
5053940,69307442
5053940,71093832
5055556,68078472
5055625,5518524
5055625,7351232
5055625,9762450
5055625,11301722
5055625,11416128
5055625,88835182
5059044,5297021
5059044,5454798
5059044,5575105
5059044,6208668
5059044,7101343
5059044,7803478
5059044,7961888
5059044,11116250
5059044,13639985
5059044,13814197
5059044,14063641
5059044,15063429
5059044,51204222
5059044,68294032
5061199,5150231
5061199,5518524
5061199,5895822
5061199,6344192
5061199,6446764
5061199,6573849
5061199,6941559
5061199,7103439
5061199,7468790
5061199,7855452
5061199,8125543
5061199,8125553
5061199,8314106
5061199,9596260
5061199,11270172
5061199,11416128
5061199,12305722
5061199,12610223
5061199,12956877
5061199,13296209
5061199,14054499
5061199,14549479
5061199,14854891
5061199,14907231
5061199,49259572
5061199,51018902
5061199,51968592
5061199,52477472
5061199,66952022
5061199,72531372
5061199,72845512
5061199,82063132
5061199,103851292
5061199,132712992
5064262,5503286
5064262,5895822
5064262,5939966
5064262,6941559
5064262,8125553
5064262,8854200
5064262,12952755
5064262,14907231
5064262,49259572
5064262,49259582
5064691,5931809
5064691,11626663
5068032,5306539
5068032,6691915
5068032,7358224
5068032,9811408
5068032,13606033
5072456,5503854
5072456,7650170
5078058,13700433
5078097,13639985
5095768,5114288
5095768,14491939
5103432,5290696
5109534,9958178
5111084,7961408
5114288,5454687
5114288,6705395
5114288,7746050
5114288,11242224
5114288,12406950
5114288,12526962
5114288,129085752
5114288,143895072
5115600,6920971
5115600,7077481
5115600,7995536
5115600,9134960
5115600,9884966
5115600,10161764
5115600,10807780
5115600,14341205
5118016,5570870
5130369,5550166
5130369,9910102
5130369,68221232
5130634,5306539
5130634,5462679
5130634,52823842
5131091,7402526
5131091,8409650
5131091,11816945
5131091,12133088
5131091,76053262
5135133,5931809
5135133,12710203
5135133,70050122
5135133,175025637
5138079,11329302
5138079,118981132
5138948,5287882
5138948,5798710
5138948,11626663
5138948,13416889
5139444,5254940
5139444,8650570
5139444,10194296
5139444,13930975
5139444,49634222
5144502,5771489
5144502,11032458
5144502,12414626
5144502,127314642
5145326,5210092
5145326,9454970
5145326,15051551
5147523,5478691
5147523,5575762
5147523,7627172
5147523,11116250
5147523,11279454
5147523,49825112
5150231,5160080
5150231,5503284
5150231,5518547
5150231,5654023
5150231,5798710
5150231,5895822
5150231,7351232
5150231,7855452
5150231,8403196
5150231,9551192
5150231,9580552
5150231,10833242
5150231,10935332
5150231,11481726
5150231,12628099
5150231,13421075
5150231,13537217
5150231,13686667
5150231,49197872
5150231,49472072
5150231,65017672
5150231,65501912
5150231,66198732
5150231,72531372
5150231,76532432
5150231,82063132
5150231,118232102
5150231,132712992
5159122,5245244
5159425,6718107
5160080,5176627
5160080,5281457
5160080,8126637
5160080,10833242
5160080,12637021
5160080,14333907
5160080,14854891
5160080,49259572
5160091,5910045
5160091,8344528
5160091,152317532
5160091,166727787
5170231,5518547
5170231,6344194
5170231,6446764
5170231,8125543
5170231,9286504
5170231,9596260
5170231,12637021
5170231,12952755
5170231,13296209
5170231,57259292
5171069,5203250
5171069,6557769
5171069,7508018
5175588,7765128
5175588,14979839
5175734,13645509
5175734,13682095
5176627,5895822
5182572,5184050
5182572,8426034
5198024,58888922
5200025,15299377
5200697,5237400
5200697,5423737
5200697,6511779
5200697,7068753
5200697,7317188
5200697,8403120
5200697,10413716
5200697,10633657
5200697,10989694
5200697,14161851
5200697,14491939
5200697,114802912
5200697,123053672
5200697,131216322
5200697,135512622
5200697,143895072
5200697,145336382
5200697,152317532
5203250,5425093
5203250,7803478
5203250,8058039
5203250,9096522
5203250,13878655
5210092,5264544
5210092,5719412
5210092,13930975
5210092,14956079
5210092,49634222
5210092,63515642
5215136,14732955
5215136,14780015
5220843,5286414
5228133,5398762
5228133,5417614
5228133,5503854
5228133,5569112
5228133,5918943
5228133,7355980
5228133,10382806
5228133,13139755
5228133,108948382
5230088,7792810
5230088,8642854
5230088,9896010
5230088,14004075
5230088,14539467
5230088,14858167
5237400,5518547
5237400,5576810
5237400,5895822
5237400,6992997
5237400,7351232
5237400,8125513
5237400,8125553
5237400,8403120
5237400,9596260
5237400,10257238
5237400,11033960
5237400,11270172
5237400,13139755
5237400,14520277
5237400,14736915
5237400,112522052
5237400,115304412
5241750,10189104
5241750,11032458
5241750,12490752
5241750,14626539
5241750,52463032
5241750,63519802
5241932,5967050
5241984,9281246
5241984,10264540
5241984,13554009
5241984,15337813
5241984,55387692
5241984,123033132
5245171,5462679
5245183,8114447
5245183,11361878
5245244,5503854
5245244,8981214
5245244,9240434
5245244,11834965
5245244,61302392
5250480,13622973
5250480,67181132
5250480,148696602
5253492,6311268
5253492,11665341
5254662,7402526
5254940,5422050
5254940,7444722
5254940,55747772
5256014,5931809
5256014,12710203
5256014,54330242
5256014,132937152
5259966,6557769
5259966,7988922
5259966,9444014
5259966,10375188
5259966,61701582
5259966,102426952
5259966,110616822
5259966,145068682
5259968,5482056
5259968,5509507
5261299,10935332
5264544,5266166
5264544,8260054
5264544,10189104
5264544,12632197
5266156,5286414
5266156,5501870
5266156,5526627
5266156,5849210
5266156,6947323
5266156,7327640
5266156,10110184
5266156,10189722
5266156,10286020
5266156,10628057
5266156,11289472
5266156,11359554
5266156,11559031
5266156,11928391
5266156,12029862
5266156,13028375
5266156,14588939
5266156,49197782
5266156,68358002
5266156,105047672
5266156,153152092
5266166,7444722
5266166,9375398
5266166,10448666
5266166,10807780
5266166,11665341
5266166,14181947
5266166,87033922
5276754,7358224
5276754,13658563
5276754,70217372
5281457,5308978
5281457,5454687
5281457,7703964
5281457,10510627
5281457,14854891
5281457,105595002
5281457,123053672
5281457,129085752
5281457,135512622
5284515,12346612
5284515,13299379
5284515,49197782
5286414,10110184
5286414,10189722
5286414,11310104
5286414,12098828
5287882,7256126
5287882,7371096
5287882,72531372
5288900,5542343
5288900,5876247
5288900,7459270
5288900,9976422
5288900,10452069
5288900,11026886
5288900,12632197
5288900,13152245
5288900,13918545
5288900,14240131
5288900,51968652
5288900,66228482
5288900,184573357
5288900,249270492
5292512,5462679
5292512,7890702
5292512,12133088
5292512,14456487
5297021,6043160
5297021,7961888
5297021,9262400
5297021,9477752
5297021,10583405
5297021,10628057
5297021,11815065
5297021,67431122
5297021,139171932
5297266,7674918
5297266,10286020
5303587,11301722
5303588,6077584
5303588,9910102
5303588,10185674
5306539,5462679
5306539,5505912
5306539,5967050
5306539,5992092
5306539,7508018
5306539,8087921
5306539,8185084
5306539,11144828
5306539,12785693
5306539,70217372
5308978,8152494
5308978,11481726
5308978,12637021
5308978,51018902
5308978,52477472
5308978,54097282
5308978,91717162
5308978,105595002
5308978,115304412
5308978,119719522
5308978,129085752
5308978,186903217
5314600,5500771
5314600,8208130
5314600,10426250
5314600,13534745
5314600,84292982
5314600,161696942
5314600,217772485
5315367,5315371
5315367,5518547
5315367,5849589
5315367,5939966
5315367,6344194
5315367,8125553
5315367,9580552
5315367,9653084
5315367,13296209
5315367,49259582
5315367,52185982
5315367,56463732
5315367,61906362
5315367,67905592
5315367,70637642
5315367,72845512
5315367,85073122
5315367,99508752
5315367,132723492
5315371,5518547
5315371,5849589
5315371,6344194
5315371,6705395
5315371,8125553
5315371,8126637
5315371,8314106
5315371,8854200
5315371,9580552
5315371,9653084
5315371,13296209
5315371,13686667
5315371,14018307
5315371,15198475
5315371,61906362
5315371,132723492
5316126,7140333
5316126,8403120
5316126,10257238
5316126,10467323
5316126,10935332
5316126,11033960
5316126,12952755
5316126,63425342
5316126,74042892
5324672,11928391
5324672,58568762
5327935,5823126
5327935,5912409
5327935,7699412
5327935,8119849
5327935,8791702
5328540,6390014
5328540,7420680
5330515,5466281
5330515,10052642
5330516,12944237
5331963,12588946
5331963,13136341
5331963,142875392
5335252,5811815
5335252,5847730
5335252,5848618
5335252,6032634
5335252,7365500
5335252,7604062
5335252,12422192
5335252,13152245
5335252,13314683
5335252,49557342
5335252,52463032
5335252,107059632
5335252,344313291
5340439,7627172
5340439,9626504
5355382,12526056
5355382,107030802
5355950,5525551
5357220,7645452
5361605,12838533
5368493,11802691
5368499,8208130
5368499,11583689
5382747,13152245
5384533,9757762
5385790,9803116
5385790,68337772
5387361,9910102
5387361,11583689
5387368,8208130
5387368,8933254
5387368,9910102
5387368,10185674
5387368,13534745
5398364,9551216
5406755,6004814
5409787,5817388
5409787,6017626
5409787,10286020
5409787,11136556
5409787,13416889
5409787,262408191
5412407,5536564
5412407,5844239
5412407,5849210
5412407,6397900
5412407,7511588
5412407,7961888
5412407,10583405
5412407,11443084
5412407,11471022
5412407,11815065
5412407,12588946
5412407,14534981
5412407,105047672
5416727,7355980
5416727,8981214
5416727,10277670
5416727,10382806
5416727,14544241
5417036,10512433
5417036,52463032
5417614,5423737
5417614,5566782
5417614,5569112
5417614,5895828
5417614,7068753
5417614,7175376
5417614,7674918
5417614,7746050
5417614,8278422
5417614,8933254
5417614,9803116
5417614,10220698
5417614,10286020
5417614,11242224
5417614,11301722
5417614,11848371
5417614,12406950
5417614,12515948
5417614,12710203
5417614,13025953
5417614,14161851
5417614,48634472
5417614,50258612
5417614,54330242
5417614,61145262
5417614,66206512
5417614,68221232
5417614,68337772
5417614,69708032
5417614,70050122
5417614,84292982
5417614,101962882
5417614,114802912
5417614,123053672
5417614,131216322
5417614,143895072
5417614,262408191
5423737,5566782
5423737,5910045
5423737,6009928
5423737,6705395
5423737,7674918
5423737,8891108
5423737,11066876
5423737,12173602
5423737,12515948
5423737,12721175
5423737,54330242
5423737,73171372
5423737,108068032
5423737,122123672
5423737,172071177
5424025,5506820
5424025,64437072
5425093,5462679
5425093,6032634
5425093,8185084
5425093,9956746
5454687,9910102
5454687,10510627
5454687,13552757
5454687,66198732
5454687,166727787
5462679,5578942
5462679,8058039
5462679,9811408
5462679,11070000
5462679,15190997
5462679,60552072
5462679,70217372
5462679,121146382
5466281,6557769
5469885,9980042
5469885,105595002
5472150,5822699
5472150,6396188
5472150,10979902
5478691,5898689
5478691,8907066
5478691,9262400
5478691,13895003
5478691,14482665
5482056,10427228
5482056,12461772
5482652,10185674
5482652,11626663
5497121,7912872
5497121,9687690
5497121,10452069
5497121,10471481
5498687,15353331
5500771,5566782
5500771,5832280
5500771,5895822
5500771,6077584
5500771,7079289
5500771,7541776
5500771,7611526
5500771,7810466
5500771,8152494
5500771,8208130
5500771,8933254
5500771,9286504
5500771,9596260
5500771,10935332
5500771,12173602
5500771,12628099
5500771,13534745
5500771,13833249
5500771,14520277
5500771,61474832
5500771,84292982
5500771,88835182
5500771,91717162
5500771,119719522
5500771,131216322
5500771,134510332
5500771,161696942
5500771,217772485
5501870,5967050
5503284,5518524
5503284,5851984
5503284,5918943
5503284,7103439
5503284,7468790
5503284,7548856
5503284,10220698
5503284,10581575
5503284,11268268
5503284,11891997
5503284,13025953
5503284,45663272
5503284,50258612
5503284,52849522
5503284,56058952
5503284,63912472
5503284,71093832
5503284,77157522
5503284,102703622
5503284,112522052
5503284,115304412
5503284,126936082
5503286,5518547
5503286,5939966
5503286,6344194
5503286,6573849
5503286,6705395
5503286,6992997
5503286,7541776
5503286,7548856
5503286,7554724
5503286,8125513
5503286,8125553
5503286,8126637
5503286,8314106
5503286,8403120
5503286,8854200
5503286,9580552
5503286,9653084
5503286,11666599
5503286,12379646
5503286,13296209
5503286,13552757
5503286,49259572
5503286,66314222
5503286,67905592
5503286,99508752
5503286,109692442
5503286,124786782
5503286,132723492
5503286,219083485
5503854,6009928
5503854,8933254
5503854,9362346
5503854,10602599
5503854,12847833
5503854,14544241
5506820,7402526
5509507,5570880
5515551,5531258
5518524,66660652
5518524,66952022
5518547,5700769
5518547,5849589
5518547,5918943
5518547,5939966
5518547,6344194
5518547,6705395
5518547,6992997
5518547,7541776
5518547,7548856
5518547,7855452
5518547,8125513
5518547,8125553
5518547,8126637
5518547,8314106
5518547,8403120
5518547,8854200
5518547,9580552
5518547,9653084
5518547,10833242
5518547,11122456
5518547,11666599
5518547,11736681
5518547,12379646
5518547,12952755
5518547,13416889
5518547,14018307
5518547,49259572
5518547,49472072
5518547,52185982
5518547,65017672
5518547,67905592
5518547,72531372
5518547,76532432
5518547,85073122
5518547,88974232
5518547,95557122
5518547,99508752
5518547,103851292
5518547,109692442
5518547,112522052
5518547,115304412
5518547,116226662
5518547,118232102
5518547,124786782
5518547,219083485
5523632,6032634
5524597,7208392
5524597,8422672
5524597,8675234
5524597,9477752
5524597,12944237
5524597,14539467
5524597,49197782
5525551,66314222
5526627,6998083
5526627,7327640
5526627,9472712
5526627,11359554
5526627,11559031
5526627,12487862
5526627,13571283
5526627,48765861
5526627,49544582
5531258,5578942
5531258,6043160
5531258,9477752
5531258,9945222
5531258,10797684
5531258,14482665
5531258,51965252
5531258,265272032
5531419,6514883
5532315,12615805
5532315,14801651
5536564,5639048
5536564,5692835
5536564,5849210
5536564,7961888
5536564,8945638
5536564,9334770
5536564,9896010
5536564,9945206
5536564,10177296
5536564,10583405
5536564,11342468
5536564,11569041
5536564,11815065
5536564,12029862
5536564,12487862
5536564,12588946
5536564,13209035
5536564,61498882
5536564,80365122
5536564,100314362
5542343,5876247
5542343,7459268
5542343,7459270
5542343,7853018
5542343,10189104
5542343,11884111
5542343,12082994
5542343,13645509
5542343,13755123
5542343,13918545
5542343,14621667
5542343,56094992
5542343,67181132
5542343,68553672
5542343,110616822
5542343,121672292
5542343,184573357
5550166,5859499
5550166,10413716
5550166,13534745
5550166,13833249
5550166,73171372
5550166,83322832
5550166,84292982
5550166,186903217
5552795,5555570
5552795,7610132
5552795,7792810
5552795,9896010
5552795,10126174
5552795,10912482
5552795,11419724
5552795,13916083
5552795,14004075
5552795,50683152
5552795,153152092
5555570,9842590
5555570,14004075
5565220,5967050
5565220,12816283
5565220,13611425
5566782,5832280
5566782,5895828
5566782,7611526
5566782,7810466
5566782,8403120
5566782,9910102
5566782,10185674
5566782,10220698
5566782,10633657
5566782,10672471
5566782,11122456
5566782,11270172
5566782,12515948
5566782,12628099
5566782,13097199
5566782,13833249
5566782,14161851
5566782,54330242
5566782,61145262
5566782,61474832
5566782,101962882
5566782,119396922
5569112,7879126
5569112,10382806
5569223,12615805
5569223,14801651
5570870,9916160
5570880,14779157
5575105,7627172
5575105,9551192
5575105,11934257
5575105,13130577
5575105,55158992
5575762,7627172
5575762,7671520
5576810,5910045
5576810,5918943
5576810,7468790
5576810,7611526
5576810,8125553
5576810,9596260
5576810,9759672
5576810,11270172
5576810,12610223
5576810,12628099
5576810,13097199
5576810,14854891
5576810,14993333
5576810,49259572
5576810,50633822
5576810,51018902
5576810,61474832
5576810,66314222
5576810,68221232
5576810,71286292
5576810,88835182
5576810,114802912
5576810,119719522
5576810,122123672
5576810,123053672
5576810,131216322
5576810,141153212
5576810,141995332
5576810,166727787
5576810,184781277
5578942,10138540
5578942,145068682
5587673,10752648
5593078,5594859
5593078,7637436
5593078,10189104
5593078,11032458
5593078,12422192
5593078,14621667
5593078,14713007
5593078,14718361
5593078,52463032
5593078,80449002
5593078,109455142
5593078,205310057
5594859,6545727
5594859,7365500
5594859,7637436
5594859,13152245
5594859,13682095
5594859,14621667
5594859,205310057
5595093,53362372
5603027,7803478
5603027,10505453
5603027,59691632
5603958,11815291
5603958,14801651
5617685,13142337
5618818,107382742
5620251,5844239
5620251,6397900
5620251,12346612
5620251,13744631
5620251,15157479
5639048,7961888
5639048,10583405
5639048,11815065
5639048,66031652
5639048,95873492
5646104,9945222
5650964,6006756
5654023,5798710
5654023,6705395
5654023,7554724
5654023,8125553
5654023,8403120
5654023,10581575
5654023,11666599
5654023,12896823
5654023,13025953
5654023,13416889
5654023,13686667
5654023,50256792
5654023,52182182
5654023,52716632
5654023,52941522
5654023,67853702
5654023,67905592
5654023,72479482
5654023,77482782
5654023,102703622
5654023,114472782
5654023,156213392
5665812,14779157
5665812,52433712
5665812,65218602
5680356,10032770
5680356,14414849
5683028,5883018
5683028,11301722
5683028,48947801
5683028,50030162
5692835,9334770
5692835,12029862
5700769,6755467
5700769,7468790
5700769,7548856
5700769,8609358
5700769,10581575
5700769,11268268
5700769,11639727
5700769,11736681
5700769,12610223
5700769,13416889
5700769,13806415
5700769,52182182
5700769,52528582
5700769,56058952
5700769,63635752
5700769,67853702
5700769,78411782
5700769,85073122
5700769,98513552
5700769,99651032
5700769,118981132
5700769,141995332
5700769,219083485
5700991,5895822
5700991,7256126
5700991,8126637
5700991,10257238
5700991,10399494
5700991,11626663
5700991,11666599
5700991,45663272
5700991,65608142
5700991,85073122
5700991,129085752
5719412,12632197
5738632,6998083
5738632,8675234
5738632,10816636
5771489,10189104
5771489,11032458
5771489,11736133
5771489,68780232
5771489,162070292
5771489,208331887
5791247,7402526
5791247,9262400
5791247,10375188
5791247,10792606
5798710,5960034
5798710,6755467
5798710,7554724
5798710,8125553
5798710,10581575
5798710,13131843
5798710,13806415
5798710,77482782
5810420,10155292
5810420,12615805
5815302,11372588
5815302,15368025
5817388,7611526
5817388,8125553
5817388,9708982
5817388,10286020
5817388,11242224
5817388,11301722
5817388,13025953
5817388,63425342
5817388,69708032
5817388,156213392
5821103,7208392
5821103,10149178
5821103,11815065
5822078,12610223
5822078,14639121
5822078,14736915
5822699,14342837
5823126,5912409
5823126,8791702
5823126,10038604
5823126,11588739
5823126,12082994
5832280,5895822
5832280,7079289
5832280,7611526
5832280,10185674
5832280,10257238
5832280,10426250
5832280,11242224
5832280,11270172
5832280,11583689
5832280,12515948
5832280,12628099
5832280,12759119
5832280,13097199
5832280,13534745
5832280,13833249
5832280,14854891
5832280,54330242
5832280,61145262
5832280,61474832
5832280,68221232
5832280,73171372
5832280,74042892
5832280,84292982
5832280,91717162
5832280,101962882
5832280,108068032
5832280,119396922
5832280,129085752
5832280,131216322
5832280,135512622
5832280,143895072
5832280,161696942
5833270,8355648
5835993,5947658
5835993,147136312
5838830,6933055
5838830,10147346
5844239,6397900
5844239,6512133
5844239,7208392
5844239,7511588
5844239,8945638
5844239,9472712
5844239,10149178
5844239,10388560
5844239,11289472
5844239,11569041
5844239,12029862
5844239,12944237
5844239,13209035
5844239,14534981
5844239,56133072
5844239,61094422
5844239,61498882
5844239,100314362
5844239,105047672
5849210,6004048
5849210,7047219
5849210,7208392
5849210,8613614
5849210,9477752
5849210,10583405
5849210,11443084
5849210,11471022
5849210,11815065
5849210,12029862
5849210,12098828
5849210,12268072
5849210,12588946
5849210,12637039
5849210,14534981
5849210,14539467
5849210,14803977
5849210,49544582
5849589,6344192
5849589,6992997
5849589,8125553
5849589,8314106
5849589,8403120
5849589,9428436
5849589,10257238
5849589,10510627
5849589,11626663
5849589,13552757
5849589,13686667
5849589,14440733
5849589,61906362
5849589,65017672
5849589,65501912
5849589,66198732
5849589,66314222
5849589,67905592
5849589,68010272
5849589,75605482
5849589,95557122
5849589,99508752
5849589,115304412
5851984,5895822
5851984,6174642
5851984,8642302
5851984,11268268
5851984,11289472
5851984,11626663
5851984,12896823
5851984,13025953
5851984,13416889
5851984,45663272
5851984,52528582
5851984,56058952
5851984,63635752
5851984,69307442
5851984,85073122
5851984,102703622
5859499,54330242
5859499,186903217
5866223,5992092
5866223,9811408
5867324,125532822
5868765,8814864
5876247,6354270
5876247,7459270
5876247,9197980
5876247,9976422
5876247,10695573
5876247,13790723
5876247,50860262
5876247,80449002
5876247,111130212
5877213,13755123
5895321,8907066
5895822,5918943
5895822,6344194
5895822,6573849
5895822,6705395
5895822,6941559
5895822,6992997
5895822,7175376
5895822,7256126
5895822,7541776
5895822,7548856
5895822,7554724
5895822,7611526
5895822,7745888
5895822,7855452
5895822,8125513
5895822,8125553
5895822,8403120
5895822,10581575
5895822,11122456
5895822,11270172
5895822,11498422
5895822,11736681
5895822,12610223
5895822,12952755
5895822,13097199
5895822,13139755
5895822,14018307
5895822,14051601
5895822,14854891
5895822,49259572
5895822,49472072
5895822,50633822
5895822,56731592
5895822,58598842
5895822,65017672
5895822,66198732
5895822,69014302
5895822,69307442
5895822,72531372
5895822,88835182
5895822,88942732
5895822,107502672
5895822,112522052
5895822,115304412
5895822,122123672
5895822,131216322
5895828,5910045
5895828,10989694
5895828,11242224
5895828,11848371
5895828,12383494
5895828,14161851
5895828,54330242
5895828,73171372
5895828,123053672
5898689,49825112
5899300,8682742
5899300,10816636
5908709,11665341
5910045,5931809
5910045,6857697
5910045,7175376
5910045,7660734
5910045,10633657
5910045,10989694
5910045,11066876
5910045,11513017
5910045,12173602
5910045,13097199
5910045,13515845
5910045,14161851
5910045,61145262
5910045,61942382
5910045,68221232
5910045,73171372
5910045,131216322
5910045,152317532
5910045,166727787
5912409,6222398
5912409,7699412
5912409,7990708
5912409,10038604
5912409,10695573
5912409,12676237
5916639,6994659
5916639,8981214
5916639,9240434
5916639,11834965
5916639,13063581
5916639,61302392
5916639,62916082
5918943,5939966
5918943,6992997
5918943,7140333
5918943,7541776
5918943,8125513
5918943,8125553
5918943,8403120
5918943,9596208
5918943,9596260
5918943,11122456
5918943,11481726
5918943,12952755
5918943,13421075
5918943,13537217
5918943,13552757
5918943,13686667
5918943,14549479
5918943,14854891
5918943,49259572
5918943,49259582
5918943,50258612
5918943,50633822
5918943,51018902
5918943,63425342
5918943,65501912
5918943,67905592
5918943,72531372
5918943,74042892
5918943,76532432
5918943,88835182
5918943,124786782
5918943,131216322
5918943,132712992
5918943,219083485
5931809,8112331
5931809,8403120
5931809,9803116
5931809,10962664
5931809,11329302
5931809,12710203
5931809,49283392
5931809,69708032
5931809,114802912
5931809,132937152
5939966,8125553
5939966,8126637
5939966,8403120
5939966,9580552
5939966,10257238
5939966,12379646
5939966,13296209
5939966,14018307
5939966,49259572
5939966,49259582
5939966,99651032
5939966,103851292
5942214,7260670
5942214,11279454
5942214,12948083
5942214,15190997
5942214,51464362
5947658,10189104
5951582,6351846
5960034,10813980
5960034,11916115
5960034,13131843
5960034,63425342
5962744,9945222
5962948,7295534
5962948,9236850
5962948,58568762
5967050,6049784
5967050,7358224
5967050,7508018
5967050,9755580
5967050,9811408
5967050,12033224
5967050,14486481
5967050,59070642
5992092,10052642
6004048,7047219
6004048,7208392
6004048,7511588
6004048,8310400
6004048,10149178
6004048,10388560
6004048,11289472
6004048,11342468
6004048,12588946
6004814,7890702
6004814,11819131
6009928,9240434
6009928,9362346
6009928,13063581
6009928,14544241
6012232,12271282
6012232,14652473
6012232,57515312
6012232,80449002
6016660,7610132
6016660,8986600
6016660,9092188
6017626,13416889
6017626,52182182
6017626,52716632
6017626,77157522
6017626,102703622
6032634,10052642
6032634,11888005
6043160,6087776
6043160,8909272
6043160,67431122
6043160,105047672
6052318,7269112
6052318,8682742
6077584,8933254
6077584,11301722
6077584,12628099
6077584,13534745
6077584,51018902
6077584,84292982
6077584,119396922
6087776,7101343
6087776,11573699
6087776,122602052
6095428,15051551
6096056,13131843
6105170,51907152
6139768,8909272
6139768,9615244
6139768,54061032
6139768,68078472
6174642,8403120
6174642,8642302
6174642,8670954
6174642,10399494
6174642,11626663
6174642,11666599
6174642,11891997
6174642,13416889
6174642,14191917
6174642,45663272
6174642,50258612
6174642,52182182
6174642,56058952
6174642,63912472
6174642,66952022
6174642,71823672
6174642,77482782
6174642,99651032
6174642,102703622
6174642,118981132
6222398,8791702
6227200,12637021
6274598,7047219
6292152,10343516
6292152,65699042
6303698,12641355
6311268,10448666
6311268,11665341
6329070,10038604
6329070,49569672
6329070,220540115
6344192,6344194
6344192,8125543
6344192,11122456
6344192,59034832
6344192,82063132
6344192,132712992
6344194,6705395
6344194,6992997
6344194,7541776
6344194,7548856
6344194,8125513
6344194,8125553
6344194,8314106
6344194,8403120
6344194,8854200
6344194,9580552
6344194,11122456
6344194,11891997
6344194,12379646
6344194,12952755
6344194,13139755
6344194,13296209
6344194,13686667
6344194,14018307
6344194,14950027
6344194,49197872
6344194,49259572
6344194,49472072
6344194,51968592
6344194,53795232
6344194,61906362
6344194,65501912
6344194,67905592
6344194,71093832
6344194,76532432
6344194,82063132
6344194,88974232
6344194,116226662
6344194,219083485
6351846,11026886
6351846,14587923
6351846,68780232
6351846,284775911
6354270,13645509
6354270,168275777
6354270,302248731
6396188,7890702
6396188,15065941
6397900,9477752
6397900,10110184
6397900,10580067
6397900,11359554
6397900,12526316
6397900,13571283
6397900,14539467
6397900,14805647
6397900,48765861
6397900,66031652
6397900,95873492
6397900,100314362
6397900,153152092
6401240,8697922
6401240,70217372
6412878,7371096
6412878,7995536
6412878,12526056
6412878,68078472
6446764,6573849
6446764,6992997
6446764,8125513
6446764,8125543
6446764,8125553
6446764,8126637
6446764,9596260
6446764,11122456
6446764,12258100
6446764,14018307
6446764,14979839
6446764,49472072
6446764,61906362
6446764,88835182
6466307,9910102
6466307,10426250
6474027,8409650
6474027,14980207
6474027,15014373
6474027,76053262
6474027,113547672
6474027,160138282
6511779,7068753
6511779,7068771
6511779,7810466
6511779,10286020
6511779,10633657
6511779,11242224
6511779,12383494
6511779,13515845
6511779,61145262
6511779,61474832
6511779,108068032
6511779,131216322
6511779,138015062
6511779,152317532
6512133,7511588
6512133,8945638
6512133,10177296
6512133,11569041
6512133,12029862
6512133,13209035
6512133,95873492
6512133,105047672
6514883,10189722
6514883,11419724
6514883,14539467
6516471,6857697
6516471,7674918
6516471,8344528
6516471,54838802
6516471,61145262
6516471,122123672
6516471,129085752
6516471,166727787
6516471,264261321
6545727,7459270
6545727,7853018
6545727,10452069
6545727,12920049
6545727,13918541
6545727,14713007
6545727,51931882
6545727,64754892
6557769,7841120
6557769,8706544
6557769,10915610
6557769,12785693
6563333,7699874
6573849,6941559
6573849,7855452
6573849,8125513
6573849,8314106
6573849,8403120
6573849,8854200
6573849,11666599
6573849,12610223
6573849,13296209
6573849,49259572
6573849,49259582
6573849,67905592
6573849,85073122
6573849,99651032
6573849,103851292
6573849,109692442
6573849,112522052
6573849,116226662
6573849,118232102
6573849,124786782
6573849,132712992
6573849,219083485
6661704,6735039
6661704,6974949
6661704,7269112
6661704,8613614
6661704,8675234
6661704,9095678
6661704,9763952
6661704,10580067
6661704,10632397
6661704,10816636
6661704,11310104
6661704,12816283
6661704,13387589
6661704,50030162
6661704,69930162
6672406,7637436
6672406,12271282
6672406,80449002
6672406,111130212
6705223,7961888
6705223,9477752
6705223,11359554
6705223,12029862
6705223,12487862
6705223,48765861
6705223,105047672
6705395,6992997
6705395,7541776
6705395,7548856
6705395,8125513
6705395,8125553
6705395,8314106
6705395,8403120
6705395,8629022
6705395,8854200
6705395,9580552
6705395,9653084
6705395,10510627
6705395,10581575
6705395,11268268
6705395,11666599
6705395,11736681
6705395,11891997
6705395,12379646
6705395,12610223
6705395,12952755
6705395,13296209
6705395,13416889
6705395,13552757
6705395,14018307
6705395,45663272
6705395,49259572
6705395,49472072
6705395,50873882
6705395,56463732
6705395,65017672
6705395,66314222
6705395,67905592
6705395,75605482
6705395,77482782
6705395,85073122
6705395,99651032
6705395,115304412
6705395,116226662
6705395,124786782
6705395,219083485
6732541,14414317
6735039,6999391
6735039,8682740
6735039,10816636
6735039,13571283
6735039,14858167
6735039,15353331
6755467,6998083
6755467,7256126
6755467,10399494
6755467,11626663
6755467,14333907
6755467,57548052
6755467,63912472
6786775,7260670
6786775,7420680
6806885,61986342
6853403,9551216
6853403,9822974
6853403,12096038
6853403,12431462
6853403,12549876
6853403,14980207
6853403,15190997
6855525,11588739
6855525,11665341
6855525,52463032
6855525,60864502
6855525,111130212
6857697,8145492
6857697,8285970
6857697,12918897
6857697,122123672
6888651,72836482
6888651,95529622
6933055,52375982
6941559,7803478
6941559,7855452
6941559,8125553
6941559,9286504
6941559,10257238
6941559,10833242
6941559,11122456
6941559,12952755
6941559,13296209
6941559,14161851
6941559,88835182
6941559,88942732
6941559,124786782
6962549,6998083
6962549,8675234
6962549,12098828
6974949,8682742
6974949,8865120
6974949,10632397
6974949,14732955
6982223,9172904
6982223,12816021
6982223,168047437
6992997,7541776
6992997,7548856
6992997,8125513
6992997,8125553
6992997,8314106
6992997,8403120
6992997,10257238
6992997,11122456
6992997,11270172
6992997,11666599
6992997,12610223
6992997,12952755
6992997,13296209
6992997,49259572
6992997,75605482
6992997,124786782
6993009,13063581
6994659,10277670
6994659,10602599
6994659,12847833
6994827,7459270
6994827,9134324
6994827,12530904
6994827,72081862
6995669,13136341
6995669,13287593
6998083,7047219
6998083,8675234
6998083,11815065
6998083,13529333
6998083,14780015
6999391,7583722
6999391,10816636
6999391,12496222
6999391,13916083
7004075,8058039
7029627,7511588
7029627,7961888
7029627,10189722
7029627,11025346
7029627,11310104
7029627,11569041
7029627,12029862
7029627,13299379
7029627,13719947
7029627,14534981
7029627,68358002
7029627,101706332
7047219,7626764
7047219,9480512
7047219,10189722
7047219,11310104
7047219,12346612
7047219,13252291
7047219,14539467
7068753,7068771
7068753,7317188
7068753,7674918
7068753,9719682
7068753,9910102
7068753,10185674
7068753,10989694
7068753,11242224
7068753,12173602
7068753,12383494
7068753,12462878
7068753,12710203
7068753,13097199
7068753,13121157
7068753,13515845
7068753,13534745
7068753,13833249
7068753,54330242
7068753,61145262
7068753,61474832
7068753,61942382
7068753,81326252
7068753,122123672
7068771,7810466
7068771,10286020
7068771,10633657
7068771,54330242
7077481,9687690
7077481,12489170
7077481,13622973
7079287,61145262
7079289,7103439
7079289,7317188
7079289,9596260
7079289,10989694
7079289,11583689
7079289,12628099
7079289,13097199
7079289,13534745
7079289,14520277
7079289,51018902
7079289,61474832
7079289,74042892
7079289,84292982
7079289,119719522
7079289,141153212
7079289,217772485
7103439,9596260
7103439,10399494
7103439,11268268
7103439,11416128
7103439,11736681
7103439,13025953
7103439,50633822
7103439,67522822
7103439,82063132
7122759,10935332
7122759,14092217
7122759,14927401
7140333,12944237
7140333,59936352
7150049,10541089
7172552,68553672
7175376,8403120
7187310,7944506
7187310,11033960
7187310,12395286
7187310,13537217
7187310,51018902
7187310,51968592
7187310,52489482
7187310,53795232
7187310,72836482
7187310,74042892
7187310,95529622
7188840,7543848
7200950,13124535
7200950,73101792
7201102,7327640
7201102,7583722
7201102,9095678
7201102,9763952
7201102,9896010
7201102,10583405
7201102,11559031
7201102,11815065
7201102,13299379
7201102,13916083
7201102,14004075
7201102,14539467
7201102,49364062
7201102,50033982
7201102,101282642
7201102,120626712
7201102,153152092
7201102,212949977
7201102,216346095
7208392,7511588
7208392,8945638
7208392,10177296
7208392,10388560
7208392,11289472
7208392,12098828
7208392,12637039
7208392,14534981
7208392,15304117
7208392,49544582
7208392,68358002
7217724,11721245
7217724,15029771
7256126,8125553
7256126,11813147
7256126,52746392
7256126,65608142
7260670,7889792
7260670,8274374
7260670,8613614
7260670,12029862
7260670,13631667
7260670,14492701
7260670,55158992
7269112,8675234
7269112,9756660
7269112,10632397
7269112,14732955
7269112,14780015
7312776,9386320
7312776,10194296
7312776,12632197
7317188,8212768
7317188,10989694
7317188,11583689
7317188,12710203
7317188,13097199
7317188,14161851
7317188,49566562
7317188,84292982
7317188,119719522
7317188,131216322
7317188,135512622
7317188,161696942
7317188,186903217
7327640,7688746
7327640,10110184
7327640,11928391
7327640,48765861
7327640,58568762
7351232,7674918
7351232,9848068
7351232,10257238
7351232,10286020
7351232,11301722
7351232,13139755
7351232,49135961
7351232,50258612
7351232,50633822
7358224,7508018
7358224,8119849
7358224,11070000
7365500,7459270
7365500,9945222
7365500,9976422
7365500,11026886
7365500,11949001
7365500,13152245
7365500,14058915
7371074,10807780
7371074,12632197
7371074,14805647
7371096,7444722
7371096,9596260
7371096,14779157
7371096,52433712
7397124,7890702
7397124,48947801
7402526,11140418
7402526,12133152
7402526,12290606
7402526,13923487
7402526,14486481
7402526,14980207
7402526,178008437
7420680,10318770
7420680,14539467
7420680,53441822
7444722,12429146
7444722,14626539
7444722,64519042
7444722,72272502
7444722,73101792
7459268,7459270
7459268,9281246
7459268,9687690
7459268,9976422
7459268,10189104
7459268,10695573
7459268,11026886
7459268,12422192
7459268,13554009
7459268,13645509
7459268,13790723
7459268,14447309
7459268,216251415
7459270,7637436
7459270,9134324
7459270,10807780
7459270,11026886
7459270,11032458
7459270,11884111
7459270,12526056
7459270,13790723
7459270,13918545
7459270,14621667
7459270,14718361
7459270,49569672
7459270,51968652
7459270,52937632
7459270,54061032
7459270,59620692
7459270,123033132
7459270,148696602
7459270,162070292
7459270,216251415
7468790,7541776
7468790,7548856
7468790,7611526
7468790,7855452
7468790,8314106
7468790,8609358
7468790,9596260
7468790,11416128
7468790,14054499
7468790,14950027
7468790,45663272
7468790,49259572
7468790,49472072
7468790,50258612
7468790,50363112
7468790,50633822
7468790,52849522
7468790,67522822
7468790,72751322
7468790,88835182
7468790,88942732
7468790,88974232
7468790,103851292
7468790,118232102
7468790,159573692
7483302,11494990
7508018,73101792
7511588,7961888
7511588,8310400
7511588,8945638
7511588,9334770
7511588,9945206
7511588,10149178
7511588,10388560
7511588,10583405
7511588,11289472
7511588,11569041
7511588,12029862
7511588,56133072
7511588,101706332
7511588,105047672
7518636,9667370
7518636,13025953
7518636,156213392
7541776,7548856
7541776,7611526
7541776,7855452
7541776,8125513
7541776,8125553
7541776,8126637
7541776,8314106
7541776,8403120
7541776,8670954
7541776,9653084
7541776,10581575
7541776,11136556
7541776,11666599
7541776,13296209
7541776,13416889
7541776,13686667
7541776,14018307
7541776,14051601
7541776,49259572
7541776,49259582
7541776,49472072
7541776,52182182
7541776,52528582
7541776,52716632
7541776,52941522
7541776,65501912
7541776,66314222
7541776,67905592
7541776,72531372
7541776,77157522
7541776,77482782
7541776,88835182
7541776,88974232
7541776,99651032
7541776,103851292
7541776,109692442
7541776,118232102
7541776,122123672
7541776,123053672
7541776,219083485
7541776,264261321
7543848,11819131
7543848,14456487
7547868,10084818
7548856,7554724
7548856,8125513
7548856,8125543
7548856,8125553
7548856,8126637
7548856,8314106
7548856,8403120
7548856,8609358
7548856,8854200
7548856,9580552
7548856,9653084
7548856,11666599
7548856,11736681
7548856,12379646
7548856,12610223
7548856,12952755
7548856,13296209
7548856,13686667
7548856,14018307
7548856,14440733
7548856,14854891
7548856,45663272
7548856,49259572
7548856,49259582
7548856,49472072
7548856,52528582
7548856,63912472
7548856,65017672
7548856,66314222
7548856,67853702
7548856,67905592
7548856,72320452
7548856,72531372
7548856,76532432
7548856,88974232
7548856,95557122
7548856,99508752
7548856,99651032
7548856,103851292
7548856,109692442
7548856,112522052
7548856,115304412
7548856,116226662
7548856,118232102
7548856,118981132
7548856,124786782
7548856,132712992
7548856,132723492
7548856,219083485
7548984,9236850
7548984,10753698
7548984,11256100
7548984,15190997
7553492,7885666
7554724,8125513
7554724,8125553
7554724,8403120
7554724,9653084
7554724,10581575
7554724,12610223
7554724,13025953
7554724,13131843
7554724,13806415
7554724,45663272
7554724,49259572
7554724,52182182
7554724,52941522
7554724,65608142
7554724,77482782
7554724,85073122
7554724,102703622
7568478,8123403
7583722,9844398
7583722,9896010
7583722,13916083
7583722,14004075
7583722,14539467
7583722,14803977
7583722,15304117
7583722,54047652
7583722,61384072
7583722,61794142
7583722,80365122
7583722,85874042
7583722,101282642
7583722,120626712
7583722,153152092
7583722,175914017
7583722,184781277
7583722,197607707
7583722,216346095
7583722,239030641
7602544,8673550
7602544,10452069
7602544,11884111
7602544,13755123
7602544,13790723
7602544,14240131
7602544,14478663
7602544,51968652
7602544,52463032
7602544,107059632
7602544,193500817
7602544,239541711
7602830,7610132
7610132,7979540
7610132,9092188
7610132,9896010
7610132,10912482
7610132,12496222
7610132,13916083
7610132,14004075
7610132,14732955
7610132,85216072
7611526,7674918
7611526,9596260
7611526,10185674
7611526,10286020
7611526,10633657
7611526,10803948
7611526,11270172
7611526,12628099
7611526,13097199
7611526,13139755
7611526,14161851
7611526,50633822
7611526,51018902
7611526,67853702
7611526,68221232
7611526,88835182
7611526,114472782
7611526,122123672
7611526,124786782
7611526,131216322
7611526,135512622
7611526,166727787
7611526,262408191
7627172,7889792
7627172,8409650
7627172,8650540
7627172,10138540
7627172,13130577
7627172,14980207
7631240,91212482
7637436,7853018
7637436,7946686
7637436,9134960
7637436,56262322
7637436,57515312
7637436,80449002
7637436,148696602
7645452,7718756
7645452,14876665
7645452,50657232
7660734,9946144
7660734,11498422
7660734,61145262
7660734,112216312
7660734,152317532
7668530,14621667
7668530,162070292
7674918,7810466
7674918,8403120
7674918,8891108
7674918,10672471
7674918,10935332
7674918,11066876
7674918,13534745
7674918,54330242
7674918,119396922
7674918,122123672
7674918,123053672
7674918,131216322
7699412,7990708
7699412,8791702
7699412,10038604
7703592,7990708
7716640,7890062
7716640,14539467
7733482,13314683
7745888,8403120
7745888,8642302
7745888,10935332
7745888,11033960
7745888,11626663
7745888,12471680
7745888,13025953
7745888,85360022
7745888,129085752
7746050,7765128
7746050,8121175
7746050,8222632
7746050,9708982
7746050,10052642
7746050,10113612
7746050,12515948
7746050,45663272
7765128,8222632
7765128,12526962
7765128,14639121
7765128,63457202
7792810,11419724
7792810,12496222
7792810,14732955
7792810,175914017
7803478,7890702
7803478,8185084
7803478,8911470
7803478,10807780
7803478,15299377
7805012,8011234
7805012,163128877
7810466,10633657
7810466,10989694
7810466,11066876
7810466,11242224
7810466,12462878
7810466,14161851
7810466,54838802
7810466,68221232
7810466,112216312
7810466,122123672
7810466,131216322
7810466,145336382
7814240,8409650
7814240,10318770
7814240,10668885
7814240,12526056
7814240,13631667
7815200,106849212
7822654,188413257
7853018,7946686
7853018,11884111
7853018,14341205
7853018,14447309
7853018,57515312
7853018,102719702
7853018,205310057
7855452,8314106
7855452,8403120
7855452,9653084
7855452,10581575
7855452,10833242
7855452,11268268
7855452,11416128
7855452,12604907
7855452,12610223
7855452,12952755
7855452,13421075
7855452,13537217
7855452,14658687
7855452,14854891
7855452,14950027
7855452,14979839
7855452,49259572
7855452,54841642
7855452,57668652
7855452,59034832
7855452,67522822
7855452,69014302
7855452,71093832
7855452,72531372
7855452,74042892
7855452,84777352
7855452,88942732
7855452,88974232
7855452,112522052
7855452,118232102
7855452,124786782
7855452,128051502
7879126,8981214
7879126,9362346
7879126,12208250
7879126,12847833
7885666,10391776
7889792,8409650
7889792,9089666
7889792,11279454
7889792,13130577
7889792,15299377
7889792,59691632
7889792,61799192
7890702,7961888
7890702,9539088
7890702,10286020
7890702,10385666
7890702,11050630
7890702,11420468
7890702,11559031
7890702,11934257
7890702,12133088
7890702,12816021
7890702,13594287
7890702,13916083
7890702,14456487
7890702,14800995
7890702,48947801
7890702,49364062
7890702,49818632
7890702,73101792
7890702,139171932
7892860,11301722
7934112,9041042
7944506,12956877
7944506,51018902
7944506,52477472
7944506,53795232
7944506,74042892
7944506,124786782
7944506,159573692
7946686,102719702
7961408,12390376
7961408,53325902
7961888,8613614
7961888,8945638
7961888,9064930
7961888,9477752
7961888,9945206
7961888,10668131
7961888,11289472
7961888,11569041
7961888,12029862
7961888,14534981
7961888,15104399
7961888,15304117
7961888,48947801
7961888,56133072
7961888,101706332
7961888,105047672
7966600,8422672
7966600,13252291
7966600,13387589
7966600,13916083
7966600,61794142
7968842,14468689
7979540,8642854
7979540,9041042
7979540,9092188
7979540,14004075
7979540,14539467
7979540,14803977
7988922,11301722
7995536,49569672
7995536,63519802
7995536,73205432
7995536,127314642
8039009,55158992
8058039,9956746
8112331,10277686
8112331,11329302
8112331,11666599
8112331,49135961
8112331,70050122
8112331,114802912
8114447,9539088
8114447,51305922
8119849,10286020
8121175,8642302
8121175,12471680
8121175,12896823
8121175,13131843
8121175,49283392
8123403,8123405
8123405,11142002
8125513,8125553
8125513,8126637
8125513,8314106
8125513,8403120
8125513,9596260
8125513,10581575
8125513,10640291
8125513,11122456
8125513,11268268
8125513,12379646
8125513,12952755
8125513,13296209
8125513,13416889
8125513,14018307
8125513,49259572
8125513,49472072
8125513,67905592
8125513,69307442
8125513,76532432
8125513,77482782
8125513,85073122
8125513,88835182
8125513,88974232
8125513,219083485
8125543,8314106
8125543,8403120
8125543,11085788
8125543,11416128
8125543,12956877
8125543,14054499
8125543,49197872
8125543,49259572
8125543,51968592
8125543,72845512
8125543,82631892
8125543,132712992
8125543,159573692
8125553,8126637
8125553,8278422
8125553,8314106
8125553,8403120
8125553,9580552
8125553,9653084
8125553,10257238
8125553,10277686
8125553,10581575
8125553,11122456
8125553,11270172
8125553,11666599
8125553,12379646
8125553,12406950
8125553,12610223
8125553,12918897
8125553,12952755
8125553,13025953
8125553,13139755
8125553,13296209
8125553,13416889
8125553,13552757
8125553,14000007
8125553,14018307
8125553,49259572
8125553,49259582
8125553,49472072
8125553,65017672
8125553,65501912
8125553,66198732
8125553,66314222
8125553,67905592
8125553,70637642
8125553,72320452
8125553,72531372
8125553,88835182
8125553,88974232
8125553,99508752
8125553,115304412
8125553,116226662
8125553,124786782
8125553,219083485
8126637,8314106
8126637,8854200
8126637,9653084
8126637,12379646
8126637,12952755
8126637,13296209
8126637,49259572
8126637,49259582
8126637,49472072
8126637,76532432
8126637,99508752
8126637,116226662
8145492,14161851
8145492,49259572
8145492,61474832
8145492,129085752
8145492,166727787
8145492,264261321
8152494,8933254
8152494,12759119
8156852,52876842
8185084,13817211
8208130,8933254
8208130,9910102
8208130,10426250
8208130,11301722
8208130,11325026
8208130,11583689
8208130,74042892
8208130,83322832
8208130,84292982
8208130,258370482
8212768,11583679
8212768,12759119
8212768,88942732
8222632,8480288
8222632,12406950
8222632,12526962
8222632,13958441
8222632,45663272
8222632,52942802
8228774,55936502
8260054,9602094
8260054,10448666
8260054,10877418
8274374,9539088
8278422,9516614
8278422,9667370
8278422,10640291
8278422,11329214
8278422,11626647
8278422,11626663
8278422,12406950
8278422,12896823
8278422,14333907
8278422,45663272
8278422,67522822
8278422,69708032
8278422,72325102
8310400,8613614
8310400,9334770
8310400,9945206
8310400,10388560
8310400,11289472
8310400,11310104
8310400,11342468
8310400,11559031
8310400,12029862
8310400,12268072
8310400,12756025
8310400,14393427
8310400,14588939
8314106,8403120
8314106,8609358
8314106,8854200
8314106,9580552
8314106,9653084
8314106,10257238
8314106,10581575
8314106,11122456
8314106,11666599
8314106,12305722
8314106,12379646
8314106,12610223
8314106,13025953
8314106,13296209
8314106,13416889
8314106,14018307
8314106,14440733
8314106,49197872
8314106,49259572
8314106,49259582
8314106,49472072
8314106,51968592
8314106,52716632
8314106,57668652
8314106,61906362
8314106,65017672
8314106,65501912
8314106,66198732
8314106,66314222
8314106,67905592
8314106,70637642
8314106,72531372
8314106,76532432
8314106,85073122
8314106,88974232
8314106,95557122
8314106,99508752
8314106,103851292
8314106,109692442
8314106,112522052
8314106,115304412
8314106,116226662
8314106,118232102
8314106,124786782
8314106,132723492
8314106,141995332
8314106,219083485
8318074,11242224
8318074,74042892
8344528,10672471
8344528,11513017
8344528,12918897
8344528,14161851
8344528,54838802
8344528,58598842
8344528,61942382
8344528,122123672
8344528,123053672
8344528,129085752
8344528,184781277
8344528,264261321
8352118,13152245
8354140,13930975
8354140,14414849
8355648,8671236
8355648,14181165
8355648,14482665
8380538,11871785
8398830,11643511
8403120,8933254
8403120,9580552
8403120,9596260
8403120,9653084
8403120,10257238
8403120,10581575
8403120,11122456
8403120,11270172
8403120,11666599
8403120,11736681
8403120,12610223
8403120,12628099
8403120,12952755
8403120,49259572
8403120,49472072
8403120,50633822
8403120,57668652
8403120,61474832
8403120,65017672
8403120,65501912
8403120,66314222
8403120,67905592
8403120,70050122
8403120,72320452
8403120,72531372
8403120,75605482
8403120,84292982
8403120,85073122
8403120,88835182
8403120,88974232
8403120,99508752
8403120,103851292
8403120,112522052
8403120,114802912
8403120,115304412
8403120,116226662
8403120,118232102
8403120,122123672
8403120,124786782
8403120,219083485
8403196,10286020
8403196,49259572
8403196,74042892
8409650,13130577
8409650,178008437
8422672,8986600
8422672,14004075
8426034,14414317
8480288,10052642
8480288,13686667
8480288,50633822
8480288,184781277
8550304,10032770
8550304,10695573
8550304,14181947
8609358,11268268
8609358,11736681
8609358,13416889
8609358,49259572
8609358,63912472
8609358,67853702
8609358,69307442
8609358,84227392
8609358,98513552
8609358,103851292
8609358,109692442
8609358,118232102
8609358,141995332
8609358,219083485
8613614,9334770
8613614,9480512
8613614,9945206
8613614,10189722
8613614,10583405
8613614,11025346
8613614,11289472
8613614,11310104
8613614,11342468
8613614,12029862
8613614,12268072
8613614,12487862
8613614,12637039
8613614,13028375
8613614,13209035
8613614,13299379
8613614,13529333
8613614,13586537
8613614,14534981
8613614,48947801
8613614,49825112
8613614,64519042
8613614,80365122
8613614,111130212
8613614,239030641
8629022,10586747
8629022,11416128
8629022,13025953
8629022,13416889
8629022,13806415
8629022,14333907
8629022,50873882
8629022,52528582
8629022,52941522
8629022,56463732
8629022,57259292
8629022,71093832
8629022,72479482
8642302,10581575
8642302,11270172
8642302,11626647
8642302,12406950
8642302,45663272
8642302,50873882
8642302,54841642
8642302,219083485
8642854,8675234
8642854,9041042
8642854,14858167
8642854,85216072
8650540,13878655
8650570,9386320
8650570,52281412
8657430,11256100
8657430,12096038
8657430,51305922
8659952,10382806
8659952,12010760
8659952,13248933
8659952,14544241
8670954,11421098
8670954,67825992
8670954,72325102
8671236,11871785
8671236,14181165
8673550,9430902
8673550,10452069
8673550,13002175
8673550,13142337
8673550,121672292
8673550,184573357
8675234,9756660
8675234,10816636
8675234,11815065
8675234,12816283
8675234,14732955
8675234,14780015
8675234,15353331
8675234,58568762
8675234,68358002
8682740,8682742
8682740,8865120
8682740,9756660
8682740,74892432
8682742,8865120
8682742,10632397
8682742,10816636
8682742,14732955
8686994,10149962
8686994,10979902
8686994,12350516
8686994,14342837
8686994,45663272
8686994,54647592
8686994,87033922
8706544,12816021
8706544,14890083
8706544,51965252
8706544,265272032
8720682,10752648
8720682,61986342
8720732,12615805
8720732,14801651
8720732,57996412
8778868,8874422
8791550,10318770
8791550,10961718
8791550,12350516
8791550,12461772
8791550,14779157
8791550,15029771
8791550,65218602
8791550,107030802
8791702,12676237
8823878,10038604
8823878,11588739
8854200,9580552
8854200,9653084
8854200,11666599
8854200,12379646
8854200,13296209
8854200,13552757
8854200,14854891
8854200,49259572
8854200,49259582
8854200,66198732
8854200,66314222
8854200,67905592
8854200,72320452
8854200,72845512
8854200,76532432
8854200,77482782
8854200,85073122
8854200,95557122
8854200,103851292
8854200,109692442
8854200,112522052
8854200,115304412
8854200,116226662
8854200,124786782
8854200,132723492
8854200,219083485
8865120,10816636
8865120,14732955
8873540,9197980
8873540,10189104
8873540,11584555
8873540,11736133
8873540,12526056
8873540,12632197
8873540,12676237
8873540,13645509
8873540,13790723
8873540,13918545
8873540,14447309
8873540,14621667
8873540,55877602
8873540,55936502
8873540,66228482
8873540,68078472
8873540,107030802
8873540,111130212
8873540,115427322
8873540,121672292
8873540,162070292
8873540,168275777
8873540,174484227
8873540,184573357
8873540,263307171
8873540,353796462
8874422,14468689
8891108,11242224
8891108,12515948
8891108,217772485
8907066,61061602
8909272,9281246
8909272,10668885
8909272,11026886
8909272,12029862
8909272,110616822
8909272,121672292
8909272,127314642
8909272,172662567
8909272,174484227
8933254,9910102
8933254,10672471
8933254,10803948
8933254,11481726
8933254,11583679
8933254,11666599
8933254,12258100
8933254,13121157
8933254,13534745
8933254,13833249
8933254,51018902
8933254,61474832
8933254,63425342
8933254,68221232
8933254,83322832
8933254,84292982
8933254,114802912
8933254,159573692
8933254,258370482
8945638,9945206
8945638,10177296
8945638,10583405
8945638,11289472
8945638,11559031
8945638,11569041
8945638,12029862
8945638,56133072
8945638,105047672
8981214,11834965
8981214,13063581
8981214,13248933
8981214,61302392
8986600,9763952
8986600,12496222
8986600,50683152
9031142,59691632
9031142,168158797
9041042,14858167
9062752,11940899
9064930,9551216
9064930,10583405
9064930,12549876
9064930,14482665
9064930,59691632
9089666,11393622
9089666,15299377
9092188,14732955
9092188,49197782
9092188,74892432
9093938,9172904
9093938,15166511
9093938,61799192
9095678,9842590
9095678,9896010
9095678,11419724
9095678,12496222
9095678,13916083
9095678,14004075
9095678,14539467
9095678,14803977
9095678,54047652
9095678,101282642
9096522,13719947
9096522,14482665
9096522,64437072
9096522,73101792
9134324,9615244
9134324,9687690
9134324,11032458
9134324,12354442
9134324,12526056
9134324,162070292
9134960,14621667
9134960,51495052
9134960,53345732
9134960,73205432
9151334,10920742
9151334,12759119
9151334,14639121
9172904,9551216
9172904,51204222
9197980,10452069
9197980,13962203
9197980,15029771
9197980,52463032
9197980,53345732
9197980,121672292
9236850,10002824
9236850,12029862
9240434,11834965
9240434,12010760
9240434,61302392
9262400,10375188
9262400,48947801
9262400,113547672
9262400,125722472
9281246,9615244
9281246,10668885
9281246,10695573
9281246,11026886
9281246,13622973
9281246,13645509
9281246,13918545
9281246,66228482
9281246,274705721
9286504,9596208
9286504,11122456
9286504,11270172
9286504,11481726
9286504,14000007
9286504,14854891
9286504,51018902
9286504,88835182
9328498,13817211
9334770,9472712
9334770,9945206
9334770,10388560
9334770,12029862
9334770,13209035
9334770,13571283
9334770,49197782
9334770,49544582
9334770,56133072
9334770,61498882
9334770,87033922
9334770,111130212
9373892,10666535
9386320,52281412
9386320,56094992
9428436,10257238
9428436,11270172
9428436,13552757
9428436,14736915
9428436,66952022
9430902,13152245
9430902,52463032
9444014,11256100
9444014,11366354
9444014,12676237
9472712,13209035
9472712,14732955
9472712,48947801
9472712,56133072
9472712,61498882
9477752,11359554
9477752,11443084
9477752,11815065
9477752,12029862
9477752,12098828
9477752,12756025
9477752,14343187
9477752,66031652
9477752,68358002
9477752,80365122
9480512,10632397
9480512,10816636
9480512,11237527
9480512,11310104
9480512,12816283
9480512,14588939
9516614,11329302
9516614,12354442
9516614,14979839
9516614,50258612
9516614,66660652
9539088,13124535
9539088,15104399
9549148,110616822
9551192,14756433
9551192,14890083
9551216,12816021
9551216,13631667
9551216,15103965
9551216,59691632
9580552,9653084
9580552,10510627
9580552,11626663
9580552,11666599
9580552,12896823
9580552,13296209
9580552,13686667
9580552,14658687
9580552,14854891
9580552,49472072
9580552,52185982
9580552,65501912
9580552,66198732
9580552,66314222
9580552,67905592
9580552,70637642
9580552,75605482
9580552,85073122
9580552,88835182
9580552,88974232
9580552,99508752
9580552,116226662
9580552,132723492
9580552,219083485
9596208,11122456
9596208,12258100
9596208,14993333
9596208,72836482
9596208,88835182
9596208,112522052
9596260,10467323
9596260,10672471
9596260,10935332
9596260,11270172
9596260,12305722
9596260,12637021
9596260,13025953
9596260,52489482
9596260,57259292
9596260,61145262
9596260,63425342
9596260,82063132
9596260,82631892
9596260,84292982
9596260,85360022
9596260,119719522
9596260,123053672
9596260,217772485
9598344,9871180
9602094,13930975
9602094,15051551
9602094,49634222
9602094,53049432
9602094,55747772
9602094,77993682
9615244,10589263
9615244,10695573
9615244,10930872
9615244,13314513
9615244,13554009
9615244,13622973
9620934,9811408
9626504,121545492
9635624,12133088
9653084,10510627
9653084,11666599
9653084,11891997
9653084,12379646
9653084,12952755
9653084,13296209
9653084,13392565
9653084,13552757
9653084,13686667
9653084,49259572
9653084,49259582
9653084,49472072
9653084,52185982
9653084,65017672
9653084,66198732
9653084,66314222
9653084,67905592
9653084,75605482
9653084,76532432
9653084,95557122
9653084,99508752
9653084,109692442
9653084,115304412
9653084,116226662
9653084,118232102
9653084,124786782
9658096,10589263
9658096,11884111
9667370,12406950
9667370,12471680
9667370,12896823
9667370,13131843
9667370,13806415
9667370,50873882
9667370,77482782
9687690,10695573
9687690,12526056
9687690,14235001
9687690,59620692
9708982,10305756
9708982,12526962
9709594,14447309
9709594,60864502
9710684,73101792
9719682,14491939
9719682,54838802
9719682,61145262
9719682,71286292
9719682,114802912
9719682,172071177
9756660,10632397
9756660,10816636
9756660,14732955
9756660,14780015
9759672,50030162
9759672,68358002
9761322,206710097
9762450,9848068
9762450,66952022
9763952,50683152
9763952,80365122
9776678,11363014
9776678,11425822
9776678,15103965
9776678,50619722
9776678,76053262
9776678,102426952
9803116,11666599
9803116,54330242
9803116,68337772
9803116,101962882
9803116,132937152
9803116,175025637
9811408,70217372
9814678,13566145
9814678,14235001
9822974,10668131
9822974,11347866
9822974,11420468
9822974,13874291
9822974,14456487
9830972,12271282
9842590,9896010
9842590,11513259
9842590,12496222
9842590,14004075
9844398,11419724
9844398,12496222
9844398,13916083
9844398,14004075
9844398,54047652
9844398,61384072
9844398,153152092
9848068,11301722
9848068,14491939
9848068,54330242
9868564,11153426
9877358,10003428
9877358,12803957
9884966,99572172
9896010,10387696
9896010,10816636
9896010,11513259
9896010,12756025
9896010,13124535
9896010,14004075
9896010,14539467
9896010,54047652
9896010,58568762
9896010,85216072
9910102,10935332
9910102,11242224
9910102,11270172
9910102,13121157
9910102,13534745
9910102,13833249
9910102,53923702
9910102,61145262
9910102,83322832
9910102,131216322
9910102,134510332
9910102,135512622
9910102,258370482
9916160,10052642
9916160,13658563
9945206,10177296
9945206,10388560
9945206,10583405
9945206,11025346
9945206,11289472
9945206,11569041
9945206,14534981
9945206,56133072
9945206,67431122
9945206,95873492
9945206,105047672
9958178,12676237
9958178,66228482
9976422,10695573
9976422,11026886
9976422,13790723
9976422,13918545
9976422,14240131
9976422,14447309
9976422,49569672
9976422,66228482
9976422,101739872
9976422,239541711
9980042,10989694
9980042,12173602
9980042,12462878
9980042,14000007
9980042,105595002
9980042,112216312
9987408,12991885
10002824,11934257
10032770,12676237
10032770,13893391
10032770,72272502
10032770,74514052
10032770,85082932
10032770,87033922
10038604,11588739
10038604,87033922
10052642,10640291
10102172,10695573
10102172,12414626
10110184,48765861
10113612,10502405
10113612,12406950
10126174,85874042
10147346,13682095
10147346,14659541
10147346,52463032
10147346,53325902
10147346,55936502
10147346,60864502
10147346,67211132
10147346,107030802
10147346,162070292
10149178,11025346
10149178,11289472
10149178,11342468
10149178,12756025
10155292,14468689
10161764,14626539
10161764,66311462
10177296,10388560
10177296,11025346
10177296,11559031
10177296,11815065
10177296,12029862
10177296,14588939
10177296,49544582
10177296,105047672
10185674,10803948
10185674,10989694
10185674,11270172
10185674,12515948
10185674,12710203
10185674,13097199
10185674,13121157
10185674,13515845
10185674,13833249
10185674,14161851
10185674,61474832
10185674,74042892
10185674,84292982
10185674,88835182
10185674,108068032
10185674,128051502
10185674,131216322
10185674,135512622
10189104,10807780
10189104,12526056
10189104,13136341
10189104,13645509
10189104,14805647
10189104,48765861
10189104,51495052
10189104,60864502
10189104,93155232
10189722,10286020
10189722,11443084
10189722,11559031
10189722,14343187
10189722,14539467
10189722,58568762
10189722,68358002
10194296,61343932
10214984,68337772
10220698,54330242
10257238,10833242
10257238,11122456
10257238,11242224
10257238,11270172
10257238,13139755
10257238,13686667
10257238,49472072
10257238,50258612
10257238,51018902
10257238,52185982
10257238,65501912
10257238,71286292
10257238,76532432
10257238,132712992
10263774,14399933
10263774,60864502
10264540,11584555
10264540,13918545
10264540,68553672
10277670,10602599
10277670,52783482
10277670,60689322
10277670,73182282
10277686,13552757
10286020,10375188
10286020,11136556
10286020,11301722
10286020,12637039
10286020,14549479
10286020,48947801
10286020,50258612
10286020,50633822
10286020,54330242
10286020,61094422
10286020,73101792
10286020,73171372
10286020,77482782
10286020,100314362
10286020,113915572
10286020,115304412
10286020,118232102
10286020,131216322
10286020,258370482
10305756,12526962
10318770,13895003
10375188,12549876
10375188,51464362
10382806,12010760
10382806,13063581
10382806,13248933
10388560,11342468
10388560,11569041
10388560,12029862
10388560,14718485
10388560,49544582
10388560,56133072
10391776,14399933
10395816,14004075
10399494,11033960
10399494,13025953
10399494,65501912
10399494,66952022
10399494,69307442
10413716,10803948
10413716,13534745
10413716,13833249
10413716,83322832
10413716,84292982
10413716,134510332
10413716,141153212
10413716,161696942
10413716,217772485
10426250,11583689
10426250,13097199
10426250,13534745
10426250,13833249
10426250,68221232
10426250,84292982
10426250,217772485
10427228,12414626
10427228,15190997
10427228,61701582
10433448,11289472
10433448,11301722
10448666,53049432
10452069,11665341
10452069,11884111
10452069,13755123
10452069,14698879
10452069,63519802
10452069,102204242
10472833,13272315
10472833,14626539
10499111,10633657
10499111,54309042
10502441,10668131
10502441,13719947
10510627,10919746
10510627,12610223
10510627,13552757
10510627,13686667
10510627,14440733
10510627,61906362
10510627,65017672
10510627,65501912
10510627,66198732
10510627,67905592
10510627,70637642
10510627,72320452
10510627,95557122
10510627,112522052
10510627,115304412
10510627,141995332
10541089,125722472
10580067,11928391
10580067,12098828
10580067,12346612
10580067,13299379
10580067,14805647
10580067,49364062
10580067,50030162
10580067,54047652
10580067,111130212
10581575,11268268
10581575,11639727
10581575,11666599
10581575,12406950
10581575,12610223
10581575,13416889
10581575,49259572
10581575,50256792
10581575,52716632
10581575,52941522
10581575,84227392
10583405,11342468
10583405,12029862
10583405,56133072
10583405,105047672
10589263,12125606
10589263,14652473
10589263,67181132
10602599,51451142
10602599,52783482
10632397,10816636
10632397,11310104
10632397,14732955
10632397,14733833
10632397,14780015
10632397,120626712
10633657,10672471
10633657,13190913
10633657,54330242
10633657,81326252
10633657,91717162
10633657,112216312
10633657,114802912
10633657,122123672
10633657,123053672
10633657,131216322
10633657,152317532
10633657,161696942
10640291,11626647
10640291,11626663
10640291,12118510
10640291,13131843
10640291,65608142
10666535,10666539
10668131,14468689
10668885,12816021
10672471,13097199
10672471,13534745
10672471,73171372
10672471,84292982
10672471,104293862
10672471,122123672
10672471,131216322
10672471,135512622
10672471,161696942
10695573,10961718
10695573,11026886
10695573,11032458
10695573,12218918
10695573,13554009
10695573,13790723
10695573,14103363
10695573,14181947
10695573,14447309
10695573,14621667
10695573,59620692
10695573,68078472
10695573,117914082
10695573,123033132
10695573,148380152
10695573,148696602
10695573,184573357
10695573,204461457
10711849,11639727
10711849,11891997
10711849,50873882
10753698,52433712
10803948,12759119
10803948,13833249
10803948,14161851
10803948,61145262
10803948,68221232
10803948,84292982
10803948,85360022
10803948,119719522
10803948,131216322
10803948,262408191
10807780,13645509
10807780,14341205
10807780,14805647
10807780,70263012
10807780,72272502
10807780,73205432
10807780,98775702
10807780,111130212
10807780,220540115
10813980,14950027
10813980,135512622
10816636,11310104
10816636,11477224
10816636,13529333
10816636,13641829
10816636,13905711
10816636,14004075
10816636,14588939
10816636,14732955
10816636,14780015
10816636,50683152
10816636,74892432
10833242,10935332
10833242,11033960
10833242,12071380
10833242,14736915
10833242,49259572
10833242,72721172
10833242,72751322
10833242,82063132
10833242,132712992
10844726,64437072
10845794,51907152
10845794,65699042
10845794,73119332
10848422,62566972
10912482,14733833
10912482,85874042
10930872,12414626
10930872,13790723
10930872,73205432
10930872,127314642
10935332,11066876
10935332,11085788
10935332,11666599
10935332,12258100
10935332,12305722
10935332,13097199
10935332,14000007
10935332,14092217
10935332,14520277
10935332,14927401
10935332,49135961
10935332,49197872
10935332,66952022
10935332,85360022
10935332,145336382
10960696,13569769
10960696,14235001
10960696,49610052
10960696,52463032
10962664,12710203
10962664,70050122
10979902,87033922
10989694,11242224
10989694,12383494
10989694,13515845
10989694,54838802
10989694,61145262
10989694,61474832
10989694,81326252
10989694,84292982
10989694,122123672
10989694,131216322
10989694,152317532
10989694,264261321
11025346,11289472
11025346,11310104
11025346,11342468
11025346,12029862
11025346,12588946
11025346,12717391
11025346,49197782
11025346,49364062
11025346,66031652
11025346,139171932
11026886,12354442
11026886,12526056
11026886,13152245
11026886,13554009
11026886,13755123
11026886,13820325
11026886,13918545
11026886,14240131
11026886,14447309
11026886,14587923
11026886,14621667
11026886,15337813
11026886,48443532
11026886,51968652
11026886,62566972
11026886,64374872
11026886,68078472
11026886,79257132
11026886,115427322
11026886,132179322
11026886,168275777
11026886,184573357
11026886,249270492
11026886,274705721
11032458,12414626
11032458,12920049
11032458,13554009
11032458,14447309
11032458,54061032
11032458,64374872
11032458,79257132
11033960,11270172
11033960,11481726
11033960,12395286
11033960,12610223
11033960,14736915
11033960,51018902
11033960,57259292
11033960,72836482
11066876,58598842
11066876,112216312
11085788,12305722
11085788,14000007
11085788,49197872
11122456,11666599
11122456,12952755
11122456,13097199
11122456,13139755
11122456,13296209
11122456,49259572
11122456,52849522
11122456,63425342
11122456,65501912
11122456,72531372
11122456,85360022
11122456,88835182
11122456,128051502
11122456,132712992
11122456,138015062
11136556,12896823
11136556,52941522
11136556,77482782
11136556,114472782
11140418,14980207
11140418,15104399
11145336,11643511
11145336,15216967
11152580,68248772
11153426,12010760
11153426,13063581
11167720,73101792
11237527,13529333
11237527,13571283
11242224,12173602
11242224,12462878
11242224,13833249
11242224,61145262
11242224,73171372
11242224,101962882
11242224,122123672
11242224,131216322
11242224,152317532
11242224,169643837
11256100,12676237
11256100,13918545
11268268,11421098
11268268,11736681
11268268,13025953
11268268,13806415
11268268,45663272
11268268,49259572
11268268,52941522
11268268,63912472
11268268,66198732
11268268,102703622
11268268,114472782
11268268,135512622
11268268,141995332
11270172,11481726
11270172,12258100
11270172,12305722
11270172,12379646
11270172,12610223
11270172,12952755
11270172,13097199
11270172,14549479
11270172,14736915
11270172,14854891
11270172,14907231
11270172,49197872
11270172,49472072
11270172,51018902
11270172,57259292
11270172,63425342
11270172,66660652
11270172,74042892
11270172,80601362
11270172,82063132
11270172,85073122
11270172,88835182
11270172,95529622
11270172,119719522
11270172,129085752
11270172,132712992
11270172,134510332
11270172,141153212
11270172,159573692
11270172,219083485
11279454,11363014
11279454,12558830
11279454,13895003
11279454,14456487
11279454,15104399
11279454,15166511
11279454,51464362
11289472,11359554
11289472,11559031
11289472,11569041
11289472,12029862
11289472,12487862
11289472,12588946
11289472,12756025
11289472,13299379
11289472,48765861
11289472,49544582
11289472,58568762
11289472,61498882
11289472,139171932
11301722,12346612
11301722,13097199
11301722,14549479
11301722,14639121
11301722,50633822
11301722,63425342
11301722,66952022
11301722,135512622
11301722,160138282
11310104,11443084
11310104,11815065
11310104,12098828
11310104,12487862
11310104,12717391
11310104,13586537
11310104,15304117
11310104,68358002
11310104,69930162
11329214,11626647
11329214,13025953
11329214,45663272
11329214,49259572
11329214,67853702
11329214,114472782
11329302,12462878
11329302,50258612
11342468,12029862
11342468,64519042
11347866,13874291
11359554,11815065
11359554,12029862
11359554,13299379
11359554,14534981
11359554,48947801
11359554,49544582
11359554,64519042
11359554,100314362
11359554,139171932
11363014,15166511
11363014,15299377
11363014,59691632
11366354,12676237
11372588,15368025
11393622,12431462
11416128,12610223
11416128,14054499
11416128,49472072
11416128,67522822
11416128,71093832
11416128,72751322
11416128,84777352
11416128,88942732
11419724,14004075
11420468,11674815
11421098,12896823
11421098,14191917
11421098,84227392
11421098,102703622
11421098,126936082
11443084,11815065
11443084,11928391
11443084,12717391
11443084,12944237
11443084,14980207
11443084,48947801
11443084,50030162
11471022,12588946
11481726,11626663
11481726,14000007
11481726,14736915
11481726,14979839
11481726,51018902
11481726,54841642
11481726,65017672
11481726,66660652
11481726,66952022
11481726,74042892
11481726,128051502
11494990,13859801
11494990,14626539
11498422,14520277
11498422,83322832
11498422,122123672
11498422,124786782
11513017,58598842
11513017,112522052
11513017,122123672
11513017,129085752
11554743,11569041
11554743,13744631
11554743,61498882
11554743,67431122
11559031,11815065
11559031,12029862
11559031,14343187
11559031,48765861
11559031,50657232
11559031,50683152
11559031,68358002
11559031,153152092
11569041,12029862
11569041,56133072
11569041,61498882
11569041,66031652
11569041,100314362
11569041,105047672
11569041,139171932
11573699,13499081
11581389,56463732
11581389,63635752
11583679,12759119
11583679,13336803
11583679,66206512
11583679,80601362
11583679,80755672
11583679,83322832
11583679,217772485
11583689,13534745
11583689,84292982
11583689,134510332
11583689,217772485
11584555,12422192
11584555,13357141
11584555,13790723
11584555,14240131
11584555,74514052
11584555,127314642
11588739,12082994
11588739,52937632
11588739,72272502
11588739,111130212
11621109,15029771
11621453,55877602
11626647,13447203
11626663,12471680
11626663,13131843
11626663,45663272
11626663,52185982
11639727,11891997
11639727,12604907
11639727,14333907
11639727,50873882
11639727,52716632
11665341,51907152
11666599,12379646
11666599,12610223
11666599,13025953
11666599,13139755
11666599,13296209
11666599,13416889
11666599,13552757
11666599,14000007
11666599,49259572
11666599,49259582
11666599,50258612
11666599,52185982
11666599,65501912
11666599,66198732
11666599,66314222
11666599,67905592
11666599,70050122
11666599,77482782
11666599,85073122
11666599,88835182
11666599,95557122
11666599,99508752
11666599,103851292
11666599,115304412
11666599,116226662
11666599,118232102
11666599,124786782
11666599,141153212
11666599,219083485
11721245,13755123
11721245,14562407
11721245,68553672
11721245,81031672
11721245,107030802
11721245,132179322
11736133,52463032
11736133,62566972
11736133,162070292
11736681,12610223
11736681,12710203
11736681,13416889
11736681,13806415
11736681,14191917
11736681,45663272
11736681,52716632
11736681,56058952
11736681,63912472
11736681,66952022
11736681,98513552
11736681,102703622
11736681,118981132
11736681,141995332
11802691,14161851
11802691,56731592
11802691,61942382
11813147,50256792
11813147,52716632
11815065,12588946
11815065,14004075
11815065,80365122
11816945,15299377
11819131,12096672
11819131,12991885
11819131,14157839
11819131,64874492
11834965,12010760
11834965,13063581
11834965,13248933
11834965,14544241
11834965,61302392
11871785,12350516
11871785,86146412
11884087,52783482
11884111,12920049
11884111,14240131
11884111,52463032
11884111,67181132
11884111,68553672
11884111,263307171
11888005,68358002
11891997,12604907
11891997,13131843
11891997,13296209
11891997,13686667
11891997,45663272
11891997,49259572
11891997,50873882
11891997,67905592
11891997,85073122
11891997,99651032
11916115,12896823
11916115,65504032
11928391,12029862
11928391,13299379
11928391,14718485
11928391,48765861
11928391,50030162
11934257,51720482
11949001,14659541
11949001,132179322
11999322,12785693
11999322,14486481
12010760,13248933
12010760,14491939
12010760,62916082
12019624,13874291
12019624,15103965
12029862,12098828
12029862,12487862
12029862,13209035
12029862,49364062
12029862,54047652
12029862,61498882
12029862,68358002
12029862,100314362
12029862,105047672
12033224,76053262
12033224,121545492
12082994,13645509
12082994,14301229
12082994,66311462
12082994,72272502
12082994,263307171
12096038,14181947
12096038,15299377
12096038,51204222
12096038,51305922
12096038,60864502
12096038,102426952
12096672,75659582
12098828,12717391
12098828,14876665
12118510,13806415
12125606,12354442
12133152,14980207
12173602,54838802
12173602,152317532
12208250,97362412
12208250,108948382
12218918,13554009
12236096,57515312
12250622,12615805
12258100,51018902
12258100,57259292
12258100,63425342
12258100,81593072
12258100,88835182
12268072,13028375
12268072,14343187
12268072,139171932
12271282,51931882
12271282,57515312
12271282,60864502
12271282,80449002
12305722,14000007
12305722,49197872
12305722,118232102
12346612,12487862
12346612,48947801
12346612,49364062
12346612,61094422
12350516,61701582
12354442,13357141
12354442,13554009
12360448,12487862
12360448,12604907
12360448,13744631
12360448,14588939
12369444,13499081
12369444,51965252
12369444,265272032
12379646,13296209
12379646,13686667
12379646,49259572
12379646,51968592
12379646,67905592
12379646,118232102
12379646,124786782
12383494,14950027
12383494,138015062
12390376,15029771
12395286,13086415
12395286,13121157
12395286,88835182
12406950,12896823
12406950,13131843
12406950,13447203
12406950,45663272
12406950,52941522
12414626,220540115
12422192,14802869
12422192,66228482
12422192,81094772
12422192,101739872
12461772,15190997
12461772,61061602
12471680,13447203
12487862,12816283
12487862,12991285
12487862,13028375
12487862,13299379
12487862,13529333
12487862,13571283
12487862,13586537
12487862,13893391
12487862,14588939
12487862,15304117
12487862,49364062
12487862,54216232
12487862,111130212
12487862,139171932
12487862,155887202
12490752,14713007
12490752,63519802
12490752,205310057
12515948,14491939
12515948,54330242
12515948,61145262
12515948,69708032
12515948,114802912
12526056,13870619
12526056,51968652
12526056,172662567
12526056,284775911
12530904,14478663
12530904,148696602
12549876,12816021
12558830,14482665
12588946,14343187
12588946,49544582
12604907,13131843
12607183,51965252
12607183,265272032
12610223,13552757
12610223,14549479
12610223,14658687
12610223,49197872
12610223,49259572
12610223,52182182
12610223,52716632
12610223,57259292
12610223,68010272
12610223,71093832
12610223,72751322
12610223,74042892
12610223,82063132
12610223,84777352
12610223,88835182
12615805,14801651
12615805,54656752
12628099,12918897
12628099,13534745
12628099,13833249
12628099,14161851
12628099,14520277
12628099,14897591
12628099,50633822
12628099,51018902
12628099,51968592
12628099,57668652
12628099,61942382
12628099,84777352
12628099,88835182
12628099,118232102
12628099,119719522
12628099,143895072
12628099,186903217
12632197,12676237
12632197,14956079
12632197,53049432
12632197,111130212
12637021,13336803
12637021,14161851
12637021,58598842
12637021,61145262
12637021,65017672
12637021,88900572
12637039,12816283
12637039,14343187
12637039,14805647
12637039,14876665
12668305,12991885
12676237,14621667
12676237,76053262
12710203,13121157
12710203,13515845
12710203,14520277
12710203,49283392
12710203,54330242
12710203,69708032
12710203,70050122
12710203,84292982
12710203,101962882
12710203,108068032
12710203,132937152
12710203,175025637
12717391,100314362
12721175,54097282
12721175,54838802
12721175,61145262
12721175,91717162
12721175,112216312
12721175,122123672
12721175,152317532
12721175,262408191
12741929,13817211
12741929,73101792
12756025,13028375
12756025,66031652
12759119,13097199
12759119,13121157
12759119,72836482
12759119,73171372
12759119,74001032
12759119,83322832
12759119,131216322
12759119,138015062
12759119,217772485
12759119,262408191
12816021,59691632
12816021,171528407
12816283,13028375
12816283,13299379
12816283,13529333
12816283,13571283
12816283,13586537
12816283,13719947
12816283,14588939
12816283,49364062
12816283,50657232
12816283,66031652
12816283,73101792
12816283,155887202
12835615,13658563
12896823,13447203
12896823,13821771
12896823,50256792
12896823,65504032
12896823,67825992
12896823,72325102
12917395,14399933
12918897,14161851
12918897,49259572
12918897,58598842
12918897,122123672
12918897,145336382
12920049,14718361
12944237,100314362
12948083,113915572
12952755,14000007
12952755,49197872
12952755,49259572
12952755,54841642
12952755,67905592
12952755,85073122
12956877,14549479
12956877,14603115
12956877,50258612
12956877,57259292
12956877,72531372
12956877,74042892
12956877,81593072
12991285,13529333
12991285,14805647
12991285,49364062
12994625,84292982
13020441,49097541
13020441,66311462
13025953,13416889
13025953,13552757
13025953,14333907
13025953,49135961
13025953,50258612
13025953,50633822
13025953,52716632
13025953,52849522
13025953,66952022
13025953,72531372
13025953,72751322
13025953,99651032
13025953,128051502
13028375,13529333
13028375,13571283
13028375,13586537
13028375,13744631
13028375,14876665
13028375,48765861
13028375,49364062
13028375,61094422
13028375,155887202
13086415,14854891
13086415,66314222
13086415,81593072
13086415,88835182
13097199,13515845
13097199,13534745
13097199,14491939
13097199,49259572
13097199,51018902
13097199,54330242
13097199,66314222
13097199,68221232
13097199,82931992
13097199,84292982
13097199,88835182
13097199,123053672
13097199,131216322
13097199,141153212
13097199,143895072
13097199,262408191
13121157,13534745
13121157,13833249
13121157,59940712
13121157,61474832
13121157,72836482
13121157,91717162
13121157,119396922
13124535,13682095
13130577,15299377
13130577,59691632
13131843,50256792
13136341,51733582
13139755,14736915
13139755,14927401
13139755,49197872
13139755,50258612
13139755,61942382
13139755,66952022
13139755,70637642
13139755,72721172
13139755,103851292
13139755,129085752
13142337,14058915
13142337,50860262
13142337,208331887
13143283,66311462
13152245,68553672
13152245,78965772
13152245,93114652
13190913,61145262
13200787,81764332
13200787,117111442
13209035,14588939
13209035,56133072
13248933,61302392
13252291,15157479
13252291,80365122
13252291,120626712
13252291,216346095
13286961,15029771
13296209,13416889
13296209,13552757
13296209,14018307
13296209,14440733
13296209,49197872
13296209,49259572
13296209,49259582
13296209,49472072
13296209,51968592
13296209,65501912
13296209,67905592
13296209,70637642
13296209,75605482
13296209,76532432
13296209,77482782
13296209,88835182
13296209,109692442
13296209,116226662
13296209,118232102
13296209,124786782
13296209,132723492
13299379,13529333
13299379,49364062
13299379,58568762
13299379,61094422
13299379,111130212
13299379,139171932
13299379,155887202
13314513,63703472
13327441,13421075
13327441,13552757
13327441,50363112
13327441,52185982
13327441,57259292
13327441,72320452
13336803,66206512
13336803,80755672
13336803,107502672
13357141,52049272
13357141,205310057
13387589,13916083
13387589,120626712
13392565,66198732
13392565,68010272
13392565,70637642
13392565,99508752
13392565,109692442
13416889,49259572
13416889,50873882
13416889,52528582
13416889,52716632
13416889,52941522
13416889,63425342
13416889,63912472
13416889,77482782
13416889,95557122
13416889,99651032
13416889,102703622
13416889,109692442
13416889,115304412
13416889,146296522
13416889,219083485
13421075,13537217
13421075,14658687
13421075,14950027
13421075,54841642
13421075,67522822
13421075,127314642
13447203,156213392
13499081,14107147
13515845,13833249
13515845,61145262
13515845,108068032
13529333,13571283
13529333,13586537
13529333,13744631
13529333,13893391
13529333,50030162
13529333,155887202
13534745,13833249
13534745,14603115
13534745,61145262
13534745,61474832
13534745,68221232
13534745,84292982
13534745,91717162
13534745,119719522
13534745,131216322
13534745,134510332
13534745,135512622
13537217,14603115
13537217,14658687
13537217,14950027
13537217,50363112
13537217,54841642
13537217,57668652
13537217,69014302
13537217,84777352
13537217,118232102
13552757,14440733
13552757,14658687
13552757,45663272
13552757,49259572
13552757,49259582
13552757,49472072
13552757,61906362
13552757,66198732
13552757,66314222
13552757,67905592
13552757,70637642
13552757,72845512
13552757,95557122
13552757,112522052
13552757,124786782
13554009,13790723
13554009,14447309
13554009,14587923
13554009,14621667
13554009,55387692
13554009,64374872
13554009,79257132
13554009,127314642
13554009,184573357
13554009,220540115
13571283,13744631
13571283,13893391
13571283,14876665
13586537,49364062
13586537,57203182
13594287,15104399
13606033,13700433
13631667,13639985
13631667,15104399
13631667,81764332
13641693,65504032
13641693,71165092
13641693,129051842
13641829,14980207
13641829,153042292
13645509,13835607
13645509,80268952
13645509,80681022
13645509,101739872
13645509,121672292
13686667,49259572
13686667,49472072
13686667,50873882
13686667,65017672
13686667,65501912
13686667,85073122
13686667,95557122
13686667,109692442
13686667,219083485
13700433,163128877
13719947,51464362
13744631,13893391
13755123,60864502
13755123,115427322
13755123,174484227
13790723,127314642
13790723,162070292
13790723,172662567
13790723,184573357
13790723,239541711
13790723,274705721
13806415,50873882
13806415,141995332
13820325,344313291
13821771,65504032
13821771,67905592
13824097,14733833
13833249,14854891
13833249,50633822
13833249,53923702
13833249,54330242
13833249,61474832
13833249,63425342
13833249,68221232
13833249,84292982
13833249,88835182
13833249,88900572
13833249,91717162
13833249,95529622
13833249,101962882
13833249,114802912
13833249,124786782
13833249,131216322
13833249,134510332
13833249,135512622
13833249,143895072
13833249,172071177
13833249,262408191
13835607,14240131
13835607,14621667
13835607,52463032
13835607,121672292
13859801,14235001
13859801,66311462
13874291,14980207
13878655,14492701
13878655,15104399
13878655,51464362
13878655,59936352
13878655,73101792
13905711,15190997
13916083,14004075
13916083,15304117
13916083,50683152
13916083,61384072
13916083,101282642
13916083,120626712
13916083,153152092
13916083,197607707
13918545,13962203
13918545,14447309
13918545,50619722
13918545,51305922
13918545,51968652
13918545,55877602
13918545,64374872
13918545,66228482
13918545,102204242
13918545,121672292
13918545,123033132
13918545,132179322
13918545,172662567
13918545,184573357
13918545,204461457
13918545,222898665
13918545,274705721
13923487,125722472
13930975,14414849
13930975,55747772
13930975,63515642
13962203,14621667
13962203,15138227
14000007,53795232
14004075,14539467
14004075,14732955
14004075,15304117
14004075,61384072
14004075,80365122
14004075,101282642
14004075,120626712
14004075,212949977
14004075,216346095
14004075,239030641
14018307,49259572
14018307,49259582
14018307,65017672
14018307,65501912
14018307,72531372
14018307,88974232
14018307,99508752
14018307,112522052
14018307,132723492
14018307,219083485
14054499,14927401
14054499,66198732
14054499,72845512
14058915,14802869
14058915,15029771
14063641,122602052
14103363,14621667
14103363,54856202
14107147,51554562
14161851,14603115
14161851,14854891
14161851,14907231
14161851,49259572
14161851,56731592
14161851,61145262
14161851,61474832
14161851,61942382
14161851,74001032
14161851,84292982
14161851,88835182
14161851,107502672
14161851,112522052
14161851,122123672
14161851,123053672
14161851,145336382
14161851,172071177
14181947,51464362
14191917,98513552
14235001,14341205
14235001,14635923
14235001,61053822
14235001,162070292
14240131,14713007
14240131,14718361
14240131,52463032
14240131,52937632
14240131,115427322
14301229,66311462
14333907,50873882
14333907,67522822
14341205,73205432
14341205,220540115
14342837,87033922
14342837,168275777
14343187,14876665
14343187,48765861
14343187,49364062
14343187,49544582
14343187,68358002
14343187,100314362
14399933,14626539
14414317,107382742
14440733,61906362
14440733,65017672
14440733,66198732
14440733,67905592
14440733,70637642
14440733,88974232
14447309,14478663
14447309,51968652
14447309,68078472
14447309,101739872
14447309,127314642
14447309,193500817
14447309,222898665
14447309,239541711
14447309,249270492
14456487,14492701
14456487,51204222
14468689,14801651
14468689,54656752
14468689,73101792
14478663,193500817
14482665,15299377
14482665,68294032
14486481,51554562
14486481,60552072
14486481,168158797
14491939,169643837
14492701,15104399
14520277,49259572
14520277,61942382
14520277,66660652
14520277,108068032
14520277,143895072
14534981,95873492
14534981,139171932
14539467,14732955
14539467,50033982
14539467,50683152
14539467,58568762
14539467,153152092
14549479,49135961
14549479,63425342
14549479,66952022
14549479,82063132
14562407,49349822
14562407,60864502
14562407,80449002
14587923,79257132
14587923,117914082
14587923,127314642
14587923,249270492
14587923,344313291
14588939,14876665
14588939,54216232
14603115,56731592
14603115,57259292
14603115,57668652
14603115,63425342
14603115,66660652
14603115,72751322
14603115,74042892
14603115,122123672
14612775,113077102
14621667,15063429
14621667,55387692
14621667,60864502
14621667,64374872
14621667,80681022
14621667,111130212
14621667,148696602
14621667,174484227
14626539,57203182
14635923,52463032
14639121,102703622
14652473,55387692
14652473,59620692
14652473,148696602
14658687,14950027
14658687,50363112
14658687,51968592
14658687,54841642
14658687,57668652
14658687,67522822
14658687,69014302
14658687,72751322
14658687,88942732
14658687,118232102
14658687,128051502
14698879,52463032
14698879,93114652
14698879,161626742
14718361,81094772
14718485,49197782
14718485,66031652
14718485,100314362
14719869,99651032
14732955,14780015
14733833,61794142
14736915,63425342
14736915,132712992
14780015,15353331
14780015,69930162
14789699,14904523
14800995,49825112
14800995,51464362
14801651,54656752
14803977,85216072
14803977,120626712
14803977,153152092
14805647,48765861
14805647,64519042
14805647,93155232
14805647,111130212
14854891,49259572
14854891,50258612
14854891,61474832
14854891,61942382
14854891,63425342
14854891,66314222
14854891,67905592
14854891,74042892
14854891,81593072
14854891,88900572
14854891,103851292
14854891,109692442
14854891,118232102
14854891,122123672
14854891,124786782
14876665,49364062
14876665,50657232
14876665,59480682
14876665,61094422
14907231,49197872
14907231,51968592
14907231,82063132
14907231,82631892
14927401,124786782
14950027,50363112
14950027,54841642
14950027,56731592
14950027,67522822
14950027,69014302
14950027,71093832
14950027,77874312
14950027,118232102
14950027,128051502
14956079,125532822
14979839,45663272
14979839,49259572
14979839,50258612
14979839,52477472
14979839,57259292
14979839,63912472
14979839,74042892
14980207,15014373
15014373,49197782
15051551,49634222
15051551,54647592
15063429,15337813
15063429,69178362
15157479,67431122
15190997,51305922
15198475,57259292
15198475,61906362
15198475,68010272
15198475,72845512
15304117,48947801
15304117,54047652
15304117,80365122
15304117,101282642
15304117,216346095
15304117,239030641
15337813,50860262
15337813,93114652
15337813,132179322
15353331,69930162
15368025,65699042
45663272,49259572
45663272,49259582
45663272,50873882
45663272,52182182
45663272,52528582
45663272,56058952
45663272,63635752
45663272,66952022
45663272,77157522
45663272,118981132
45663272,135512622
48443532,68553672
48443532,88895962
48443532,284775911
48634472,68337772
48634472,115304412
48634472,132937152
48765861,51495052
48765861,52463032
48947681,76053262
48947801,49825112
48947801,102426952
48947801,113547672
48947801,125722472
48995601,64927672
49096741,54647592
49096741,117259882
49135961,50258612
49135961,51018902
49135961,52849522
49135961,54841642
49135961,57259292
49135961,66952022
49135961,132937152
49197782,100314362
49197872,49472072
49197872,51968592
49197872,57259292
49197872,59034832
49197872,95529622
49197872,109692442
49197872,118232102
49197872,132712992
49259572,49259582
49259572,49472072
49259572,50258612
49259572,50633822
49259572,51018902
49259572,52182182
49259572,52528582
49259572,52941522
49259572,61474832
49259572,63912472
49259572,65017672
49259572,66198732
49259572,66314222
49259572,67853702
49259572,67905592
49259572,72320452
49259572,72531372
49259572,76532432
49259572,77157522
49259572,77482782
49259572,84227392
49259572,84292982
49259572,85073122
49259572,88835182
49259572,88974232
49259572,95557122
49259572,99508752
49259572,102703622
49259572,103851292
49259572,109692442
49259572,115304412
49259572,116226662
49259572,118232102
49259572,122123672
49259572,124786782
49259572,131216322
49259572,135512622
49259572,141995332
49259572,166727787
49259572,219083485
49259572,264261321
49259582,66314222
49259582,67905592
49259582,76532432
49259582,88974232
49259582,115304412
49259582,124786782
49280302,51720482
49283392,132937152
49364062,50033982
49364062,61094422
49364062,64927672
49472072,52941522
49472072,57668652
49472072,66314222
49472072,76532432
49472072,77482782
49472072,82063132
49472072,88974232
49472072,99508752
49472072,109692442
49472072,115304412
49472072,118232102
49472072,124786782
49472072,132723492
49472072,159573692
49544582,61498882
49544582,101706332
49566562,84292982
49569672,66228482
49569672,148696602
49569672,220540115
49634222,67823492
49818632,51464362
49818632,55158992
50030162,100314362
50030162,106849212
50161102,52746392
50161102,56052792
50258612,52849522
50258612,63425342
50258612,63912472
50258612,65501912
50258612,66314222
50258612,66660652
50258612,66952022
50258612,70050122
50258612,74042892
50258612,77157522
50258612,82631892
50258612,84777352
50258612,128051502
50363112,57668652
50363112,63425342
50363112,67522822
50363112,69014302
50363112,84777352
50363112,88942732
50363112,118232102
50363112,128051502
50633822,61094422
50633822,66660652
50633822,68221232
50633822,118232102
50633822,123053672
50657232,61094422
50683152,153152092
50860262,68553672
50860262,102204242
50873882,52182182
50873882,52528582
50873882,52716632
50873882,66314222
50873882,77157522
50873882,77482782
50873882,84227392
50873882,99651032
50873882,102703622
50873882,146296522
51018902,51968592
51018902,57259292
51018902,59034832
51018902,61474832
51018902,65017672
51018902,66660652
51018902,71093832
51018902,74042892
51018902,81593072
51018902,88900572
51018902,104293862
51018902,115304412
51018902,138015062
51018902,141153212
51018902,145336382
51018902,186903217
51204222,51464362
51204222,55158992
51204222,121545492
51276942,55936502
51305922,61701582
51451142,60689322
51451142,73182282
51451142,127637852
51464362,55158992
51464362,121672292
51720482,104184072
51907152,65699042
51907152,73119332
51965252,75659582
51965252,265272032
51968592,52477472
51968592,61906362
51968592,63425342
51968592,65017672
51968592,66198732
51968592,67905592
51968592,72320452
51968592,72845512
51968592,81593072
51968592,82063132
51968592,103851292
51968592,115304412
51968592,118232102
51968592,124786782
51968592,132712992
51968652,66228482
51968652,123033132
51968652,184573357
52182182,52941522
52182182,77482782
52185982,66314222
52185982,67905592
52185982,116226662
52375982,63881152
52433712,61061602
52463032,58888922
52463032,60864502
52463032,64519042
52463032,72272502
52463032,101739872
52463032,110616822
52463032,111130212
52463032,115427322
52463032,162070292
52477472,53795232
52477472,63425342
52477472,74042892
52528582,52716632
52528582,66198732
52528582,77482782
52528582,99651032
52528582,102703622
52528582,132712992
52528582,146296522
52716632,52941522
52716632,99651032
52716632,109692442
52716632,146296522
52849522,63912472
52849522,66660652
52849522,67905592
52849522,69307442
52849522,118232102
52937632,74514052
52937632,193500817
52937632,353796462
52941522,67853702
52941522,77482782
52941522,85073122
52941522,118232102
52941522,219083485
52942802,63457202
53049432,54647592
53345732,66228482
53795232,59034832
53795232,66660652
53795232,88835182
53923702,54309042
53923702,134510332
54047652,80365122
54047652,101282642
54047652,216346095
54061032,127314642
54097282,54838802
54309042,186903217
54330242,61145262
54330242,63457202
54330242,70050122
54330242,73171372
54330242,114802912
54330242,119719522
54330242,135512622
54330242,175025637
54647592,65699042
54647592,70263012
54647592,125532822
54838802,61942382
54838802,112216312
54838802,122123672
54841642,77874312
54841642,88942732
54841642,95529622
55158992,68294032
55158992,87033922
55379392,57996412
55877602,184573357
55936502,88895962
55936502,132179322
55936502,344313291
56052792,156213392
56058952,63912472
56058952,77157522
56058952,98513552
56058952,116226662
56094992,56967862
56094992,61061602
56094992,61701582
56133072,67431122
56133072,95873492
56133072,105047672
56463732,63635752
56463732,73182072
56731592,68221232
56731592,88900572
56731592,119719522
56731592,186903217
57203182,65303292
57203182,73101792
57203182,87033922
57259292,59034832
57668652,67522822
57668652,70637642
57668652,72751322
57668652,84777352
57668652,112522052
57668652,118232102
57668652,124786782
57668652,128051502
58221162,67823492
58221162,70263012
58598842,122123672
58598842,123053672
58598842,129085752
58598842,166727787
58598842,184781277
58598842,264261321
59034832,66660652
59691632,61799192
59936352,60552072
59940712,107502672
60689322,73182282
60864502,62566972
60864502,66311462
60864502,263307171
61061602,61701582
61145262,61474832
61145262,73171372
61145262,88835182
61145262,108068032
61145262,114802912
61145262,119396922
61145262,122123672
61145262,123053672
61145262,129085752
61145262,131216322
61145262,169643837
61145262,172071177
61145262,184781277
61145262,264261321
61474832,68221232
61474832,119396922
61474832,119719522
61474832,131216322
61474832,134510332
61474832,161696942
61794142,106990182
61906362,65017672
61906362,66198732
61906362,67905592
61906362,68010272
61906362,70637642
61906362,72845512
61906362,76532432
61906362,99508752
61906362,109692442
61906362,112522052
61942382,108068032
61942382,114802912
61942382,172071177
62534662,208331887
62566972,68553672
62566972,101739872
62566972,123033132
62566972,274705721
63425342,63912472
63425342,72836482
63425342,74042892
63519802,101739872
63519802,115427322
63519802,169339737
63519802,263307171
63519802,302248731
63912472,85073122
63912472,98513552
63912472,103851292
63912472,118981132
63912472,141995332
64374872,123033132
64374872,148380152
64519042,111130212
65017672,67905592
65017672,72320452
65017672,82063132
65017672,99508752
65017672,109692442
65017672,112522052
65017672,115304412
65017672,118232102
65017672,124786782
65303292,80268952
65303292,101739872
65303292,162070292
65459982,82631892
65459982,119719522
65501912,124786782
65504032,72325102
65699042,73119332
66198732,66314222
66198732,67905592
66198732,70637642
66198732,72845512
66198732,75605482
66198732,76532432
66198732,84227392
66198732,95557122
66198732,99508752
66198732,109692442
66198732,112522052
66198732,115304412
66198732,124786782
66198732,132712992
66206512,66314222
66206512,74724402
66206512,83322832
66206512,101962882
66228482,184573357
66314222,67905592
66314222,71286292
66314222,74042892
66314222,76532432
66314222,84777352
66314222,88835182
66314222,95557122
66314222,99508752
66314222,103851292
66314222,112522052
66314222,116226662
66314222,118232102
66314222,122123672
66314222,124786782
66314222,131216322
66314222,135512622
66314222,219083485
66314222,264261321
66660652,134510332
66952022,85360022
67181132,121672292
67431122,95873492
67431122,105047672
67522822,69014302
67522822,71093832
67522822,72751322
67522822,88942732
67853702,114472782
67905592,75605482
67905592,76532432
67905592,77482782
67905592,85073122
67905592,88974232
67905592,95557122
67905592,99508752
67905592,99651032
67905592,103851292
67905592,109692442
67905592,116226662
67905592,124786782
67905592,132723492
68010272,70637642
68010272,112522052
68078472,127314642
68221232,80755672
68221232,84292982
68221232,119396922
68221232,131216322
68221232,134510332
68221232,135512622
68221232,219083485
68221232,262408191
68553672,72411282
68553672,88895962
68553672,99572172
68553672,132179322
68553672,168275777
68553672,344313291
68625462,78965772
69014302,72751322
69014302,84777352
69014302,88942732
69014302,118232102
69014302,128051502
69708032,74001032
70050122,114802912
70050122,132937152
70050122,175025637
70637642,72320452
70637642,99508752
70637642,109692442
71093832,72751322
71093832,84777352
71093832,88942732
71165092,129051842
71286292,122123672
71286292,131216322
71823672,74042892
72320452,72531372
72320452,72845512
72320452,76532432
72320452,103851292
72320452,115304412
72320452,116226662
72320452,128051502
72411282,93114652
72411282,115427322
72531372,88974232
72531372,115304412
72751322,82063132
72751322,84777352
72751322,88942732
72751322,95529622
72751322,109692442
72845512,76532432
72845512,112522052
72845512,115304412
72845512,118232102
73101792,100314362
73171372,119396922
73171372,123053672
73171372,172071177
73182282,127637852
74001032,74042892
74042892,74724402
74042892,84777352
74042892,85360022
74042892,88900572
74514052,162070292
74514052,263307171
75659582,265272032
76532432,77482782
76532432,99508752
76532432,109692442
76532432,112522052
76532432,115304412
76532432,118232102
76532432,132723492
77157522,102703622
77482782,99651032
77482782,115304412
77482782,219083485
78960852,165461207
78965772,170886747
79257132,127314642
79257132,184573357
79257132,249270492
80365122,85874042
80365122,101282642
80365122,105047672
80365122,216346095
80681022,109312472
81326252,172071177
81444642,86146412
81593072,88835182
81593072,124786782
82063132,88900572
82063132,88942732
83322832,84292982
83322832,91717162
83322832,107502672
83322832,131216322
83322832,135512622
83322832,161696942
84227392,102703622
84227392,126936082
84227392,141995332
84292982,119719522
84292982,122123672
84292982,131216322
84292982,135512622
84292982,141153212
84292982,161696942
84292982,217772485
85073122,95557122
85073122,102703622
85073122,115304412
85073122,219083485
85082932,144020622
85082932,344313291
85360022,108068032
85874042,101282642
85874042,120626712
85874042,216346095
87033922,102703622
88835182,103851292
88835182,118232102
88835182,124786782
88835182,131216322
88835182,138015062
88835182,262408191
88900572,104293862
88900572,119719522
88974232,95557122
88974232,112522052
88974232,124786782
88974232,219083485
91717162,112522052
91717162,114802912
91717162,131216322
91717162,217772485
91717162,258370482
93114652,102204242
93298862,147136312
95557122,109692442
95557122,112522052
95557122,115304412
95557122,124786782
95557122,132723492
95873492,101706332
95873492,105047672
95873492,111130212
97362412,124505552
97362412,127637852
98513552,102703622
98513552,118981132
98513552,141995332
99508752,109692442
99508752,112522052
99508752,116226662
99508752,132723492
99508752,219083485
99651032,146296522
100314362,105047672
101282642,120626712
101282642,175914017
101282642,197607707
101282642,212949977
101282642,239030641
101706332,139171932
101962882,135512622
102204242,115427322
102204242,132179322
102426952,122602052
102703622,115304412
102703622,219083485
103851292,107502672
103851292,109692442
103851292,115304412
103851292,118232102
103851292,122123672
103851292,124786782
104184072,106849212
107030802,344313291
108948382,127637852
109312472,144020622
109312472,162070292
109312472,263307171
109455142,205310057
109692442,115304412
109692442,118232102
109692442,124786782
109692442,219083485
110616822,172662567
112216312,122123672
112522052,115304412
112522052,124786782
112522052,128051502
112522052,219083485
115304412,118232102
115304412,124786782
115427322,144020622
115427322,174484227
115427322,184573357
118232102,124786782
118232102,219083485
118981132,124786782
118981132,141995332
119396922,131216322
119396922,186903217
119396922,262408191
119719522,131216322
119719522,135512622
119719522,161696942
119719522,217772485
120626712,197607707
122123672,123053672
122123672,129085752
122123672,141995332
122123672,152317532
122123672,166727787
122123672,169643837
122123672,184781277
122123672,262408191
122123672,264261321
122602052,168158797
123053672,129085752
123053672,166727787
123053672,184781277
123053672,262408191
123053672,264261321
124786782,219083485
124786782,264261321
127314642,208331887
127314642,271699572
129085752,166727787
129085752,184781277
129085752,264261321
131216322,134510332
131216322,145336382
131216322,166727787
131216322,264261321
132179322,162070292
132179322,249270492
134510332,186903217
135512622,141153212
135512622,143895072
135512622,161696942
135512622,166727787
135512622,169643837
138015062,152317532
139171932,271210292
141153212,161696942
141153212,186903217
141153212,217772485
145336382,161696942
148380152,249270492
152317532,169643837
153152092,212949977
161696942,217772485
162070292,168275777
162070292,172662567
168158797,271210292
168275777,172662567
168275777,249270492
172662567,194146027
172662567,249270492
174484227,184573357
179187387,184573357
179187387,194146027
179187387,263307171
184573357,344313291
184781277,264261321
194146027,204461457
194146027,344313291
197607707,216346095
208331887,220540115
208331887,271699572
212949977,216346095
220540115,280718911
284775911,344313291
330311461,330311471
