artist_id,name,followers,link,country
1191615,Jul,11223435,https://www.deezer.com/artist/1191615,FR
5542343,Ninho,8910834,https://www.deezer.com/artist/5542343,FR
4429712,GIMS,6839133,https://www.deezer.com/artist/4429712,FR
1479842,PLK,2337435,https://www.deezer.com/artist/1479842,FR
121672292,Werenoi,2071576,https://www.deezer.com/artist/121672292,FR
8909272,Aya Nakamura,2693778,https://www.deezer.com/artist/8909272,FR
13918545,Tiakola,1646006,https://www.deezer.com/artist/13918545,FR
9197980,Damso,5108904,https://www.deezer.com/artist/9197980,BE
10583405,Bad Bunny,7964956,https://www.deezer.com/artist/10583405,PR
13820325,Theodora,555409,https://www.deezer.com/artist/13820325,FR
13790723,L2B,814706,https://www.deezer.com/artist/13790723,US
604107,SDM,1788011,https://www.deezer.com/artist/604107,FR
542,David Guetta,20085145,https://www.deezer.com/artist/542,FR
455796,Leto,1263986,https://www.deezer.com/artist/455796,FR
5288900,Niska,4614271,https://www.deezer.com/artist/5288900,FR
174484227,La Rvfleuze,284793,https://www.deezer.com/artist/174484227,FR
4050205,The Weeknd,14646030,https://www.deezer.com/artist/4050205,CA
160,Shakira,11678846,https://www.deezer.com/artist/160,CO
1562681,Ariana Grande,13408708,https://www.deezer.com/artist/1562681,US
390,Booba,6261111,https://www.deezer.com/artist/390,FR
259,Michael Jackson,13070963,https://www.deezer.com/artist/259,US
8873540,Gazo,2172241,https://www.deezer.com/artist/8873540,FR
184573357,La Mano 1.9,631471,https://www.deezer.com/artist/184573357,FR
162665,SCH,2963155,https://www.deezer.com/artist/162665,FR
7459268,KeBlack,1302040,https://www.deezer.com/artist/7459268,FR
261065,TK,1326965,https://www.deezer.com/artist/261065,JP
171998,Hamza,1216516,https://www.deezer.com/artist/171998,BE
564,Rihanna,18011277,https://www.deezer.com/artist/564,US
11026886,Guy2Bezbar,535807,https://www.deezer.com/artist/11026886,FR
4448630,Maes,2172616,https://www.deezer.com/artist/4448630,FR
134790,Tame Impala,1126441,https://www.deezer.com/artist/134790,AU
429675,Bruno Mars,12753625,https://www.deezer.com/artist/429675,US
74463,Timal,981831,https://www.deezer.com/artist/74463,FR
10695573,Franglish,969737,https://www.deezer.com/artist/10695573,FR
4803754,Dadju,3265531,https://www.deezer.com/artist/4803754,FR
198,Céline Dion,3657088,https://www.deezer.com/artist/198,CA
1042268,Angèle,1715058,https://www.deezer.com/artist/1042268,FR
12246,Taylor Swift,12701220,https://www.deezer.com/artist/12246,US
4087782,Lacrim,3779518,https://www.deezer.com/artist/4087782,FR
12526056,Tayc,1474519,https://www.deezer.com/artist/12526056,FR
7365500,Josman,1077618,https://www.deezer.com/artist/7365500,FR
259729,Alonzo,1945823,https://www.deezer.com/artist/259729,FR
172662567,RnBoi,277105,https://www.deezer.com/artist/172662567,FR
13645509,Heuss L'enfoiré,949576,https://www.deezer.com/artist/13645509,FR
5594859,Soso Maness,605339,https://www.deezer.com/artist/5594859,FR
109455142,13 Organisé,378674,https://www.deezer.com/artist/109455142,
10189104,Soolking,1871947,https://www.deezer.com/artist/10189104,DZ
256681,Mister you,1847776,https://www.deezer.com/artist/256681,FR
58624,Niro,1743215,https://www.deezer.com/artist/58624,FR
148696602,Le classico organisé,326469,https://www.deezer.com/artist/148696602,FR
14447309,Landy,693757,https://www.deezer.com/artist/14447309,TW
604395,Sasso,495895,https://www.deezer.com/artist/604395,FR
4494623,Black M,2674428,https://www.deezer.com/artist/4494623,FR
1670355,Lartiste,1644109,https://www.deezer.com/artist/1670355,FR
1651095,RIDSA,999794,https://www.deezer.com/artist/1651095,FR
5876247,Gradur,1429034,https://www.deezer.com/artist/5876247,FR
9134960,Marwa Loud,945512,https://www.deezer.com/artist/9134960,
13011,Soprano,3132562,https://www.deezer.com/artist/13011,FR
5947658,Kendji Girac,2056367,https://www.deezer.com/artist/5947658,FR
7459270,Naza,1061336,https://www.deezer.com/artist/7459270,BR
80681022,Wejdene,523111,https://www.deezer.com/artist/80681022,FR
12422192,Hatik,743139,https://www.deezer.com/artist/12422192,FR
9134324,Vegedream,941132,https://www.deezer.com/artist/9134324,FR
161909,Zaho,1075506,https://www.deezer.com/artist/161909,CA
53345732,Eva,728657,https://www.deezer.com/artist/53345732,US
388973,Kaaris,2133230,https://www.deezer.com/artist/388973,FR
12778,La Fouine,2112886,https://www.deezer.com/artist/12778,FR
256080,Rim'K,875545,https://www.deezer.com/artist/256080,FR
158083,Dosseh,1113835,https://www.deezer.com/artist/158083,FR
156726,Mac Tyer,440906,https://www.deezer.com/artist/156726,FR
750,Rohff,1023400,https://www.deezer.com/artist/750,FR
6545727,Hornet La Frappe,1251661,https://www.deezer.com/artist/6545727,FR
89657,Sofiane,2027136,https://www.deezer.com/artist/89657,FR
250495,UZI,647189,https://www.deezer.com/artist/250495,FR
11884111,DA Uzi,890663,https://www.deezer.com/artist/11884111,FR
14621667,Koba LaD,2679503,https://www.deezer.com/artist/14621667,FR
14652473,Yaro,221194,https://www.deezer.com/artist/14652473,FR
292,disiz,445608,https://www.deezer.com/artist/292,FR
107030802,Yamê,138397,https://www.deezer.com/artist/107030802,FR
166,Stevie Wonder,2435020,https://www.deezer.com/artist/166,US
4699,Diana Ross,1006839,https://www.deezer.com/artist/4699,US
34,Barry White,1133741,https://www.deezer.com/artist/34,US
174,Whitney Houston,3917942,https://www.deezer.com/artist/174,US
3445,Lionel Richie,1362847,https://www.deezer.com/artist/3445,US
305,Kool & The Gang,927589,https://www.deezer.com/artist/305,US
3098,George Michael,1494128,https://www.deezer.com/artist/3098,GB
4029,George Benson,710435,https://www.deezer.com/artist/4029,US
980,The Jacksons,894053,https://www.deezer.com/artist/980,US
3536,Chaka Khan,399235,https://www.deezer.com/artist/3536,US
173,Commodores,298247,https://www.deezer.com/artist/173,US
248,"Earth, Wind & Fire",1261275,https://www.deezer.com/artist/248,US
1516,Simply Red,926921,https://www.deezer.com/artist/1516,GB
3521,Donna Summer,848818,https://www.deezer.com/artist/3521,US
4700,Billy Ocean,118331,https://www.deezer.com/artist/4700,GB
1450,Bee Gees,2601108,https://www.deezer.com/artist/1450,GB
9976422,Rsko,274039,https://www.deezer.com/artist/9976422,FR
51968652,Genezio,172811,https://www.deezer.com/artist/51968652,FR
168275777,Favé,490021,https://www.deezer.com/artist/168275777,FR
14587923,Yorssy,156515,https://www.deezer.com/artist/14587923,FR
249270492,R2,210478,https://www.deezer.com/artist/249270492,KR
13962203,Zola,1833847,https://www.deezer.com/artist/13962203,FR
13918541,4Keus,905981,https://www.deezer.com/artist/13918541,FR
65303292,Gambi,1029955,https://www.deezer.com/artist/65303292,FR
9884966,DTF,673475,https://www.deezer.com/artist/9884966,JP
292949,Dinos,601118,https://www.deezer.com/artist/292949,FR
14240131,Zkr,749684,https://www.deezer.com/artist/14240131,FR
162070292,Kerchak,396454,https://www.deezer.com/artist/162070292,FR
194146027,Nono La Grinta,283867,https://www.deezer.com/artist/194146027,FR
115427322,JRK 19,266620,https://www.deezer.com/artist/115427322,FR
109312472,Beendo Z,313095,https://www.deezer.com/artist/109312472,FR
179187387,La Hasba22,141591,https://www.deezer.com/artist/179187387,FR
79257132,Bilouki,116601,https://www.deezer.com/artist/79257132,
85082932,1PLIKÉ140,507806,https://www.deezer.com/artist/85082932,FR
2957,Zed,226516,https://www.deezer.com/artist/2957,DE
123033132,Gambino La MG,221698,https://www.deezer.com/artist/123033132,FR
55877602,Liim’s,173572,https://www.deezer.com/artist/55877602,
12490752,YL,807213,https://www.deezer.com/artist/12490752,FR
52937632,Niaks,480316,https://www.deezer.com/artist/52937632,FR
323311,RK,1174698,https://www.deezer.com/artist/323311,JP
7637436,Elams,412699,https://www.deezer.com/artist/7637436,FR
274705721,KLN,121912,https://www.deezer.com/artist/274705721,
728,Lara Fabian,610626,https://www.deezer.com/artist/728,BE
754,Garou,587591,https://www.deezer.com/artist/754,CA
4983,Roch Voisine,109704,https://www.deezer.com/artist/4983,CA
1060,Johnny Hallyday,1366953,https://www.deezer.com/artist/1060,FR
6815,Florent Pagny,1053315,https://www.deezer.com/artist/6815,FR
1802,Natasha St-Pier,203923,https://www.deezer.com/artist/1802,CA
1495,Pascal Obispo,613432,https://www.deezer.com/artist/1495,FR
1477,Chimène Badi,200109,https://www.deezer.com/artist/1477,FR
5196,Les Enfoirés,816085,https://www.deezer.com/artist/5196,FR
755,Patrick Fiori,578617,https://www.deezer.com/artist/755,FR
4215,Isabelle Boulay,127893,https://www.deezer.com/artist/4215,CA
1120,Jean-Jacques Goldman,1849845,https://www.deezer.com/artist/1120,
7004,Hélène Ségara,282002,https://www.deezer.com/artist/7004,FR
4664,Patricia Kaas,128418,https://www.deezer.com/artist/4664,FR
358,Mylène Farmer,956023,https://www.deezer.com/artist/358,FR
815,Axelle Red,188121,https://www.deezer.com/artist/815,BE
4509,Michel Sardou,848150,https://www.deezer.com/artist/4509,FR
7775,Tina Arena,137662,https://www.deezer.com/artist/7775,AU
1270444,Sadek,885991,https://www.deezer.com/artist/1270444,FR
434,Tiësto,4090283,https://www.deezer.com/artist/434,NL
12178,Calvin Harris,12312921,https://www.deezer.com/artist/12178,US
293585,Avicii,8355732,https://www.deezer.com/artist/293585,SE
310557,Steve Aoki,2107603,https://www.deezer.com/artist/310557,US
169361,Afrojack,2167094,https://www.deezer.com/artist/169361,NL
2046,Martin Solveig,1665632,https://www.deezer.com/artist/2046,FR
1188009,Alesso,2715628,https://www.deezer.com/artist/1188009,SE
2005781,Robin Schulz,1758524,https://www.deezer.com/artist/2005781,DE
6032634,Ofenbach,489870,https://www.deezer.com/artist/6032634,FR
10041,DJ Antoine,791969,https://www.deezer.com/artist/10041,CH
1000956,Clean Bandit,4170811,https://www.deezer.com/artist/1000956,GB
1465570,Lucas & Steve,128102,https://www.deezer.com/artist/1465570,
6157,Fedde Le Grand,288991,https://www.deezer.com/artist/6157,NL
3265001,Galantis,1669878,https://www.deezer.com/artist/3265001,SE
5462679,Jax Jones,409188,https://www.deezer.com/artist/5462679,GB
3542201,Deorro,971936,https://www.deezer.com/artist/3542201,US
5967050,Sam Feldt,139421,https://www.deezer.com/artist/5967050,NL
169954,Sander van doorn,337901,https://www.deezer.com/artist/169954,NL
368033,Nicky Romero,1503958,https://www.deezer.com/artist/368033,NL
66228482,Ronisia,517800,https://www.deezer.com/artist/66228482,FR
12414626,Driks,104254,https://www.deezer.com/artist/12414626,FR
9370,Hiro,257000,https://www.deezer.com/artist/9370,JP
10930872,Bramsito,390309,https://www.deezer.com/artist/10930872,FR
9615244,SenSey',331581,https://www.deezer.com/artist/9615244,
12218918,Ya Levis,212881,https://www.deezer.com/artist/12218918,FR
13554009,Bolémvn,426502,https://www.deezer.com/artist/13554009,FR
4986771,OBOY,655770,https://www.deezer.com/artist/4986771,
162815,Guizmo,703564,https://www.deezer.com/artist/162815,FR
204461457,Merveille,122146,https://www.deezer.com/artist/204461457,BE
1211085,Still Fresh,403175,https://www.deezer.com/artist/1211085,FR
6329070,Abou Debeing,248957,https://www.deezer.com/artist/6329070,FR
881751,MHD,1990492,https://www.deezer.com/artist/881751,FR
386709,T2R,258790,https://www.deezer.com/artist/386709,
11032458,Dj Leska,209684,https://www.deezer.com/artist/11032458,FR
314777,Shay,488483,https://www.deezer.com/artist/314777,BE
59620692,Kaza,451596,https://www.deezer.com/artist/59620692,
5312792,The Shin Sekaï,346826,https://www.deezer.com/artist/5312792,FR
1188,Maroon 5,11400628,https://www.deezer.com/artist/1188,US
1362735,Charlie Puth,2302081,https://www.deezer.com/artist/1362735,US
144227,Katy Perry,9769914,https://www.deezer.com/artist/144227,US
288166,Justin Bieber,11140186,https://www.deezer.com/artist/288166,CA
75491,Lady Gaga,9249576,https://www.deezer.com/artist/75491,US
384236,Ed Sheeran,20893043,https://www.deezer.com/artist/384236,GB
9761322,ZAYN,2703253,https://www.deezer.com/artist/9761322,GB
5962948,Shawn Mendes,6771652,https://www.deezer.com/artist/5962948,CA
8706544,Dua Lipa,8766400,https://www.deezer.com/artist/8706544,GB
12436,Miley Cyrus,7230439,https://www.deezer.com/artist/12436,US
193875,Demi Lovato,7055919,https://www.deezer.com/artist/193875,US
3469,Sia,8704229,https://www.deezer.com/artist/3469,AU
292185,Selena Gomez,5538425,https://www.deezer.com/artist/292185,US
311820,Ellie Goulding,6235117,https://www.deezer.com/artist/311820,GB
313,John Legend,3553207,https://www.deezer.com/artist/313,US
145,Beyoncé,12819400,https://www.deezer.com/artist/145,US
4974921,Fifth Harmony,2698709,https://www.deezer.com/artist/4974921,US
69925,P!nk,4654934,https://www.deezer.com/artist/69925,US
1097709,Sam Smith,5576652,https://www.deezer.com/artist/1097709,GB
5575105,Tory Lanez,763479,https://www.deezer.com/artist/5575105,CA
5578942,Doja Cat,2494492,https://www.deezer.com/artist/5578942,US
10375188,6lack,411502,https://www.deezer.com/artist/10375188,US
4925172,PARTYNEXTDOOR,895297,https://www.deezer.com/artist/4925172,CA
5531258,SZA,1323943,https://www.deezer.com/artist/5531258,US
7004075,Bryson Tiller,993384,https://www.deezer.com/artist/7004075,US
7397124,Brent Faiyaz,340094,https://www.deezer.com/artist/7397124,US
810507,G-Eazy,1083690,https://www.deezer.com/artist/810507,US
64374872,Chily,302734,https://www.deezer.com/artist/64374872,
13501,L'Algérino,1214998,https://www.deezer.com/artist/13501,FR
14718361,Benab,425941,https://www.deezer.com/artist/14718361,FR
1600816,GLK,475252,https://www.deezer.com/artist/1600816,FR
144020622,HLD,243212,https://www.deezer.com/artist/144020622,
9709594,JKSN,180153,https://www.deezer.com/artist/9709594,FR
65070,Mig,410801,https://www.deezer.com/artist/65070,FR
14,Gorillaz,3009233,https://www.deezer.com/artist/14,GB
69627,MGMT,1198514,https://www.deezer.com/artist/69627,US
1619572,Mac Demarco,555815,https://www.deezer.com/artist/1619572,CA
65574,Steve Lacy,274282,https://www.deezer.com/artist/65574,US
12607183,The Marías,145466,https://www.deezer.com/artist/12607183,US
12029862,Myke Towers,1702081,https://www.deezer.com/artist/12029862,PR
11289472,Rauw Alejandro,2132435,https://www.deezer.com/artist/11289472,PR
105047672,JHAYCO,239442,https://www.deezer.com/artist/105047672,PR
7961888,Anuel AA,2474727,https://www.deezer.com/artist/7961888,PR
4860761,J Balvin,10335587,https://www.deezer.com/artist/4860761,CO
8945638,Nio Garcia,472530,https://www.deezer.com/artist/8945638,PR
5536564,Arcangel,1703149,https://www.deezer.com/artist/5536564,US
517429,Yandel,1808882,https://www.deezer.com/artist/517429,PR
4485154,Alex Rose,482818,https://www.deezer.com/artist/4485154,
5844239,Darell,660432,https://www.deezer.com/artist/5844239,PR
4649104,Tainy,365239,https://www.deezer.com/artist/4649104,PR
4937383,Ozuna,4728797,https://www.deezer.com/artist/4937383,PR
7511588,Brytiago,738464,https://www.deezer.com/artist/7511588,PR
3922661,Mora,242001,https://www.deezer.com/artist/3922661,SE
1424602,Maluma,8070737,https://www.deezer.com/artist/1424602,CO
7208392,Lenny Tavarez,1040138,https://www.deezer.com/artist/7208392,PR
4056850,Dalex,794241,https://www.deezer.com/artist/4056850,PR
5849210,Justin Quiles,960230,https://www.deezer.com/artist/5849210,PR
5297021,KAROL G,3406296,https://www.deezer.com/artist/5297021,CO
9945206,Bryant Myers,1020250,https://www.deezer.com/artist/9945206,PR
4907510,Jok'air,944334,https://www.deezer.com/artist/4907510,FR
4510044,Laylow,579480,https://www.deezer.com/artist/4510044,FR
1412564,Nekfeu,2891115,https://www.deezer.com/artist/1412564,FR
5617685,Luidji,630119,https://www.deezer.com/artist/5617685,FR
5175734,Vald,1400710,https://www.deezer.com/artist/5175734,FR
15337813,Green Montana,193051,https://www.deezer.com/artist/15337813,BE
1473902,Lefa,515373,https://www.deezer.com/artist/1473902,FR
4856048,S-Crew,428126,https://www.deezer.com/artist/4856048,FR
3638541,Mister V,353049,https://www.deezer.com/artist/3638541,
4626477,Bekar,122173,https://www.deezer.com/artist/4626477,FR
80268952,Le Crime,137377,https://www.deezer.com/artist/80268952,
14478663,Mous-K,146922,https://www.deezer.com/artist/14478663,FR
4365815,ISS,236321,https://www.deezer.com/artist/4365815,FR
7853018,Graya,162020,https://www.deezer.com/artist/7853018,
9830972,Rousnam,154216,https://www.deezer.com/artist/9830972,
101739872,Fresh laDouille,447537,https://www.deezer.com/artist/101739872,FR
63519802,ISK,587537,https://www.deezer.com/artist/63519802,FR
9030084,Eddy de Pretto,466416,https://www.deezer.com/artist/9030084,FR
310260,Stromae,3474801,https://www.deezer.com/artist/310260,BE
4453455,Louane,1981784,https://www.deezer.com/artist/4453455,FR
1679838,Hoshi,760757,https://www.deezer.com/artist/1679838,FR
5497121,Bigflo & Oli,1470764,https://www.deezer.com/artist/5497121,FR
352336,Camélia Jordana,263836,https://www.deezer.com/artist/352336,FR
4889156,Clara Luciani,1030201,https://www.deezer.com/artist/4889156,FR
2691,Grand Corps Malade,1043115,https://www.deezer.com/artist/2691,FR
5837720,Jérémy Frerot,394438,https://www.deezer.com/artist/5837720,FR
5835993,Vianney,2006617,https://www.deezer.com/artist/5835993,FR
2090121,Suzane,194401,https://www.deezer.com/artist/2090121,FR
5417036,Charlotte Cardin,278222,https://www.deezer.com/artist/5417036,CA
5382747,Pomme,455596,https://www.deezer.com/artist/5382747,FR
93114652,J9ueve,147020,https://www.deezer.com/artist/93114652,FR
2789,Ricky Martin,2215045,https://www.deezer.com/artist/2789,PR
2792,Enrique Iglesias,5954676,https://www.deezer.com/artist/2792,ES
6707,Luis Fonsi,3147830,https://www.deezer.com/artist/6707,PR
776,Pitbull,7250933,https://www.deezer.com/artist/776,BY
4698748,Becky G,1866630,https://www.deezer.com/artist/4698748,US
294464,Pedro Capó,539986,https://www.deezer.com/artist/294464,PR
5266156,Sebastian Yatra,2376891,https://www.deezer.com/artist/5266156,CO
4606399,Sofía Reyes,165758,https://www.deezer.com/artist/4606399,MX
13653,Carlos Baute,244285,https://www.deezer.com/artist/13653,VE
9759672,CNCO,1212438,https://www.deezer.com/artist/9759672,US
279489,Gente De Zona,618912,https://www.deezer.com/artist/279489,CU
320004,Abraham Mateo,428652,https://www.deezer.com/artist/320004,ES
2855621,Cali Y El Dandee,859901,https://www.deezer.com/artist/2855621,CO
176977,Juan Magan,618771,https://www.deezer.com/artist/176977,ES
1020109,Black Eyed Peas,6097888,https://www.deezer.com/artist/1020109,US
58568762,Camilo,2277575,https://www.deezer.com/artist/58568762,ES
4476,Reik,2915454,https://www.deezer.com/artist/4476,MX
2252591,TINI,911166,https://www.deezer.com/artist/2252591,AR
93155232,Josas,396233,https://www.deezer.com/artist/93155232,FR
14713007,Missan,151898,https://www.deezer.com/artist/14713007,FR
205310057,So La Zone,150959,https://www.deezer.com/artist/205310057,FR
6672406,Moubarak,115047,https://www.deezer.com/artist/6672406,FR
90765,SAF,218605,https://www.deezer.com/artist/90765,FR
12920049,L'Allemand,683674,https://www.deezer.com/artist/12920049,
53325902,Luv Resval,312494,https://www.deezer.com/artist/53325902,FR
4428187,Alpha Wann,486384,https://www.deezer.com/artist/4428187,FR
4409884,Jazzy Bazz,208782,https://www.deezer.com/artist/4409884,FR
14058915,Squidji,103568,https://www.deezer.com/artist/14058915,FR
48443532,HOUDI,113780,https://www.deezer.com/artist/48443532,FR
64874492,Gracie Abrams,401103,https://www.deezer.com/artist/64874492,US
1176900,Sabrina Carpenter,1803645,https://www.deezer.com/artist/1176900,US
4794264,Niall Horan,1028057,https://www.deezer.com/artist/4794264,IE
4103408,5 Seconds Of Summer,1973432,https://www.deezer.com/artist/4103408,AU
1538640,Little Mix,3746497,https://www.deezer.com/artist/1538640,GB
4794265,Louis Tomlinson,869451,https://www.deezer.com/artist/4794265,GB
11152580,Olivia Rodrigo,1811750,https://www.deezer.com/artist/11152580,US
1267252,Ashe,165010,https://www.deezer.com/artist/1267252,US
15888,Jonas Brothers,1687389,https://www.deezer.com/artist/15888,US
5171069,The Vamps,724662,https://www.deezer.com/artist/5171069,
1181430,Meghan Trainor,1715371,https://www.deezer.com/artist/1181430,US
10452069,Kalash Criminel,936358,https://www.deezer.com/artist/10452069,FR
455775,Larry,618702,https://www.deezer.com/artist/455775,DE
121584,Bosh,434402,https://www.deezer.com/artist/121584,FR
9963,Fresh,168013,https://www.deezer.com/artist/9963,DE
483,Britney Spears,5443745,https://www.deezer.com/artist/483,US
83,The Pussycat Dolls,1116971,https://www.deezer.com/artist/83,US
45,Jennifer Lopez,6385415,https://www.deezer.com/artist/45,US
116,Christina Aguilera,3907792,https://www.deezer.com/artist/116,US
249599,Jason Derulo,5601424,https://www.deezer.com/artist/249599,US
64333,Flo Rida,4735161,https://www.deezer.com/artist/64333,US
5843,Fergie,1999106,https://www.deezer.com/artist/5843,US
10226,will.i.am,2392412,https://www.deezer.com/artist/10226,US
12243,Taio Cruz,2409181,https://www.deezer.com/artist/12243,GB
280627,Kesha,4181334,https://www.deezer.com/artist/280627,US
985109,Jessie J,5090915,https://www.deezer.com/artist/985109,GB
1147,Justin Timberlake,6705305,https://www.deezer.com/artist/1147,US
133,Nelly Furtado,1455339,https://www.deezer.com/artist/133,CA
16891,Nicole Scherzinger,742685,https://www.deezer.com/artist/16891,US
9236850,Camila Cabello,3897971,https://www.deezer.com/artist/9236850,US
5130634,Madison Beer,746634,https://www.deezer.com/artist/5130634,US
4331004,Zara Larsson,1641426,https://www.deezer.com/artist/4331004,SE
13817211,Tate McRae,604100,https://www.deezer.com/artist/13817211,CA
1002521,Carly Rae Jepsen,2508115,https://www.deezer.com/artist/1002521,CA
7668530,Ziak,620159,https://www.deezer.com/artist/7668530,FR
7602544,Nahir,110206,https://www.deezer.com/artist/7602544,FR
7846452,Brulux,242993,https://www.deezer.com/artist/7846452,FR
80449002,Gips,106435,https://www.deezer.com/artist/80449002,
57515312,Nakry,111504,https://www.deezer.com/artist/57515312,
1164298,THABITI,129003,https://www.deezer.com/artist/1164298,FR
12236096,Mehdi YZ,375038,https://www.deezer.com/artist/12236096,
7995536,Lyna Mahyem,533423,https://www.deezer.com/artist/7995536,FR
49569672,Imen Es,946491,https://www.deezer.com/artist/49569672,
51495052,Emkal,125435,https://www.deezer.com/artist/51495052,FR
13330,Lynda,585033,https://www.deezer.com/artist/13330,CA
92773,DJ Kayz,607989,https://www.deezer.com/artist/92773,FR
5250480,Alrima,189881,https://www.deezer.com/artist/5250480,
73205432,Moha K,396697,https://www.deezer.com/artist/73205432,FR
7077481,Scridge,134723,https://www.deezer.com/artist/7077481,FR
5241750,Anas,205452,https://www.deezer.com/artist/5241750,DK
2845031,Hayce Lemsi,568118,https://www.deezer.com/artist/2845031,FR
13499,Seth Gueko,472384,https://www.deezer.com/artist/13499,FR
74095,Nessbeal,109111,https://www.deezer.com/artist/74095,FR
751,Sinik,342018,https://www.deezer.com/artist/751,FR
12984,Sefyu,624339,https://www.deezer.com/artist/12984,FR
5025,Kery James,447936,https://www.deezer.com/artist/5025,FR
433,Lim,130653,https://www.deezer.com/artist/433,FR
14289,Médine,394702,https://www.deezer.com/artist/14289,FR
12986,Mafia K'1 Fry,200751,https://www.deezer.com/artist/12986,FR
17205,I.K (TLF),188666,https://www.deezer.com/artist/17205,
183727,Georgio,302838,https://www.deezer.com/artist/183727,FR
7172552,Lujipeka,219233,https://www.deezer.com/artist/7172552,FR
10147346,Caballero & JeanJass,174770,https://www.deezer.com/artist/10147346,BE
1154,Marvin Gaye,1935551,https://www.deezer.com/artist/1154,US
2730,The Temptations,611299,https://www.deezer.com/artist/2730,US
2059,Aretha Franklin,1863996,https://www.deezer.com/artist/2059,US
9999,Gladys Knight & The Pips,108739,https://www.deezer.com/artist/9999,US
1622,James Brown,1443269,https://www.deezer.com/artist/1622,GB
75332,Jackson 5,1596644,https://www.deezer.com/artist/75332,US
2076,Billy Paul,139872,https://www.deezer.com/artist/2076,US
732,The Isley Brothers,455232,https://www.deezer.com/artist/732,US
2938,Four Tops,153190,https://www.deezer.com/artist/2938,US
14984,Al Jarreau,313387,https://www.deezer.com/artist/14984,US
2451,Bobby Womack,114193,https://www.deezer.com/artist/2451,US
2162,The Supremes,269490,https://www.deezer.com/artist/2162,US
229,Sly & The Family Stone,120386,https://www.deezer.com/artist/229,US
252,113,519388,https://www.deezer.com/artist/252,FR
753,Psy 4 de la Rime,611028,https://www.deezer.com/artist/753,FR
152369,Keen' V,1324328,https://www.deezer.com/artist/152369,FR
320253,TAL,717859,https://www.deezer.com/artist/320253,FR
10725097,Yanns,356746,https://www.deezer.com/artist/10725097,FR
11971,Vitaa,1879556,https://www.deezer.com/artist/11971,FR
144446,M. Pokora,1828883,https://www.deezer.com/artist/144446,FR
378392,Colonel Reyel,687430,https://www.deezer.com/artist/378392,FR
11963,Shy'm,1120412,https://www.deezer.com/artist/11963,FR
2640,Chic,391106,https://www.deezer.com/artist/2640,US
2397,Sister Sledge,151897,https://www.deezer.com/artist/2397,US
5091,Rick James,129055,https://www.deezer.com/artist/5091,US
164704,Amir,774631,https://www.deezer.com/artist/164704,
1765,Amel Bent,1293484,https://www.deezer.com/artist/1765,FR
378751,Claudio Capéo,1311119,https://www.deezer.com/artist/378751,FR
7307,Star Academy,173752,https://www.deezer.com/artist/7307,BE
468,Jenifer,861153,https://www.deezer.com/artist/468,FR
11907,Christophe Maé,1084091,https://www.deezer.com/artist/11907,FR
165461207,Jeck,103035,https://www.deezer.com/artist/165461207,GB
1444,Seal,587921,https://www.deezer.com/artist/1444,
186,Phil Collins,2833625,https://www.deezer.com/artist/186,
1148,Annie Lennox,425396,https://www.deezer.com/artist/1148,GB
368,Sting,1781485,https://www.deezer.com/artist/368,GB
413,Elton John,2986791,https://www.deezer.com/artist/413,GB
1454,Tina Turner,1651863,https://www.deezer.com/artist/1454,CH
1440,Rod Stewart,1453638,https://www.deezer.com/artist/1440,GB
69613,Daryl Hall & John Oates,257708,https://www.deezer.com/artist/69613,US
175,Eurythmics,821785,https://www.deezer.com/artist/175,GB
5657,Barbra Streisand,446183,https://www.deezer.com/artist/5657,US
2025,Cyndi Lauper,1045632,https://www.deezer.com/artist/2025,US
4622,Paul Young,154950,https://www.deezer.com/artist/4622,JP
12530904,Rémy,180123,https://www.deezer.com/artist/12530904,FR
55387692,Shotas,151786,https://www.deezer.com/artist/55387692,FR
5593078,Kofs,442477,https://www.deezer.com/artist/5593078,FR
215,Toto,977345,https://www.deezer.com/artist/215,
1755,Roxette,1175828,https://www.deezer.com/artist/1755,
1458,Michael Bolton,323161,https://www.deezer.com/artist/1458,US
3138,Dionne Warwick,228481,https://www.deezer.com/artist/3138,US
523,Kenny G,405950,https://www.deezer.com/artist/523,US
495,Richard Marx,188105,https://www.deezer.com/artist/495,US
3105,Barry Manilow,125420,https://www.deezer.com/artist/3105,US
657,New Kids on the Block,114616,https://www.deezer.com/artist/657,US
9687690,Nej,600445,https://www.deezer.com/artist/9687690,FR
13622973,Bushibabe,142625,https://www.deezer.com/artist/13622973,
5241984,Kodes,279591,https://www.deezer.com/artist/5241984,
6354270,Timar,155780,https://www.deezer.com/artist/6354270,FR
7961408,Roméo Elvis,514871,https://www.deezer.com/artist/7961408,BE
827326,A2H,128750,https://www.deezer.com/artist/827326,FR
436733,Kanoé,135747,https://www.deezer.com/artist/436733,FR
1002485,MMZ,639598,https://www.deezer.com/artist/1002485,FR
99572172,Moha MMZ,130409,https://www.deezer.com/artist/99572172,FR
310,Corneille,420946,https://www.deezer.com/artist/310,CA
73166,Léa Castel,187238,https://www.deezer.com/artist/73166,FR
978,Quincy Jones,290579,https://www.deezer.com/artist/978,US
51931882,Zikxo,141527,https://www.deezer.com/artist/51931882,FR
12271282,Zbig,313787,https://www.deezer.com/artist/12271282,FR
7946686,Ghetto Phénomène,253763,https://www.deezer.com/artist/7946686,FR
6802,Julie Zenatti,138718,https://www.deezer.com/artist/6802,FR
917,Nolwenn Leroy,292800,https://www.deezer.com/artist/917,FR
11972,Christophe Willem,303335,https://www.deezer.com/artist/11972,FR
3198,Eddy Mitchell,442040,https://www.deezer.com/artist/3198,FR
4675,France Gall,811673,https://www.deezer.com/artist/4675,FR
1062,Dalida,598605,https://www.deezer.com/artist/1062,FR
6309,Michel Delpech,278881,https://www.deezer.com/artist/6309,FR
1001,Charles Aznavour,1057297,https://www.deezer.com/artist/1001,FR
4674,Gérard Lenorman,113953,https://www.deezer.com/artist/4674,FR
26,Daniel Balavoine,1187370,https://www.deezer.com/artist/26,FR
21,Renaud,1351853,https://www.deezer.com/artist/21,FR
1803,Michel Polnareff,288698,https://www.deezer.com/artist/1803,FR
7285,Serge Lama,178281,https://www.deezer.com/artist/7285,FR
3520,Julien Clerc,399141,https://www.deezer.com/artist/3520,FR
29,Calogero,1166009,https://www.deezer.com/artist/29,
1063,Marc Lavoine,477765,https://www.deezer.com/artist/1063,FR
439,Laurent Voulzy,429354,https://www.deezer.com/artist/439,FR
303,Gloria Gaynor,596498,https://www.deezer.com/artist/303,US
308,Boney M.,951660,https://www.deezer.com/artist/308,DE
1089,Village People,136620,https://www.deezer.com/artist/1089,US
10424,Maurane,108926,https://www.deezer.com/artist/10424,BE
1412711,S.Pri Noir,339229,https://www.deezer.com/artist/1412711,FR
4428188,Sneazzy,315139,https://www.deezer.com/artist/4428188,FR
8352118,Kekra,240138,https://www.deezer.com/artist/8352118,FR
75001,Sexion d'Assaut,2633694,https://www.deezer.com/artist/75001,
1801,Yannick Noah,173068,https://www.deezer.com/artist/1801,FR
47,Indochine,1279126,https://www.deezer.com/artist/47,FR
71069,ZAZ,872397,https://www.deezer.com/artist/71069,FR
10620,Armin van Buuren,1933802,https://www.deezer.com/artist/10620,NL
262271,Dimitri Vegas & Like Mike,2199653,https://www.deezer.com/artist/262271,BE
306898,Hardwell,2083471,https://www.deezer.com/artist/306898,NL
5565220,KSHMR,361333,https://www.deezer.com/artist/5565220,US
4104899,DVBBS,901882,https://www.deezer.com/artist/4104899,CA
324006,Yves V,125626,https://www.deezer.com/artist/324006,BE
100810,Don Diablo,372210,https://www.deezer.com/artist/100810,NL
245676,Nervo,661179,https://www.deezer.com/artist/245676,AU
167918,Laidback Luke,168273,https://www.deezer.com/artist/167918,NL
365921,Tujamo,443632,https://www.deezer.com/artist/365921,DE
379558,Quintino,251514,https://www.deezer.com/artist/379558,NL
1249649,Firebeatz,591519,https://www.deezer.com/artist/1249649,NL
1353625,R3HAB,1813739,https://www.deezer.com/artist/1353625,NL
130398,Bingo Players,337603,https://www.deezer.com/artist/130398,NL
2597,Laurent Wolf,128585,https://www.deezer.com/artist/2597,FR
3847,Axwell,624824,https://www.deezer.com/artist/3847,SE
30,Eric Prydz,207916,https://www.deezer.com/artist/30,SE
7099473,Axwell /\ Ingrosso,374248,https://www.deezer.com/artist/7099473,
248033,Chuckie,686905,https://www.deezer.com/artist/248033,NL
4315395,Vicetone,192047,https://www.deezer.com/artist/4315395,NL
6263,Véronique Sanson,373704,https://www.deezer.com/artist/6263,FR
1127,Vanessa Paradis,442882,https://www.deezer.com/artist/1127,FR
3557,Jeanne Mas,100965,https://www.deezer.com/artist/3557,FR
1018,Zazie,813770,https://www.deezer.com/artist/1018,FR
407188,Swedish House Mafia,2167264,https://www.deezer.com/artist/407188,SE
1198612,ZEDD,1982697,https://www.deezer.com/artist/1198612,DE
4104927,The Chainsmokers,5842253,https://www.deezer.com/artist/4104927,US
5306539,Jonas Blue,726708,https://www.deezer.com/artist/5306539,GB
5203250,Sigala,284527,https://www.deezer.com/artist/5203250,GB
243284,De Palmas,156075,https://www.deezer.com/artist/243284,FR
541399,DubVision,149008,https://www.deezer.com/artist/541399,NL
3968561,Martin Garrix,7589548,https://www.deezer.com/artist/3968561,NL
724,Benny Benassi,356523,https://www.deezer.com/artist/724,IT
4576,Kaskade,171883,https://www.deezer.com/artist/4576,
6822,Steve Angello,197676,https://www.deezer.com/artist/6822,SE
4777520,Oliver Heldens,385286,https://www.deezer.com/artist/4777520,NL
5866223,Lost Frequencies,951948,https://www.deezer.com/artist/5866223,BE
5068032,Felix Jaehn,750663,https://www.deezer.com/artist/5068032,DE
337770,Alle Farben,329593,https://www.deezer.com/artist/337770,DE
4768753,Kygo,2390999,https://www.deezer.com/artist/4768753,NO
1176860,Topic,151666,https://www.deezer.com/artist/1176860,
7508018,Martin Jensen,237286,https://www.deezer.com/artist/7508018,DK
8058039,Joel Corry,103789,https://www.deezer.com/artist/8058039,GB
7358224,Cheat Codes,173311,https://www.deezer.com/artist/7358224,US
2699221,Becky Hill,244517,https://www.deezer.com/artist/2699221,GB
167498,Cash Cash,391934,https://www.deezer.com/artist/167498,US
882996,Audien,291472,https://www.deezer.com/artist/882996,US
67694,Dada Life,163116,https://www.deezer.com/artist/67694,SE
5118016,Borgeous,550560,https://www.deezer.com/artist/5118016,US
4757864,Jay Hardway,158290,https://www.deezer.com/artist/4757864,NL
388,Diam's,677960,https://www.deezer.com/artist/388,
1141019,John Newman,357829,https://www.deezer.com/artist/1141019,GB
7890702,Marshmello,3104981,https://www.deezer.com/artist/7890702,US
4023815,Olly Alexander (Years & Years),945778,https://www.deezer.com/artist/4023815,GB
1678249,Rita Ora,2773581,https://www.deezer.com/artist/1678249,GB
6557769,Matoma,138442,https://www.deezer.com/artist/6557769,NO
961592,Icona Pop,620187,https://www.deezer.com/artist/961592,SE
10102172,Says'z,102765,https://www.deezer.com/artist/10102172,
9281246,Joé Dwèt Filé,494518,https://www.deezer.com/artist/9281246,FR
92754,Singuila,259436,https://www.deezer.com/artist/92754,FR
293767,Edward Maya,172990,https://www.deezer.com/artist/293767,RO
771,Cascada,386174,https://www.deezer.com/artist/771,
1009000,Mike Perry,132432,https://www.deezer.com/artist/1009000,
892,Coldplay,18364235,https://www.deezer.com/artist/892,GB
74398,OneRepublic,4340415,https://www.deezer.com/artist/74398,US
614386,Nick Jonas,1263459,https://www.deezer.com/artist/614386,US
68,Kelly Clarkson,3147015,https://www.deezer.com/artist/68,US
399881,Olly Murs,2018854,https://www.deezer.com/artist/399881,GB
6396188,Anne-Marie,1865097,https://www.deezer.com/artist/6396188,US
2487301,Echosmith,340875,https://www.deezer.com/artist/2487301,US
3102,Carpenters,256425,https://www.deezer.com/artist/3102,US
5632,Olivia Newton-John,212613,https://www.deezer.com/artist/5632,
3876,Air Supply,441679,https://www.deezer.com/artist/3876,AU
220,Bonnie Tyler,590952,https://www.deezer.com/artist/220,GB
4677655,Lauv,417272,https://www.deezer.com/artist/4677655,US
5245171,Jess Glynne,590206,https://www.deezer.com/artist/5245171,GB
7890062,Alessia Cara,698778,https://www.deezer.com/artist/7890062,CA
11144828,Why Don't We,184748,https://www.deezer.com/artist/11144828,
4794268,Liam Payne,1153651,https://www.deezer.com/artist/4794268,GB
6994827,Dinor rdt,198002,https://www.deezer.com/artist/6994827,FR
8673550,Vacra,127937,https://www.deezer.com/artist/8673550,FR
12948083,Ava Max,1224899,https://www.deezer.com/artist/12948083,US
4103977,Tove Lo,1660118,https://www.deezer.com/artist/4103977,SE
4492087,Bebe Rexha,1831131,https://www.deezer.com/artist/4492087,US
103103,Mabel,368915,https://www.deezer.com/artist/103103,
294631,Selena Gomez & The Scene,866838,https://www.deezer.com/artist/294631,US
5292512,Halsey,2074660,https://www.deezer.com/artist/5292512,US
260223,Dry,263273,https://www.deezer.com/artist/260223,
228,Alicia Keys,5802378,https://www.deezer.com/artist/228,US
2619,Ciara,2335822,https://www.deezer.com/artist/2619,CU
595,Destiny's Child,1793012,https://www.deezer.com/artist/595,
13124,Kelly Rowland,802357,https://www.deezer.com/artist/13124,US
65,Mariah Carey,3443947,https://www.deezer.com/artist/65,US
17,Usher,7212912,https://www.deezer.com/artist/17,US
75206,Keri Hilson,475999,https://www.deezer.com/artist/75206,US
104,Ne-Yo,3893414,https://www.deezer.com/artist/104,
2623,Cassie,380136,https://www.deezer.com/artist/2623,
5425093,Ella Henderson,349735,https://www.deezer.com/artist/5425093,GB
259131,Paloma Faith,774070,https://www.deezer.com/artist/259131,GB
107666,Birdy,1379373,https://www.deezer.com/artist/107666,
416239,Imagine Dragons,9514344,https://www.deezer.com/artist/416239,US
2668241,Gavin James,136743,https://www.deezer.com/artist/2668241,IE
5241932,George Ezra,1287830,https://www.deezer.com/artist/5241932,GB
9811408,Calum Scott,491542,https://www.deezer.com/artist/9811408,GB
873890,James Arthur,1534052,https://www.deezer.com/artist/873890,
287,James Blunt,1556944,https://www.deezer.com/artist/287,GB
247379,Adam Lambert,498267,https://www.deezer.com/artist/247379,US
563882,Emeli Sandé,510424,https://www.deezer.com/artist/563882,GB
272225,Pixie Lott,423964,https://www.deezer.com/artist/272225,GB
4101559,Rag'n'Bone Man,1217695,https://www.deezer.com/artist/4101559,
2110321,Julia Michaels,296130,https://www.deezer.com/artist/2110321,US
4592596,Noah Cyrus,156368,https://www.deezer.com/artist/4592596,US
5992092,Kungs,747573,https://www.deezer.com/artist/5992092,FR
1641705,JP Cooper,204041,https://www.deezer.com/artist/1641705,GB
1563470,Conor Maynard,429102,https://www.deezer.com/artist/1563470,GB
5276754,Tom Walker,453218,https://www.deezer.com/artist/5276754,GB
281561,Wale,605233,https://www.deezer.com/artist/281561,US
14482665,Summer Walker,709675,https://www.deezer.com/artist/14482665,US
48995601,GIVĒON,335756,https://www.deezer.com/artist/48995601,US
3841221,Jhené Aiko,1333501,https://www.deezer.com/artist/3841221,US
365664,Miguel,629149,https://www.deezer.com/artist/365664,
4746199,Troye Sivan,672153,https://www.deezer.com/artist/4746199,AU
5406755,LANY,103812,https://www.deezer.com/artist/5406755,US
345052,Tinashe,518569,https://www.deezer.com/artist/345052,US
12816021,Megan Thee Stallion,931573,https://www.deezer.com/artist/12816021,US
10138540,Chloe x Halle,142936,https://www.deezer.com/artist/10138540,US
382937,Nicki Minaj,7399323,https://www.deezer.com/artist/382937,US
13641829,Saweetie,397612,https://www.deezer.com/artist/13641829,US
2454271,Iggy Azalea,3402050,https://www.deezer.com/artist/2454271,US
51965252,Doechii,150639,https://www.deezer.com/artist/51965252,US
794548,Labrinth,753014,https://www.deezer.com/artist/794548,GB
5078097,Joji,562016,https://www.deezer.com/artist/5078097,US
246791,Drake,24066146,https://www.deezer.com/artist/246791,US
5846,Robin Thicke,953022,https://www.deezer.com/artist/5846,US
13639,Leona Lewis,862530,https://www.deezer.com/artist/13639,GB
152,Mary J. Blige,1522166,https://www.deezer.com/artist/152,US
134163,Jennifer Hudson,426408,https://www.deezer.com/artist/134163,US
14894,Colbie Caillat,666127,https://www.deezer.com/artist/14894,US
110,Craig David,321161,https://www.deezer.com/artist/110,GB
821,Joss Stone,347236,https://www.deezer.com/artist/821,GB
1760,Toni Braxton,933245,https://www.deezer.com/artist/1760,US
263307171,KLM,213487,https://www.deezer.com/artist/263307171,
5245183,Daniel Caesar,411632,https://www.deezer.com/artist/5245183,CA
577666,Childish Gambino,1642951,https://www.deezer.com/artist/577666,US
411803,Foxes,610828,https://www.deezer.com/artist/411803,
1352097,Bastille,2249165,https://www.deezer.com/artist/1352097,
214810,Cage The Elephant,576270,https://www.deezer.com/artist/214810,US
15,Phoenix,627586,https://www.deezer.com/artist/15,
13372,Foals,465934,https://www.deezer.com/artist/13372,GB
181878,Portugal. The Man,138021,https://www.deezer.com/artist/181878,US
2331311,Deen Burbigo,222988,https://www.deezer.com/artist/2331311,FR
72566,Alkpote,179505,https://www.deezer.com/artist/72566,FR
4542822,Hugo TSR,264862,https://www.deezer.com/artist/4542822,FR
304545,Tyga,3525575,https://www.deezer.com/artist/304545,US
367387,French Montana,1184788,https://www.deezer.com/artist/367387,US
616943,Russ,252064,https://www.deezer.com/artist/616943,US
4438587,Ty Dolla $ign,941454,https://www.deezer.com/artist/4438587,US
413596,Meek Mill,1339419,https://www.deezer.com/artist/413596,US
74804,Wiz Khalifa,6907338,https://www.deezer.com/artist/74804,US
15427,Big Sean,1641957,https://www.deezer.com/artist/15427,US
469671,YG,1052775,https://www.deezer.com/artist/469671,
5828,DJ Khaled,1682267,https://www.deezer.com/artist/5828,US
1384338,2 Chainz,1351190,https://www.deezer.com/artist/1384338,US
7972,Gucci Mane,934857,https://www.deezer.com/artist/7972,US
4341930,A$AP Ferg,330466,https://www.deezer.com/artist/4341930,US
5575762,Rae Sremmurd,1063363,https://www.deezer.com/artist/5575762,US
2005121,Kevin Gates,696680,https://www.deezer.com/artist/2005121,US
103369,Yo Gotti,409944,https://www.deezer.com/artist/103369,US
74309,Lil Wayne,5833345,https://www.deezer.com/artist/74309,US
1154611,Kid Ink,1959627,https://www.deezer.com/artist/1154611,US
5942214,Joyner Lucas,324661,https://www.deezer.com/artist/5942214,US
4962010,Migos,2921765,https://www.deezer.com/artist/4962010,US
11361878,Rex Orange County,267782,https://www.deezer.com/artist/11361878,GB
632926,MAC MILLER,1280077,https://www.deezer.com/artist/632926,US
6043160,Kali Uchis,526323,https://www.deezer.com/artist/6043160,US
1074021,Jay Wheeler,432471,https://www.deezer.com/artist/1074021,PR
5412407,Sech,1577685,https://www.deezer.com/artist/5412407,PA
11025346,Lyanno,323110,https://www.deezer.com/artist/11025346,PR
7029627,Lunay,888490,https://www.deezer.com/artist/7029627,PR
9477752,Ovy On The Drums,169470,https://www.deezer.com/artist/9477752,CO
10177296,Miky Woodz,426665,https://www.deezer.com/artist/10177296,PR
1306,Mazzy Star,105547,https://www.deezer.com/artist/1306,US
5272195,Eyedress,122761,https://www.deezer.com/artist/5272195,PH
196045,Jeremih,940750,https://www.deezer.com/artist/196045,US
2063721,K Camp,114891,https://www.deezer.com/artist/2063721,US
8274374,PnB Rock,131381,https://www.deezer.com/artist/8274374,US
4979472,Jacquees,478410,https://www.deezer.com/artist/4979472,US
10385666,SAINt JHN,137210,https://www.deezer.com/artist/10385666,GY
15691,Nicky Jam,6427217,https://www.deezer.com/artist/15691,PR
15898,Wisin,2114989,https://www.deezer.com/artist/15898,PR
614223,Farruko,3307698,https://www.deezer.com/artist/614223,PR
3839,Daddy Yankee,7156731,https://www.deezer.com/artist/3839,PR
1217914,Zion & Lennox,1753649,https://www.deezer.com/artist/1217914,PR
1020198,De La Ghetto,1051507,https://www.deezer.com/artist/1020198,PR
2829671,NATTI NATASHA   ,1305331,https://www.deezer.com/artist/2829671,DO
4814134,Andy Rivera,487591,https://www.deezer.com/artist/4814134,CO
4204510,Reykon,482783,https://www.deezer.com/artist/4204510,CO
1592801,Kevin Roldan,987338,https://www.deezer.com/artist/1592801,CO
10388560,Juhn,130117,https://www.deezer.com/artist/10388560,PR
11342468,Amenazzy,121265,https://www.deezer.com/artist/11342468,
8310400,Noriel,715491,https://www.deezer.com/artist/8310400,PR
11569041,Casper Magico,477490,https://www.deezer.com/artist/11569041,
404672,DJ Hamida,677039,https://www.deezer.com/artist/404672,
5603027,Kehlani,710126,https://www.deezer.com/artist/5603027,US
362326,Khalid,1759115,https://www.deezer.com/artist/362326,US
8114447,H.E.R.,998128,https://www.deezer.com/artist/8114447,
743,Blur,1499753,https://www.deezer.com/artist/743,GB
919,Franz Ferdinand,1130106,https://www.deezer.com/artist/919,GB
1201,Arcade Fire,721208,https://www.deezer.com/artist/1201,CA
418,Weezer,728053,https://www.deezer.com/artist/418,US
12588946,Dímelo Flow,211958,https://www.deezer.com/artist/12588946,PA
10149178,Lary Over,245916,https://www.deezer.com/artist/10149178,PR
746471,Cosculluela,1074476,https://www.deezer.com/artist/746471,PR
894266,Ñejo,553222,https://www.deezer.com/artist/894266,PR
326042,Ñengo Flow,1346111,https://www.deezer.com/artist/326042,PR
265175,Jowell & Randy,1024397,https://www.deezer.com/artist/265175,PR
1401504,J Alvarez,1042767,https://www.deezer.com/artist/1401504,
9334770,Jon Z,543666,https://www.deezer.com/artist/9334770,PR
6786775,Dej Loaf,142392,https://www.deezer.com/artist/6786775,US
11573699,Clairo,480573,https://www.deezer.com/artist/11573699,US
13499081,beabadoobee,205482,https://www.deezer.com/artist/13499081,GB
6705223,Quevedo,299941,https://www.deezer.com/artist/6705223,ES
139171932,Young Miko,135767,https://www.deezer.com/artist/139171932,PR
1166311,Feid,902056,https://www.deezer.com/artist/1166311,CO
259467,Orelsan,2702995,https://www.deezer.com/artist/259467,FR
123503,Lorenzo,740855,https://www.deezer.com/artist/123503,
6012232,Kamikaz,391166,https://www.deezer.com/artist/6012232,FR
215091,Tito El Bambino,1106978,https://www.deezer.com/artist/215091,
75156,Wisin & Yandel,3343451,https://www.deezer.com/artist/75156,PR
13152245,Zamdane,143966,https://www.deezer.com/artist/13152245,MA
50860262,Roshi,102224,https://www.deezer.com/artist/50860262,
102204242,La Fève,234444,https://www.deezer.com/artist/102204242,FR
123685,Almighty,193822,https://www.deezer.com/artist/123685,GB
13209035,Ele A El Dominio,224128,https://www.deezer.com/artist/13209035,PR
483582,Ico,167322,https://www.deezer.com/artist/483582,
11933635,47ter,308688,https://www.deezer.com/artist/11933635,FR
162540,Ben Mazué,358549,https://www.deezer.com/artist/162540,FR
197711,Izia,218313,https://www.deezer.com/artist/197711,FR
5883018,Yseult,216224,https://www.deezer.com/artist/5883018,FR
15887,Julien Doré,1436692,https://www.deezer.com/artist/15887,FR
1204125,Boulevard des Airs,573996,https://www.deezer.com/artist/1204125,FR
5848618,Juliette Armanet,428506,https://www.deezer.com/artist/5848618,FR
9620934,Barbara Pravi,156998,https://www.deezer.com/artist/9620934,FR
2848,Benjamin Biolay,323106,https://www.deezer.com/artist/2848,FR
1520407,Christine and the Queens,682569,https://www.deezer.com/artist/1520407,FR
174351,Coeur De Pirate,940877,https://www.deezer.com/artist/174351,CA
281509,Gaëtan Roussel,350555,https://www.deezer.com/artist/281509,FR
112645512,Zaho de Sagazan,318338,https://www.deezer.com/artist/112645512,FR
867,-M-,764754,https://www.deezer.com/artist/867,
11559031,Manuel Turizo,1564185,https://www.deezer.com/artist/11559031,CO
4038501,Piso 21,2404027,https://www.deezer.com/artist/4038501,CO
11443084,Danny Ocean,812344,https://www.deezer.com/artist/11443084,
646,Camille,142685,https://www.deezer.com/artist/646,
74397,Nach,214184,https://www.deezer.com/artist/74397,
83110,Brigitte,368840,https://www.deezer.com/artist/83110,BE
5623138,Feu! Chatterton,262644,https://www.deezer.com/artist/5623138,FR
15138227,Ateyaba,246104,https://www.deezer.com/artist/15138227,FR
15063429,BU$HI,164850,https://www.deezer.com/artist/15063429,FR
4990,David Bisbal,759282,https://www.deezer.com/artist/4990,ES
1346855,Jencarlos,243416,https://www.deezer.com/artist/1346855,US
10189722,Mau y Ricky,772599,https://www.deezer.com/artist/10189722,VE
61498882,KEVVO,119953,https://www.deezer.com/artist/61498882,PR
247319,Ycare,134957,https://www.deezer.com/artist/247319,FR
44,Kyo,480326,https://www.deezer.com/artist/44,
14718485,Lele Pons,143877,https://www.deezer.com/artist/14718485,VE
100314362,Mariah Angeliq,117977,https://www.deezer.com/artist/100314362,US
12944237,Greeicy,836441,https://www.deezer.com/artist/12944237,CO
11928391,Aitana,347608,https://www.deezer.com/artist/11928391,ES
5524597,Mike Bahia,571735,https://www.deezer.com/artist/5524597,CO
457763,Joey Montana,483386,https://www.deezer.com/artist/457763,PA
529,Raphaël,276632,https://www.deezer.com/artist/529,FR
147136312,Mentissa,232533,https://www.deezer.com/artist/147136312,BE
93298862,Joseph Kamel,128600,https://www.deezer.com/artist/93298862,FR
318673,Joyce Jonathan,496296,https://www.deezer.com/artist/318673,FR
76884,ChocQuibTown,597548,https://www.deezer.com/artist/76884,CO
67672,Jesse & Joy,1279989,https://www.deezer.com/artist/67672,MX
8844,Camila,1622114,https://www.deezer.com/artist/8844,US
1104730,Río Roma,1124834,https://www.deezer.com/artist/1104730,MX
183821,HA-ASH,1613280,https://www.deezer.com/artist/183821,MX
1461,Sin Bandera,1039546,https://www.deezer.com/artist/1461,MX
5653,Álex Ubago,168203,https://www.deezer.com/artist/5653,ES
4479,Alejandro Sanz,1414164,https://www.deezer.com/artist/4479,ES
710,Thalia,1488857,https://www.deezer.com/artist/710,
6514883,Matisse,275223,https://www.deezer.com/artist/6514883,
4938,Ricardo Arjona,2918020,https://www.deezer.com/artist/4938,GT
788737,Carlos Rivera,709424,https://www.deezer.com/artist/788737,MX
712271,Pablo Alboran,949079,https://www.deezer.com/artist/712271,
799,Boyz II Men,649541,https://www.deezer.com/artist/799,US
5102,Brian McKnight,268278,https://www.deezer.com/artist/5102,US
262,Janet Jackson,1288961,https://www.deezer.com/artist/262,US
521,Luther Vandross,575215,https://www.deezer.com/artist/521,US
270,Babyface,343091,https://www.deezer.com/artist/270,US
1757,New Edition,113789,https://www.deezer.com/artist/1757,US
363229,Houari,130597,https://www.deezer.com/artist/363229,FR
52049272,Sifax,182431,https://www.deezer.com/artist/52049272,FR
80772,Fanny Lu,382514,https://www.deezer.com/artist/80772,CO
245277,Luciano Pereyra,111142,https://www.deezer.com/artist/245277,AR
70,Juanes,1623979,https://www.deezer.com/artist/70,CO
1024,Superbus,287620,https://www.deezer.com/artist/1024,FR
6603,MIKA,1070531,https://www.deezer.com/artist/6603,
315030,Caballero,113430,https://www.deezer.com/artist/315030,DE
50633812,Conan Gray,866851,https://www.deezer.com/artist/50633812,US
14157839,Lizzy McAlpine,129859,https://www.deezer.com/artist/14157839,US
131814,Key Largo,178901,https://www.deezer.com/artist/131814,
1219583,Bridgit Mendler,634869,https://www.deezer.com/artist/1219583,US
7688746,Alvaro Soler,480143,https://www.deezer.com/artist/7688746,ES
3695081,Maite Perroni,163305,https://www.deezer.com/artist/3695081,MX
16,Gwen Stefani,1233856,https://www.deezer.com/artist/16,US
479,Kylie Minogue,1419679,https://www.deezer.com/artist/479,AU
520,*NSYNC,308519,https://www.deezer.com/artist/520,US
282118,Major Lazer,7649711,https://www.deezer.com/artist/282118,JM
15507,Jay Sean,503064,https://www.deezer.com/artist/15507,GB
88,Sean Paul,3755006,https://www.deezer.com/artist/88,JM
998013,Alexandra Stan,354854,https://www.deezer.com/artist/998013,RO
9662,Timbaland,1178935,https://www.deezer.com/artist/9662,US
152218,Far East Movement,277407,https://www.deezer.com/artist/152218,US
74787,Madcon,204435,https://www.deezer.com/artist/74787,NO
391,Amerie,197394,https://www.deezer.com/artist/391,US
269,Brandy,626009,https://www.deezer.com/artist/269,
74357,Marina,506076,https://www.deezer.com/artist/74357,
1462230,Charli xcx,1883274,https://www.deezer.com/artist/1462230,GB
4652821,Kim Petras,143574,https://www.deezer.com/artist/4652821,US
10797684,FINNEAS,243886,https://www.deezer.com/artist/10797684,US
4448485,Lorde,2084917,https://www.deezer.com/artist/4448485,NZ
296841,Cheryl,413277,https://www.deezer.com/artist/296841,GB
17198,Jordin Sparks,332799,https://www.deezer.com/artist/17198,US
5961630,Hailee Steinfeld,425456,https://www.deezer.com/artist/5961630,US
525,Hilary Duff,602494,https://www.deezer.com/artist/525,US
8898108,DNCE,378513,https://www.deezer.com/artist/8898108,US
1352692,Joe Jonas,622887,https://www.deezer.com/artist/1352692,US
61094422,Emilia,107731,https://www.deezer.com/artist/61094422,
14343187,Maria Becerra,379201,https://www.deezer.com/artist/14343187,
574046,Mohombi,172719,https://www.deezer.com/artist/574046,SE
288252,INNA,1880826,https://www.deezer.com/artist/288252,RO
805948,Raye,478267,https://www.deezer.com/artist/805948,
68553672,So La Lune,131639,https://www.deezer.com/artist/68553672,FR
3873,Chayanne,1728896,https://www.deezer.com/artist/3873,PR
1464,Paulina Rubio,672721,https://www.deezer.com/artist/1464,MX
6708,Franco de Vita,941953,https://www.deezer.com/artist/6708,VE
80543,Cristian Castro,421316,https://www.deezer.com/artist/80543,MX
9033,Alejandra Guzmán,903571,https://www.deezer.com/artist/9033,MX
7218,Gloria Trevi,942487,https://www.deezer.com/artist/7218,MX
4096,Diego Torres,124636,https://www.deezer.com/artist/4096,AR
12942,Ricardo Montaner,1150186,https://www.deezer.com/artist/12942,VE
8855,Miguel Bosé,624486,https://www.deezer.com/artist/8855,ES
252768072,Saïf,328342,https://www.deezer.com/artist/252768072,FR
997,David Bowie,2448471,https://www.deezer.com/artist/997,GB
425,Blondie,820326,https://www.deezer.com/artist/425,
216,Wham!,370743,https://www.deezer.com/artist/216,GB
13755123,Freeze Corleone,567427,https://www.deezer.com/artist/13755123,FR
60864502,ASHE 22,259470,https://www.deezer.com/artist/60864502,FR
54856202,Diddi Trix,203666,https://www.deezer.com/artist/54856202,FR
105,Nelly,1604348,https://www.deezer.com/artist/105,
1377470,Tiiwtiiw,212923,https://www.deezer.com/artist/1377470,
2945,Otis Redding,1036972,https://www.deezer.com/artist/2945,US
89643,Canardo,254629,https://www.deezer.com/artist/89643,FR
64085,Tunisiano,147404,https://www.deezer.com/artist/64085,FR
620,Etta James,1173017,https://www.deezer.com/artist/620,US
900,Sam Cooke,225683,https://www.deezer.com/artist/900,US
1342,Ray Charles,2929560,https://www.deezer.com/artist/1342,US
5838830,Jeanjass,120225,https://www.deezer.com/artist/5838830,BE
71106,Big Ali,183818,https://www.deezer.com/artist/71106,FR
3864,Cheryl Lynn,171039,https://www.deezer.com/artist/3864,US
7207,Nile Rodgers,197455,https://www.deezer.com/artist/7207,US
1628408,Zifou,222478,https://www.deezer.com/artist/1628408,FR
1435566,Fababy,396299,https://www.deezer.com/artist/1435566,FR
78960852,CARLA,125450,https://www.deezer.com/artist/78960852,
5811815,Pierre Garnier,435908,https://www.deezer.com/artist/5811815,FR
9117,Diana Ross & The Supremes,120372,https://www.deezer.com/artist/9117,US
1048,Peter Gabriel,516882,https://www.deezer.com/artist/1048,
1866,Joe Cocker,854681,https://www.deezer.com/artist/1866,GB
163,U2,7319003,https://www.deezer.com/artist/163,IE
192,Eric Clapton,2804573,https://www.deezer.com/artist/192,GB
1040,Chris Isaak,124663,https://www.deezer.com/artist/1040,US
1932,Texas,182275,https://www.deezer.com/artist/1932,
412,Queen,12784187,https://www.deezer.com/artist/412,JP
189,Lenny Kravitz,1875695,https://www.deezer.com/artist/189,US
1192,Tears for Fears,1183392,https://www.deezer.com/artist/1192,GB
460,Sniper,517163,https://www.deezer.com/artist/460,US
170,Bryan Adams,1747919,https://www.deezer.com/artist/170,CA
423,Billy Joel,856807,https://www.deezer.com/artist/423,US
2210,Peter Frampton,114958,https://www.deezer.com/artist/2210,GB
7870,Freddie Mercury,1924418,https://www.deezer.com/artist/7870,GB
2580,Alphaville,310870,https://www.deezer.com/artist/2580,
986,Pet Shop Boys,1051281,https://www.deezer.com/artist/986,GB
966,Orchestral Manoeuvres in the Dark,394451,https://www.deezer.com/artist/966,GB
2111,Billy Idol,604012,https://www.deezer.com/artist/2111,GB
8215,Talk Talk,210739,https://www.deezer.com/artist/8215,GB
212,Robbie Williams,1913492,https://www.deezer.com/artist/212,GB
626,The Corrs,187566,https://www.deezer.com/artist/626,IE
1344,Sarah McLachlan,124188,https://www.deezer.com/artist/1344,CA
3855,Kenny Loggins,111608,https://www.deezer.com/artist/3855,US
10808,Teddy Pendergrass,149523,https://www.deezer.com/artist/10808,US
13020,Youssoupha,986170,https://www.deezer.com/artist/13020,FR
3550,Sandra,117843,https://www.deezer.com/artist/3550,
4185,Bryan Ferry,116791,https://www.deezer.com/artist/4185,GB
172008,Gringe,189258,https://www.deezer.com/artist/172008,FR
207,Electric Light Orchestra,472281,https://www.deezer.com/artist/207,GB
169,Fleetwood Mac,1660712,https://www.deezer.com/artist/169,GB
1981,The Police,3314353,https://www.deezer.com/artist/1981,
176,Dire Straits,2275926,https://www.deezer.com/artist/176,GB
3156,Cher,561314,https://www.deezer.com/artist/3156,
3493,Natalie Cole,158236,https://www.deezer.com/artist/3493,US
7607976,PSO THUG,273620,https://www.deezer.com/artist/7607976,FR
4676,Françoise Hardy,295192,https://www.deezer.com/artist/4676,FR
1627,Christophe,216692,https://www.deezer.com/artist/1627,
2908,Édith Piaf,654382,https://www.deezer.com/artist/2908,FR
1033,Alain Souchon,589719,https://www.deezer.com/artist/1033,FR
1560,Jacques Brel,787647,https://www.deezer.com/artist/1560,BE
671,Georges Brassens,655288,https://www.deezer.com/artist/671,FR
846,Bénabar,325478,https://www.deezer.com/artist/846,FR
7308,Jacques Dutronc,217150,https://www.deezer.com/artist/7308,FR
2236,Jean-Louis Aubert,534816,https://www.deezer.com/artist/2236,
3381,Journey,660395,https://www.deezer.com/artist/3381,US
3875,REO Speedwagon,155454,https://www.deezer.com/artist/3875,US
4594,Michel Berger,514204,https://www.deezer.com/artist/4594,FR
1446,Paul McCartney,1800442,https://www.deezer.com/artist/1446,GB
226,John Lennon,2602288,https://www.deezer.com/artist/226,GB
1125,Elvis Presley,3263454,https://www.deezer.com/artist/1125,US
7685,Michel Jonasz,189071,https://www.deezer.com/artist/7685,FR
404049,W&W,867721,https://www.deezer.com/artist/404049,NL
440111,Orjan Nilsen,100824,https://www.deezer.com/artist/440111,NO
668826,Mike Candys,181345,https://www.deezer.com/artist/668826,CH
661247,Timmy Trumpet,542645,https://www.deezer.com/artist/661247,AU
426684,Ummet Ozcan,471318,https://www.deezer.com/artist/426684,NL
271922,Showtek,1326336,https://www.deezer.com/artist/271922,NL
282918,Bassjackers,369283,https://www.deezer.com/artist/282918,NL
789285,BlasterJaxx,524742,https://www.deezer.com/artist/789285,NL
471208,Dimitri Vegas,127767,https://www.deezer.com/artist/471208,BE
1607214,Dannic,137575,https://www.deezer.com/artist/1607214,NL
4606572,VINAI,256776,https://www.deezer.com/artist/4606572,IT
14044,BB Brunes,374815,https://www.deezer.com/artist/14044,FR
3251,Étienne Daho,280073,https://www.deezer.com/artist/3251,FR
1473166,Julian Jordan,110745,https://www.deezer.com/artist/1473166,NL
4463649,MAKJ,107112,https://www.deezer.com/artist/4463649,US
1967481,Will Sparks,125920,https://www.deezer.com/artist/1967481,AU
157,Bob Sinclar,1918320,https://www.deezer.com/artist/157,FR
175997,Sebastian Ingrosso,554239,https://www.deezer.com/artist/175997,SE
142381,Deadmau5,1119383,https://www.deezer.com/artist/142381,CA
397164,Duke Dumont,1077081,https://www.deezer.com/artist/397164,GB
15002,Above & Beyond,305748,https://www.deezer.com/artist/15002,GB
188932,Joachim Garraud,103630,https://www.deezer.com/artist/188932,FR
550346,Redfoo,622348,https://www.deezer.com/artist/550346,US
2961,James Taylor,136464,https://www.deezer.com/artist/2961,GB
4886703,3LAU,140571,https://www.deezer.com/artist/4886703,US
1707587,Krewella,338366,https://www.deezer.com/artist/1707587,US
104154,Scylla,134799,https://www.deezer.com/artist/104154,
1529,Jane Birkin,122302,https://www.deezer.com/artist/1529,FR
7345,William Sheller,152627,https://www.deezer.com/artist/7345,FR
1032901,Matisse & Sadko,119498,https://www.deezer.com/artist/1032901,RU
1846,Diplo,1300460,https://www.deezer.com/artist/1846,US
4106348,Bakermat,220723,https://www.deezer.com/artist/4106348,NL
5523632,Feder,164798,https://www.deezer.com/artist/5523632,
4445699,MOTi,199003,https://www.deezer.com/artist/4445699,KR
898,Cali,117469,https://www.deezer.com/artist/898,
6739,Stephan Eicher,127215,https://www.deezer.com/artist/6739,CH
174348,Rudimental,585626,https://www.deezer.com/artist/174348,GB
1429841,Alok,4530298,https://www.deezer.com/artist/1429841,HK
10807780,DYSTINCT,248804,https://www.deezer.com/artist/10807780,BE
4615,Akcent,238295,https://www.deezer.com/artist/4615,
17224,Thomas Dutronc,206835,https://www.deezer.com/artist/17224,FR
1554,Bernard Lavilliers,334064,https://www.deezer.com/artist/1554,FR
378294,Mike Posner,716787,https://www.deezer.com/artist/378294,US
1403694,Meduza,270574,https://www.deezer.com/artist/1403694,SE
70040,JoeyStarr,209955,https://www.deezer.com/artist/70040,FR
292263,Tommy Trash,405029,https://www.deezer.com/artist/292263,US
3094,Neil Diamond,384855,https://www.deezer.com/artist/3094,US
8697922,Ruth B.,132945,https://www.deezer.com/artist/8697922,CA
587,Scooter,256414,https://www.deezer.com/artist/587,US
1365282,Dyro,133708,https://www.deezer.com/artist/1365282,NL
12343,Ashley Tisdale,126050,https://www.deezer.com/artist/12343,US
3899911,Austin Mahone,1040449,https://www.deezer.com/artist/3899911,US
5791247,Bea Miller,155884,https://www.deezer.com/artist/5791247,US
1054948,Faouzia,117190,https://www.deezer.com/artist/1054948,CA
2270,Monica,316357,https://www.deezer.com/artist/2270,IT
2656,Keyshia Cole,532250,https://www.deezer.com/artist/2656,US
191,Ginuwine,272921,https://www.deezer.com/artist/191,US
188,Joe,165954,https://www.deezer.com/artist/188,
465,Mario,503996,https://www.deezer.com/artist/465,
266,Faith Evans,228538,https://www.deezer.com/artist/266,US
546,Mýa,110931,https://www.deezer.com/artist/546,US
4799777,Ella Eyre,138370,https://www.deezer.com/artist/4799777,GB
4333887,MØ,371253,https://www.deezer.com/artist/4333887,DK
11134,Trey Songz,3190853,https://www.deezer.com/artist/11134,US
255,Omarion,452045,https://www.deezer.com/artist/255,US
7319,Lloyd,138888,https://www.deezer.com/artist/7319,
3505,Jamie Foxx,440528,https://www.deezer.com/artist/3505,US
75530,THE-DREAM,227700,https://www.deezer.com/artist/75530,
323,T-Pain,1935619,https://www.deezer.com/artist/323,
5505912,Jack & Jack,150328,https://www.deezer.com/artist/5505912,US
2974,Sinéad O'Connor,133923,https://www.deezer.com/artist/2974,
12033224,Dermot Kennedy,173782,https://www.deezer.com/artist/12033224,IE
4044787,Tom Odell,779821,https://www.deezer.com/artist/4044787,GB
1144,The Doobie Brothers,135636,https://www.deezer.com/artist/1144,US
102,Chris Brown,9068388,https://www.deezer.com/artist/102,US
4549214,X Ambassadors,315316,https://www.deezer.com/artist/4549214,US
183201,Owl City,761752,https://www.deezer.com/artist/183201,US
470349,Walk Off the Earth,217308,https://www.deezer.com/artist/470349,CA
106,Keane,2135395,https://www.deezer.com/artist/106,GB
1642,Snow Patrol,1294141,https://www.deezer.com/artist/1642,GB
48,IAM,772885,https://www.deezer.com/artist/48,
49,Akhenaton,260993,https://www.deezer.com/artist/49,FR
4523,James Morrison,362026,https://www.deezer.com/artist/4523,GB
4011,Jason Mraz,2415999,https://www.deezer.com/artist/4011,US
996589,Christina Perri,882044,https://www.deezer.com/artist/996589,US
4526180,American Authors,412064,https://www.deezer.com/artist/4526180,US
685,Train,1021936,https://www.deezer.com/artist/685,
734,Magic System,822786,https://www.deezer.com/artist/734,CI
5021724,Jasmine Thompson,160318,https://www.deezer.com/artist/5021724,GB
4043368,A Great Big World,258196,https://www.deezer.com/artist/4043368,US
70217372,Zoe Wees,142457,https://www.deezer.com/artist/70217372,DE
6401240,Dean Lewis,419876,https://www.deezer.com/artist/6401240,AU
9328498,Jeremy Zucker,109920,https://www.deezer.com/artist/9328498,US
5595093,Mosimann,109211,https://www.deezer.com/artist/5595093,CH
1658572,Purple Disco Machine,164405,https://www.deezer.com/artist/1658572,DE
5330515,Faul & Wad,284511,https://www.deezer.com/artist/5330515,FR
5283366,The Avener,406543,https://www.deezer.com/artist/5283366,FR
11116250,Ella Mai,822878,https://www.deezer.com/artist/11116250,GB
10505453,Kiana Ledé,117974,https://www.deezer.com/artist/10505453,US
4017975,August Alsina,408953,https://www.deezer.com/artist/4017975,US
134123,Jazmine Sullivan,180585,https://www.deezer.com/artist/134123,US
1701774,Teyana Taylor,202656,https://www.deezer.com/artist/1701774,US
13895003,Queen Naija,117448,https://www.deezer.com/artist/13895003,US
5478691,Ari Lennox,113894,https://www.deezer.com/artist/5478691,US
485737,CoCo Jones,146973,https://www.deezer.com/artist/485737,US
9064930,Cardi B,2593012,https://www.deezer.com/artist/9064930,US
68294032,City Girls,213214,https://www.deezer.com/artist/68294032,TW
102426952,Ice Spice,223681,https://www.deezer.com/artist/102426952,US
9115,Trina,125301,https://www.deezer.com/artist/9115,US
1424821,Lana Del Rey,5791168,https://www.deezer.com/artist/1424821,US
9635624,Billie Eilish,9233466,https://www.deezer.com/artist/9635624,
72503,Lykke Li,677603,https://www.deezer.com/artist/72503,SE
4999707,Alan Walker,4050485,https://www.deezer.com/artist/4999707,
12549876,Normani,426006,https://www.deezer.com/artist/12549876,US
1624,LeAnn Rimes,130754,https://www.deezer.com/artist/1624,US
66100,Musiq Soulchild,111334,https://www.deezer.com/artist/66100,US
5101,Eric Benét,177804,https://www.deezer.com/artist/5101,US
10183,Aloe Blacc,248691,https://www.deezer.com/artist/10183,US
3595,Corinne Bailey Rae,117641,https://www.deezer.com/artist/3595,GB
9052,Amy Winehouse,3864440,https://www.deezer.com/artist/9052,GB
1035779,Gregory Porter,418876,https://www.deezer.com/artist/1035779,US
317422,Ben L'oncle Soul,273973,https://www.deezer.com/artist/317422,
810,Norah Jones,2390316,https://www.deezer.com/artist/810,US
218,Katie Melua,190343,https://www.deezer.com/artist/218,GB
1654,Jamie Cullum,248309,https://www.deezer.com/artist/1654,GB
59070642,Tones and I,549144,https://www.deezer.com/artist/59070642,AU
1194083,"Tyler, The Creator",1369317,https://www.deezer.com/artist/1194083,US
4400138,Chance the Rapper,166885,https://www.deezer.com/artist/4400138,US
4105259,Joey Bada$$,289781,https://www.deezer.com/artist/4105259,US
2648,Robyn,176736,https://www.deezer.com/artist/2648,SE
1652,Interpol,478028,https://www.deezer.com/artist/1652,
13570,Metronomy,503108,https://www.deezer.com/artist/13570,GB
408,Beck,411920,https://www.deezer.com/artist/408,
4032,Hot Chip,142517,https://www.deezer.com/artist/4032,GB
9551216,Latto,135535,https://www.deezer.com/artist/9551216,US
203706,Bombay Bicycle Club,151549,https://www.deezer.com/artist/203706,GB
95538,Passion Pit,174907,https://www.deezer.com/artist/95538,US
812093,The Naked And Famous,103803,https://www.deezer.com/artist/812093,NZ
12294,Juicy J,1031136,https://www.deezer.com/artist/12294,US
9551192,Desiigner,1081266,https://www.deezer.com/artist/9551192,US
9112,Rick Ross,1760183,https://www.deezer.com/artist/9112,US
72660,Logic,483836,https://www.deezer.com/artist/72660,
1057597,Schoolboy Q,543701,https://www.deezer.com/artist/1057597,US
10792606,Aminé,102814,https://www.deezer.com/artist/10792606,US
9093938,Jack Harlow,341848,https://www.deezer.com/artist/9093938,US
158706,Kid Cudi,1382678,https://www.deezer.com/artist/158706,US
2527,T.I.,2637573,https://www.deezer.com/artist/2527,US
154055,Ace Hood,366754,https://www.deezer.com/artist/154055,US
165930,Future,3981181,https://www.deezer.com/artist/165930,
4495513,Travis Scott,3130934,https://www.deezer.com/artist/4495513,US
6853403,21 Savage,1518101,https://www.deezer.com/artist/6853403,US
1590752,Young Thug,1549547,https://www.deezer.com/artist/1590752,
13631667,Don Toliver,503239,https://www.deezer.com/artist/13631667,US
4968870,Metro Boomin,752126,https://www.deezer.com/artist/4968870,US
4344192,Gunna,730282,https://www.deezer.com/artist/4344192,US
230,Kanye West,4538701,https://www.deezer.com/artist/230,US
339209,J. Cole,2740498,https://www.deezer.com/artist/339209,US
68334,Offset,848396,https://www.deezer.com/artist/68334,
48947681,Baby Keem,153745,https://www.deezer.com/artist/48947681,US
1113629,Mustard,140810,https://www.deezer.com/artist/1113629,US
3977201,Lil Durk,635012,https://www.deezer.com/artist/3977201,US
7200950,Fetty Wap,437198,https://www.deezer.com/artist/7200950,US
1578,The National,339443,https://www.deezer.com/artist/1578,US
887535,Belle and Sebastian,129060,https://www.deezer.com/artist/887535,GB
13760,Grizzly Bear,105762,https://www.deezer.com/artist/13760,US
14919,Birdman,280041,https://www.deezer.com/artist/14919,US
7889792,Moneybagg Yo,326218,https://www.deezer.com/artist/7889792,US
4312845,Rich Homie Quan,511363,https://www.deezer.com/artist/4312845,US
1338623,Jeezy,308934,https://www.deezer.com/artist/1338623,US
292217,Young Money,691890,https://www.deezer.com/artist/292217,US
393,The Game,1928472,https://www.deezer.com/artist/393,US
2659,Young Jeezy,488498,https://www.deezer.com/artist/2659,US
78,Ludacris,2209375,https://www.deezer.com/artist/78,US
4989034,Rich The Kid,393448,https://www.deezer.com/artist/4989034,US
58447102,Pop Smoke,1503431,https://www.deezer.com/artist/58447102,US
5147523,Mike Will Made-It,157414,https://www.deezer.com/artist/5147523,
11363014,DaBaby,1142010,https://www.deezer.com/artist/11363014,US
5059044,Quavo,767366,https://www.deezer.com/artist/5059044,US
498918,Quality Control,140754,https://www.deezer.com/artist/498918,
7260670,Kodak Black,669449,https://www.deezer.com/artist/7260670,US
1622596,Takeoff,326520,https://www.deezer.com/artist/1622596,
265914,Jay Rock,131487,https://www.deezer.com/artist/265914,
5392341,A$AP Mob,148333,https://www.deezer.com/artist/5392341,US
257128,Nipsey Hussle,209054,https://www.deezer.com/artist/257128,US
525046,Kendrick Lamar,6159193,https://www.deezer.com/artist/525046,US
4099751,Young Dolph,185972,https://www.deezer.com/artist/4099751,US
11279454,YoungBoy Never Broke Again,710617,https://www.deezer.com/artist/11279454,US
1999,Sufjan Stevens,268536,https://www.deezer.com/artist/1999,US
9539088,A Boogie Wit da Hoodie,443393,https://www.deezer.com/artist/9539088,US
1180218,NAV,195878,https://www.deezer.com/artist/1180218,CA
7543848,Post Malone,4194946,https://www.deezer.com/artist/7543848,US
1023,Elliott Smith,114740,https://www.deezer.com/artist/1023,US
664,Jeff Buckley,324917,https://www.deezer.com/artist/664,US
725,Don Omar,4032662,https://www.deezer.com/artist/725,PR
6729,Tego Calderón,830739,https://www.deezer.com/artist/6729,PR
16708,Alexis y Fido,596845,https://www.deezer.com/artist/16708,PR
183695,Alexis & Fido,477169,https://www.deezer.com/artist/183695,PR
193162,Tony Dize,628000,https://www.deezer.com/artist/193162,PR
1078812,Baby Rasta Y Gringo,551453,https://www.deezer.com/artist/1078812,
65838,Plan B,2266981,https://www.deezer.com/artist/65838,US
413051,Waka Flocka Flame,417019,https://www.deezer.com/artist/413051,US
13672,Le Rat Luciano,123668,https://www.deezer.com/artist/13672,FR
9472712,Jamby El Favo,183913,https://www.deezer.com/artist/9472712,PR
2003,Pulp,156246,https://www.deezer.com/artist/2003,GB
193331,The Smashing Pumpkins,1764678,https://www.deezer.com/artist/193331,US
707,Stereophonics,466851,https://www.deezer.com/artist/707,GB
1247,Kasabian,812420,https://www.deezer.com/artist/1247,GB
385,Kings of Leon,2391969,https://www.deezer.com/artist/385,US
13594287,Roddy Ricch,794388,https://www.deezer.com/artist/13594287,US
897,The Killers,2234502,https://www.deezer.com/artist/897,
1211141,Douzi,244667,https://www.deezer.com/artist/1211141,MA
5526627,Lalo Ebratt,255357,https://www.deezer.com/artist/5526627,CO
11815065,Ryan Castro,308125,https://www.deezer.com/artist/11815065,CO
1239,TV on the Radio,113156,https://www.deezer.com/artist/1239,US
2047451,Kendo Kaponi,150541,https://www.deezer.com/artist/2047451,PR
5692835,Luigi 21 Plus,139432,https://www.deezer.com/artist/5692835,PR
17046,Zion,561745,https://www.deezer.com/artist/17046,
9945222,Jorja Smith,842762,https://www.deezer.com/artist/9945222,GB
11359554,Bad Gyal,105926,https://www.deezer.com/artist/11359554,ES
12487862,Bizarrap,1123225,https://www.deezer.com/artist/12487862,AR
566,Foo Fighters,4583299,https://www.deezer.com/artist/566,US
52,Green Day,5228267,https://www.deezer.com/artist/52,US
6421,Biffy Clyro,222131,https://www.deezer.com/artist/6421,GB
597,Jet,121869,https://www.deezer.com/artist/597,IT
705,Muse,5035760,https://www.deezer.com/artist/705,
428,CAKE,103082,https://www.deezer.com/artist/428,
621,The Hives,246729,https://www.deezer.com/artist/621,SE
5639048,Dj Luian,436904,https://www.deezer.com/artist/5639048,PR
751453,Dalmata,367321,https://www.deezer.com/artist/751453,
12369444,Laufey,243331,https://www.deezer.com/artist/12369444,IS
14226477,girl in red,813006,https://www.deezer.com/artist/14226477,NO
9019,Ivy Queen,128130,https://www.deezer.com/artist/9019,PR
12741929,Ali Gatie,198609,https://www.deezer.com/artist/12741929,CA
60859742,Duncan Laurence,109340,https://www.deezer.com/artist/60859742,NL
5100,Jagged Edge,199689,https://www.deezer.com/artist/5100,GB
1861,Blackstreet,205704,https://www.deezer.com/artist/1861,US
106632,Blessd,263872,https://www.deezer.com/artist/106632,CO
11471022,RICH MUSIC LTD,172947,https://www.deezer.com/artist/11471022,
2664,Olivia Ruiz,208467,https://www.deezer.com/artist/2664,FR
666244,Dillon Francis,626346,https://www.deezer.com/artist/666244,US
68358002,Beele,436675,https://www.deezer.com/artist/68358002,
4944278,Casseurs Flowters,583431,https://www.deezer.com/artist/4944278,FR
1501,Arthur H,120538,https://www.deezer.com/artist/1501,FR
162248,Charlie Winston,123804,https://www.deezer.com/artist/162248,GB
1388,Émilie Simon,147360,https://www.deezer.com/artist/1388,FR
7343,Carlos Vives,2443994,https://www.deezer.com/artist/7343,CO
171939867,Marine,146588,https://www.deezer.com/artist/171939867,
81127,Manuel Carrasco,149047,https://www.deezer.com/artist/81127,ES
214906,PATY CANTÚ,449807,https://www.deezer.com/artist/214906,MX
280636,Noel Schajris,322140,https://www.deezer.com/artist/280636,MX
1434,La Oreja de Van Gogh,815888,https://www.deezer.com/artist/1434,ES
66031652,Kim Loaiza,113312,https://www.deezer.com/artist/66031652,
472353,Bomba Estéreo,324969,https://www.deezer.com/artist/472353,CO
5330516,Gusi,110004,https://www.deezer.com/artist/5330516,CO
4084280,Alkilados,783903,https://www.deezer.com/artist/4084280,CO
281496,Philippe Katerine,144739,https://www.deezer.com/artist/281496,FR
241708,Mijares,160241,https://www.deezer.com/artist/241708,MX
298007,Maria Jose,420627,https://www.deezer.com/artist/298007,MX
6124,Kalimba,147412,https://www.deezer.com/artist/6124,
6630050,Mitski,518096,https://www.deezer.com/artist/6630050,US
183852,Kany Garcia,372071,https://www.deezer.com/artist/183852,
274393,Yuridia,587852,https://www.deezer.com/artist/274393,MX
8794,Alejandro Fernández,1440999,https://www.deezer.com/artist/8794,
2372,Dru Hill,137114,https://www.deezer.com/artist/2372,US
11837,Bobby Brown,107849,https://www.deezer.com/artist/11837,US
5806,Thom Yorke,163619,https://www.deezer.com/artist/5806,GB
630,Björk,864691,https://www.deezer.com/artist/630,IS
4098,Bacilos,140074,https://www.deezer.com/artist/4098,US
4115,Maná,1776956,https://www.deezer.com/artist/4115,MX
1059594,Andrés Cepeda,1043829,https://www.deezer.com/artist/1059594,CO
4477,Julieta Venegas,584446,https://www.deezer.com/artist/4477,MX
5677,Aleks Syntek,206194,https://www.deezer.com/artist/5677,MX
1058631,Phoebe Bridgers,204995,https://www.deezer.com/artist/1058631,US
543155,Dulce María,359534,https://www.deezer.com/artist/543155,MX
291843,Anahí,534163,https://www.deezer.com/artist/291843,MX
5531419,Dvicio,198214,https://www.deezer.com/artist/5531419,ES
330,Backstreet Boys,1143433,https://www.deezer.com/artist/330,US
785,Spice Girls,407768,https://www.deezer.com/artist/785,GB
8642,Boyzone,129312,https://www.deezer.com/artist/8642,
482758,DJ Snake,5792401,https://www.deezer.com/artist/482758,
274673,Eva Simons,106343,https://www.deezer.com/artist/274673,NL
2697,Melendi,612079,https://www.deezer.com/artist/2697,ES
10110184,Beret,408978,https://www.deezer.com/artist/10110184,
12890,Malú,177889,https://www.deezer.com/artist/12890,ES
5847730,Marina Kaye,252787,https://www.deezer.com/artist/5847730,FR
490419,Julian Perretta,145262,https://www.deezer.com/artist/490419,GB
5466281,Nico & Vinz,316586,https://www.deezer.com/artist/5466281,NO
1396006,OMI,267313,https://www.deezer.com/artist/1396006,
461,Shaggy,873175,https://www.deezer.com/artist/461,
512,Beenie Man,400657,https://www.deezer.com/artist/512,JM
8737,Mr. Vegas,215827,https://www.deezer.com/artist/8737,JM
156221,Serani,217288,https://www.deezer.com/artist/156221,JM
2545,Elephant Man,243921,https://www.deezer.com/artist/2545,
716,Kevin Lyttle,119426,https://www.deezer.com/artist/716,VC
383528,Charly Black,547478,https://www.deezer.com/artist/383528,JM
12991885,mxmtoon,152269,https://www.deezer.com/artist/12991885,US
5254662,Ashnikko,356481,https://www.deezer.com/artist/5254662,US
380362,Mother Mother,304362,https://www.deezer.com/artist/380362,CA
13442,Sean Kingston,923848,https://www.deezer.com/artist/13442,JM
38,Akon,4782956,https://www.deezer.com/artist/38,SN
369408,Tinie Tempah,861544,https://www.deezer.com/artist/369408,GB
718,Anastacia,122577,https://www.deezer.com/artist/718,
4607,Lily Allen,1198328,https://www.deezer.com/artist/4607,GB
808106,Azealia Banks,183262,https://www.deezer.com/artist/808106,US
13299379,Nicki Nicole,608751,https://www.deezer.com/artist/13299379,AR
49364062,Tiago PZK,272803,https://www.deezer.com/artist/49364062,AR
13028375,KHEA,589312,https://www.deezer.com/artist/13028375,AR
12268072,Cazzu,601121,https://www.deezer.com/artist/12268072,AR
311503,Dj Assad,125045,https://www.deezer.com/artist/311503,FR
12637039,Paulo Londra,1853458,https://www.deezer.com/artist/12637039,AR
290,Madonna,4897746,https://www.deezer.com/artist/290,US
961,Sophie Ellis-Bextor,101156,https://www.deezer.com/artist/961,
100731,Yuri,362376,https://www.deezer.com/artist/100731,
1157,Roxy Music,156627,https://www.deezer.com/artist/1157,GB
1729,The Stranglers,210968,https://www.deezer.com/artist/1729,GB
1743,The B-52's,100364,https://www.deezer.com/artist/1743,US
1825,Madness,261557,https://www.deezer.com/artist/1825,
3583591,The 1975,606115,https://www.deezer.com/artist/3583591,GB
183716,Florence + The Machine,1690944,https://www.deezer.com/artist/183716,GB
74,Fabolous,429823,https://www.deezer.com/artist/74,US
268,Bow Wow,213919,https://www.deezer.com/artist/268,
138,Ja Rule,658738,https://www.deezer.com/artist/138,US
3813,Fat Joe,463068,https://www.deezer.com/artist/3813,US
298,Twista,133876,https://www.deezer.com/artist/298,US
2382,LL Cool J,423691,https://www.deezer.com/artist/2382,US
352219,Soulja Boy,590752,https://www.deezer.com/artist/352219,US
1465,Mónica Naranjo,127124,https://www.deezer.com/artist/1465,ES
11,The Rolling Stones,7087284,https://www.deezer.com/artist/11,GB
1,The Beatles,8111221,https://www.deezer.com/artist/1,GB
868,Iggy Pop,668665,https://www.deezer.com/artist/868,US
3307,Patti Smith,244526,https://www.deezer.com/artist/3307,US
1009,Lou Reed,509533,https://www.deezer.com/artist/1009,US
847,The Doors,3796027,https://www.deezer.com/artist/847,US
1206,T. Rex,144302,https://www.deezer.com/artist/1206,GB
817,The Who,2169579,https://www.deezer.com/artist/817,GB
1379,Neil Young,826944,https://www.deezer.com/artist/1379,
91,Missy Elliott,842944,https://www.deezer.com/artist/91,US
837,Eve,153814,https://www.deezer.com/artist/837,
745,Will Smith,226464,https://www.deezer.com/artist/745,US
2514,Kelis,101609,https://www.deezer.com/artist/2514,US
75659582,Olivia Dean,150877,https://www.deezer.com/artist/75659582,GB
16599,Pandora,102096,https://www.deezer.com/artist/16599,
14562407,Osirus Jack,109413,https://www.deezer.com/artist/14562407,FR
13357141,ZeGuerre,113841,https://www.deezer.com/artist/13357141,FR
1229678,Kader Japonais,191707,https://www.deezer.com/artist/1229678,FR
177,Alanis Morissette,944486,https://www.deezer.com/artist/177,CA
1319,Pearl Jam,3537450,https://www.deezer.com/artist/1319,US
1025,Skunk Anansie,140369,https://www.deezer.com/artist/1025,GB
7231,Mick Jagger,220413,https://www.deezer.com/artist/7231,GB
1005,Aerosmith,5325294,https://www.deezer.com/artist/1005,US
637,Bon Jovi,5266543,https://www.deezer.com/artist/637,US
1439,Sheryl Crow,217383,https://www.deezer.com/artist/1439,US
553,Santana,1325553,https://www.deezer.com/artist/553,US
744,Nina Simone,2554924,https://www.deezer.com/artist/744,US
6009,Dinah Washington,248339,https://www.deezer.com/artist/6009,US
2337,Louis Armstrong,2061739,https://www.deezer.com/artist/2337,US
3280,Ella Fitzgerald,1253645,https://www.deezer.com/artist/3280,US
617,Frank Sinatra,2481332,https://www.deezer.com/artist/617,US
221,Nat King Cole,1001506,https://www.deezer.com/artist/221,US
1134,Peggy Lee,240867,https://www.deezer.com/artist/1134,
3241,Nancy Wilson,105990,https://www.deezer.com/artist/3241,US
1121,Louis Prima,211831,https://www.deezer.com/artist/1121,US
4088,Tony Bennett,415851,https://www.deezer.com/artist/4088,US
1126,Dean Martin,370437,https://www.deezer.com/artist/1126,US
1798,Shurik'n,149806,https://www.deezer.com/artist/1798,
752,Suprême NTM,783736,https://www.deezer.com/artist/752,FR
14916267,Kids United Nouvelle Génération,148279,https://www.deezer.com/artist/14916267,FR
545,Depeche Mode,3268757,https://www.deezer.com/artist/545,GB
2711,Yes,312086,https://www.deezer.com/artist/2711,GB
4742,Nazareth,221089,https://www.deezer.com/artist/4742,
666,Gary Moore,326303,https://www.deezer.com/artist/666,GB
849,Jimi Hendrix,4260910,https://www.deezer.com/artist/849,US
10543,Rory Gallagher,122998,https://www.deezer.com/artist/10543,IE
4781,Joe Bonamassa,559474,https://www.deezer.com/artist/4781,US
1384,Mark Knopfler,557531,https://www.deezer.com/artist/1384,GB
3084,Jeff Beck,219565,https://www.deezer.com/artist/3084,
184546,Stevie Ray Vaughan & Double Trouble,271475,https://www.deezer.com/artist/184546,US
1436,J.J. Cale,269003,https://www.deezer.com/artist/1436,US
808,Bob Dylan,2116836,https://www.deezer.com/artist/808,US
188678,Keith Richards,116560,https://www.deezer.com/artist/188678,
1129,George Harrison,667772,https://www.deezer.com/artist/1129,GB
1668,Soft Cell,362779,https://www.deezer.com/artist/1668,GB
694,Status Quo,159647,https://www.deezer.com/artist/694,GB
2110,Tom Petty and the Heartbreakers,232588,https://www.deezer.com/artist/2110,US
2798,Van Morrison,204093,https://www.deezer.com/artist/2798,GB
1200692,Willy William,309886,https://www.deezer.com/artist/1200692,FR
2016,New Order,945800,https://www.deezer.com/artist/2016,GB
7983,Oxmo Puccino,339099,https://www.deezer.com/artist/7983,FR
209,Stevie Nicks,244862,https://www.deezer.com/artist/209,US
5114,David Gilmour,493919,https://www.deezer.com/artist/5114,GB
1385,Kansas,375756,https://www.deezer.com/artist/1385,
143,Dido,715092,https://www.deezer.com/artist/143,JP
3351,Steve Miller Band,100083,https://www.deezer.com/artist/3351,
14103363,100 Blaze,168188,https://www.deezer.com/artist/14103363,FR
3590,Barbara,326788,https://www.deezer.com/artist/3590,
1423,Claude Nougaro,229507,https://www.deezer.com/artist/1423,FR
1007,Serge Gainsbourg,869882,https://www.deezer.com/artist/1007,FR
1626,Léo Ferré,223929,https://www.deezer.com/artist/1626,FR
10597,Roger Waters,500154,https://www.deezer.com/artist/10597,GB
6266,Georges Moustaki,180501,https://www.deezer.com/artist/6266,FR
381,The Cure,2522888,https://www.deezer.com/artist/381,GB
9153,Take That,405649,https://www.deezer.com/artist/9153,GB
1478,Michael Bublé,1589387,https://www.deezer.com/artist/1478,CA
3281,Diana Krall,834331,https://www.deezer.com/artist/3281,CA
1449,Julie London,133878,https://www.deezer.com/artist/1449,US
2393,Sarah Vaughan,370111,https://www.deezer.com/artist/2393,US
2707,Simon & Garfunkel,1164246,https://www.deezer.com/artist/2707,US
2179,The Beach Boys,721138,https://www.deezer.com/artist/2179,US
317,Meat Loaf,154332,https://www.deezer.com/artist/317,US
6550,Gabry Ponte,210957,https://www.deezer.com/artist/6550,IT
1892,Roy Orbison,421256,https://www.deezer.com/artist/1892,US
2833,Chuck Berry,730661,https://www.deezer.com/artist/2833,US
2705,Jerry Lee Lewis,324709,https://www.deezer.com/artist/2705,US
903,Tom Jones,190681,https://www.deezer.com/artist/903,US
1437,Buddy Holly,106435,https://www.deezer.com/artist/1437,US
4237,Little Richard,310561,https://www.deezer.com/artist/4237,US
6859,The Platters,149094,https://www.deezer.com/artist/6859,US
1032,Nancy Sinatra,133449,https://www.deezer.com/artist/1032,US
97123,Gareth Emery,167543,https://www.deezer.com/artist/97123,GB
358748,Dash Berlin,444078,https://www.deezer.com/artist/358748,NL
6234,Markus Schulz,144342,https://www.deezer.com/artist/6234,DE
470799,Emma Hewitt,105110,https://www.deezer.com/artist/470799,US
305579,Duck Sauce,332269,https://www.deezer.com/artist/305579,US
4352,Ferry Corsten,133918,https://www.deezer.com/artist/4352,NL
4730,Paul van Dyk,453934,https://www.deezer.com/artist/4730,DE
283018,Aly & Fila,111596,https://www.deezer.com/artist/283018,EG
147,ATB,319105,https://www.deezer.com/artist/147,DE
6699381,Jack Ü,406134,https://www.deezer.com/artist/6699381,US
6464,John Denver,206611,https://www.deezer.com/artist/6464,US
1445,Paul Simon,245071,https://www.deezer.com/artist/1445,US
346662,Rebel,152459,https://www.deezer.com/artist/346662,
209267,GTA,102387,https://www.deezer.com/artist/209267,
282361,Wolfgang Gartner,112921,https://www.deezer.com/artist/282361,US
1018038,Nora En Pure,194403,https://www.deezer.com/artist/1018038,CH
1608,Jacques Higelin,171548,https://www.deezer.com/artist/1608,FR
1017,Alain Bashung,440048,https://www.deezer.com/artist/1017,FR
5653273,Sound Of Legend,193969,https://www.deezer.com/artist/5653273,FR
278529,Sigma,727862,https://www.deezer.com/artist/278529,
490454,DJ FRESH,193116,https://www.deezer.com/artist/490454,US
372781,Netsky,131646,https://www.deezer.com/artist/372781,BE
11214,Sub Focus,148717,https://www.deezer.com/artist/11214,GB
15617,Chase & Status,301256,https://www.deezer.com/artist/15617,GB
1038,Carla Bruni,138531,https://www.deezer.com/artist/1038,FR
6706481,Mok Saib,144444,https://www.deezer.com/artist/6706481,GB
4042249,Saad Lamjarred,504157,https://www.deezer.com/artist/4042249,MA
894511,Radio Killer,103033,https://www.deezer.com/artist/894511,RO
1631262,Gorgon City,187943,https://www.deezer.com/artist/1631262,GB
409796,Disclosure,985281,https://www.deezer.com/artist/409796,GB
253118,DISCIPLΞS,103021,https://www.deezer.com/artist/253118,GB
11799,Chris Lake,303172,https://www.deezer.com/artist/11799,GB
16805,Hannah Montana,1002735,https://www.deezer.com/artist/16805,US
1563439,Zendaya,699796,https://www.deezer.com/artist/1563439,US
9053,Whitesnake,626708,https://www.deezer.com/artist/9053,GB
3339,Boston,232926,https://www.deezer.com/artist/3339,GB
39,Survivor,260733,https://www.deezer.com/artist/39,
2557,Def Leppard,890021,https://www.deezer.com/artist/2557,GB
1494500,Naughty Boy,277585,https://www.deezer.com/artist/1494500,
81443,Pleasure P,107011,https://www.deezer.com/artist/81443,US
798,Avant,131760,https://www.deezer.com/artist/798,
1209072,AlunaGeorge,844705,https://www.deezer.com/artist/1209072,GB
4443465,David Kushner,144348,https://www.deezer.com/artist/4443465,US
201327,Hook n Sling,171339,https://www.deezer.com/artist/201327,AU
96491,Milow,125868,https://www.deezer.com/artist/96491,BE
112259,LP,338397,https://www.deezer.com/artist/112259,NZ
1903,Europe,856491,https://www.deezer.com/artist/1903,SE
1168,Van Halen,1805519,https://www.deezer.com/artist/1168,US
896,Jack Johnson,1168944,https://www.deezer.com/artist/896,
971,Tracy Chapman,671833,https://www.deezer.com/artist/971,US
1295,Travis,288992,https://www.deezer.com/artist/1295,
65791,The Goo Goo Dolls,457425,https://www.deezer.com/artist/65791,US
864595,Andy Grammer,138540,https://www.deezer.com/artist/864595,US
1851,The Cardigans,235740,https://www.deezer.com/artist/1851,SE
321,Counting Crows,423285,https://www.deezer.com/artist/321,US
2709,Wings,126544,https://www.deezer.com/artist/2709,KR
261965,Cedric Gervais,639870,https://www.deezer.com/artist/261965,FR
59691632,GloRilla,109822,https://www.deezer.com/artist/59691632,US
15370,Plies,215213,https://www.deezer.com/artist/15370,US
5062414,Hozier,1407872,https://www.deezer.com/artist/5062414,IE
14486481,Jvke,142411,https://www.deezer.com/artist/14486481,US
1722651,K-391,251094,https://www.deezer.com/artist/1722651,
252475,Jabberwocky,129283,https://www.deezer.com/artist/252475,
3452,Parov Stelar,414129,https://www.deezer.com/artist/3452,AT
7912872,Petit Biscuit,536433,https://www.deezer.com/artist/7912872,FR
812409,James Blake,246239,https://www.deezer.com/artist/812409,GB
78668,Bon Iver,547864,https://www.deezer.com/artist/78668,US
1533050,Emma Louise,142366,https://www.deezer.com/artist/1533050,AU
1443471,Jessie Ware,141213,https://www.deezer.com/artist/1443471,GB
4771546,London Grammar,775066,https://www.deezer.com/artist/4771546,GB
93674,HAIM,130557,https://www.deezer.com/artist/93674,US
5004,D'Angelo,158297,https://www.deezer.com/artist/5004,
74289,Melody Gardot,619954,https://www.deezer.com/artist/74289,US
2710,Madeleine Peyroux,232706,https://www.deezer.com/artist/2710,US
3325,Stacey Kent,337167,https://www.deezer.com/artist/3325,US
1054,Lisa Ekdahl,154815,https://www.deezer.com/artist/1054,SE
13268171,Kimberose,110577,https://www.deezer.com/artist/13268171,FR
459578,Michael Kiwanuka,218958,https://www.deezer.com/artist/459578,GB
400934,Selah Sue,651184,https://www.deezer.com/artist/400934,BE
202,Sade,1448225,https://www.deezer.com/artist/202,
2735,Kenny Rogers,410956,https://www.deezer.com/artist/2735,US
3134,Shania Twain,950484,https://www.deezer.com/artist/3134,CA
1459,Faith Hill,186459,https://www.deezer.com/artist/1459,US
5131091,Denzel Curry,189430,https://www.deezer.com/artist/5131091,US
5047,Lupe Fiasco,312024,https://www.deezer.com/artist/5047,US
4073450,Earl Sweatshirt,103647,https://www.deezer.com/artist/4073450,US
8409650,JID,182472,https://www.deezer.com/artist/8409650,US
483061,Bas,102802,https://www.deezer.com/artist/483061,NL
1518490,A$AP Rocky,2102557,https://www.deezer.com/artist/1518490,US
990,Mike Oldfield,130211,https://www.deezer.com/artist/990,GB
72041,Yuksek,118541,https://www.deezer.com/artist/72041,FR
152788,La Roux,151902,https://www.deezer.com/artist/152788,GB
116025,Dreamville,148105,https://www.deezer.com/artist/116025,
9776678,Lil Yachty,457054,https://www.deezer.com/artist/9776678,US
203702,Vanessa Hudgens,159854,https://www.deezer.com/artist/203702,US
6089,Band of Horses,177795,https://www.deezer.com/artist/6089,US
1563138,Lukas Graham,566026,https://www.deezer.com/artist/1563138,DK
4052518,CHVRCHES,183759,https://www.deezer.com/artist/4052518,GB
1424265,CeeLo Green,140284,https://www.deezer.com/artist/1424265,US
5056,E-40,210887,https://www.deezer.com/artist/5056,
378,Chamillionaire,203675,https://www.deezer.com/artist/378,US
2526,Young Buck,176101,https://www.deezer.com/artist/2526,US
1371731,Pusha T,308125,https://www.deezer.com/artist/1371731,US
13814197,Huncho Jack,116163,https://www.deezer.com/artist/13814197,US
7101343,Lil Uzi Vert,1244523,https://www.deezer.com/artist/7101343,US
10002824,Playboi Carti,832421,https://www.deezer.com/artist/10002824,US
398521,Lil Baby,1442203,https://www.deezer.com/artist/398521,US
14492701,Lil Tecca,715265,https://www.deezer.com/artist/14492701,US
2452,Cassandra Wilson,100690,https://www.deezer.com/artist/2452,US
57203182,NLE Choppa,674943,https://www.deezer.com/artist/57203182,US
74444,Fleet Foxes,165094,https://www.deezer.com/artist/74444,US
1039,Cat Power,169387,https://www.deezer.com/artist/1039,US
401577,Ben Howard,526657,https://www.deezer.com/artist/401577,GB
398,Savage Garden,233251,https://www.deezer.com/artist/398,AU
5039338,FKA twigs,143706,https://www.deezer.com/artist/5039338,GB
1408,Sébastien Tellier,181684,https://www.deezer.com/artist/1408,FR
7626764,Parcels,135459,https://www.deezer.com/artist/7626764,AU
436163,Jungle,259526,https://www.deezer.com/artist/436163,
69171,The Ting Tings,212561,https://www.deezer.com/artist/69171,GB
4490875,Rich Gang,498088,https://www.deezer.com/artist/4490875,US
636,The White Stripes,1318167,https://www.deezer.com/artist/636,US
1945,Jack White,340767,https://www.deezer.com/artist/1945,US
1202,The Raconteurs,165765,https://www.deezer.com/artist/1202,US
3700221,Blueface,319889,https://www.deezer.com/artist/3700221,US
51464362,Lil Tjay,702725,https://www.deezer.com/artist/51464362,US
1581,Nick Cave & The Bad Seeds,346214,https://www.deezer.com/artist/1581,AU
13719947,Lil Mosey,456871,https://www.deezer.com/artist/13719947,US
49818632,POLO G,753807,https://www.deezer.com/artist/49818632,US
15104399,Internet money,130003,https://www.deezer.com/artist/15104399,US
291,Three 6 Mafia,160693,https://www.deezer.com/artist/291,US
5857184,Boosie Badazz,189895,https://www.deezer.com/artist/5857184,US
3,Snoop Dogg,7950711,https://www.deezer.com/artist/3,US
796,Busta Rhymes,1264391,https://www.deezer.com/artist/796,US
1309,JAY Z,3570402,https://www.deezer.com/artist/1309,
66,50 Cent,7855048,https://www.deezer.com/artist/66,US
2934901,Chief Keef,396588,https://www.deezer.com/artist/2934901,US
671073,Ñejo & Dálmata,292747,https://www.deezer.com/artist/671073,PR
1305,Morrissey,266308,https://www.deezer.com/artist/1305,GB
1865,Soundgarden,1330070,https://www.deezer.com/artist/1865,US
49544582,Chencho Corleone,625236,https://www.deezer.com/artist/49544582,PR
480,Röyksopp,357526,https://www.deezer.com/artist/480,NO
108,Goldfrapp,196035,https://www.deezer.com/artist/108,GB
369,Air,340347,https://www.deezer.com/artist/369,
843,Audioslave,1391473,https://www.deezer.com/artist/843,US
706,Silverchair,355521,https://www.deezer.com/artist/706,AU
882,The Offspring,2027306,https://www.deezer.com/artist/882,US
8547,Chris Cornell,341436,https://www.deezer.com/artist/8547,US
691,Alice in Chains,1294608,https://www.deezer.com/artist/691,US
1035806,Royal Blood,384725,https://www.deezer.com/artist/1035806,
2210161,Nothing But Thieves,240251,https://www.deezer.com/artist/2210161,GB
1568566,Luny Tunes,104458,https://www.deezer.com/artist/1568566,DO
186191,Yomo,137459,https://www.deezer.com/artist/186191,US
409,blink-182,2329372,https://www.deezer.com/artist/409,
92,Linkin Park,12209145,https://www.deezer.com/artist/92,US
703,Good Charlotte,733582,https://www.deezer.com/artist/703,US
599,My Chemical Romance,1834736,https://www.deezer.com/artist/599,US
13639985,Yeat,225875,https://www.deezer.com/artist/13639985,US
119,Metallica,8142412,https://www.deezer.com/artist/119,US
2831401,Yellow Claw,371217,https://www.deezer.com/artist/2831401,NL
307677,Lilly Wood And The Prick,740903,https://www.deezer.com/artist/307677,FR
403152,Asaf Avidan,282317,https://www.deezer.com/artist/403152,IL
17026,Cocoon,229173,https://www.deezer.com/artist/17026,
10774,AaRON,217001,https://www.deezer.com/artist/10774,
17032,Yael Naim,126330,https://www.deezer.com/artist/17032,
193878,Yodelice,219387,https://www.deezer.com/artist/193878,FR
264933,Irma,169127,https://www.deezer.com/artist/264933,
5951582,Jain,440407,https://www.deezer.com/artist/5951582,
258938052,Helena,235922,https://www.deezer.com/artist/258938052,
6329,Belinda,726264,https://www.deezer.com/artist/6329,
343926,Playa Limbo,209919,https://www.deezer.com/artist/343926,MX
669,Dionysos,130309,https://www.deezer.com/artist/669,
309326,Dyland & Lenny,132992,https://www.deezer.com/artist/309326,PR
1649413,Pipe Calderón,104279,https://www.deezer.com/artist/1649413,CO
12668305,Cavetown,291525,https://www.deezer.com/artist/12668305,GB
2104,Les Rita Mitsouko,360260,https://www.deezer.com/artist/2104,FR
8793,Pepe Aguilar,596753,https://www.deezer.com/artist/8793,US
1215212,Natalia Jiménez,240535,https://www.deezer.com/artist/1215212,ES
4028765,Angela Aguilar,296505,https://www.deezer.com/artist/4028765,ID
187091,Pedro Fernández,116875,https://www.deezer.com/artist/187091,MX
8798,Vicente Fernández,1484182,https://www.deezer.com/artist/8798,MX
5390,Ana Gabriel,898775,https://www.deezer.com/artist/5390,MX
363051,Ana Bárbara,128878,https://www.deezer.com/artist/363051,US
71813,Juan Gabriel,1731534,https://www.deezer.com/artist/71813,MX
166763,Echo and the Bunnymen,211043,https://www.deezer.com/artist/166763,GB
3215231,Monsieur Perine,131572,https://www.deezer.com/artist/3215231,
358580,Chino & Nacho,1173368,https://www.deezer.com/artist/358580,VE
1333264,Trueno,516081,https://www.deezer.com/artist/1333264,
10580067,Rels B,944346,https://www.deezer.com/artist/10580067,ES
5620251,C. Tangana,183526,https://www.deezer.com/artist/5620251,ES
155887202,Milo j,105963,https://www.deezer.com/artist/155887202,AR
12098828,Micro TDH,426874,https://www.deezer.com/artist/12098828,VE
378715,The Dø,295620,https://www.deezer.com/artist/378715,FR
8548,Hombres G,944735,https://www.deezer.com/artist/8548,ES
12043,Moenia,128325,https://www.deezer.com/artist/12043,MX
133049,Los Enanitos Verdes,1009987,https://www.deezer.com/artist/133049,AR
74311,Café Tacvba,979725,https://www.deezer.com/artist/74311,MX
5678,Jarabe de Palo,569192,https://www.deezer.com/artist/5678,ES
242817,Bunbury,964932,https://www.deezer.com/artist/242817,ES
16238,Vilma Palma e Vampiros,267990,https://www.deezer.com/artist/16238,AR
4400,Aterciopelados,183402,https://www.deezer.com/artist/4400,CO
4475,RBD,499454,https://www.deezer.com/artist/4475,MX
6722,Natalia Lafourcade,565138,https://www.deezer.com/artist/6722,MX
6706,Moderatto,188867,https://www.deezer.com/artist/6706,MX
16532,MOTEL,173019,https://www.deezer.com/artist/16532,
4996,Miranda!,282442,https://www.deezer.com/artist/4996,AR
5284515,Mon Laferte,707570,https://www.deezer.com/artist/5284515,MX
3897051,Carla Morrison,461820,https://www.deezer.com/artist/3897051,MX
5839,Belanova,180865,https://www.deezer.com/artist/5839,MX
264058,Ximena Sarinana,240200,https://www.deezer.com/artist/264058,
4106,Vicentico,252185,https://www.deezer.com/artist/4106,AR
7023,Idina Menzel,163966,https://www.deezer.com/artist/7023,US
5880,Zac Efron,221163,https://www.deezer.com/artist/5880,US
1416675,Tori Kelly,184356,https://www.deezer.com/artist/1416675,US
281011,India Martinez,137016,https://www.deezer.com/artist/281011,
12142,Antonio Orozco,120625,https://www.deezer.com/artist/12142,ES
7327640,Morat,1095188,https://www.deezer.com/artist/7327640,CO
7631240,Loïc Nottet,211321,https://www.deezer.com/artist/7631240,BE
3103531,Cris Cab,137328,https://www.deezer.com/artist/3103531,US
73,Nas,1209735,https://www.deezer.com/artist/73,
2353,Ice Cube,2561775,https://www.deezer.com/artist/2353,US
267,DMX,1442594,https://www.deezer.com/artist/267,US
167095,2Pac,4118390,https://www.deezer.com/artist/167095,US
2541,Xzibit,1021440,https://www.deezer.com/artist/2541,US
763,Dr. Dre,4478386,https://www.deezer.com/artist/763,US
2544,G-Unit,673135,https://www.deezer.com/artist/2544,
737,Lloyd Banks,344086,https://www.deezer.com/artist/737,US
2519,The Notorious B.I.G.,1956643,https://www.deezer.com/artist/2519,US
2513,Mobb Deep,703044,https://www.deezer.com/artist/2513,US
397,Obie Trice,226318,https://www.deezer.com/artist/397,US
7081,Buju Banton,251716,https://www.deezer.com/artist/7081,JM
116337,Busy Signal,486362,https://www.deezer.com/artist/116337,JM
100675,Vybz Kartel,1046684,https://www.deezer.com/artist/100675,JM
203631,Demarco,110651,https://www.deezer.com/artist/203631,
473230,Stylo G,108562,https://www.deezer.com/artist/473230,GB
179798,Gyptian,713348,https://www.deezer.com/artist/179798,JM
2221921,Martin Tungevaag,182815,https://www.deezer.com/artist/2221921,NO
164002,Konshens,417176,https://www.deezer.com/artist/164002,JM
156229,Mavado,293046,https://www.deezer.com/artist/156229,JM
377827,Popcaan,335782,https://www.deezer.com/artist/377827,JM
78843,N-Dubz,141390,https://www.deezer.com/artist/78843,GB
9356,Tinchy Stryder,138234,https://www.deezer.com/artist/9356,GB
2388,Dizzee Rascal,274819,https://www.deezer.com/artist/2388,GB
280294,B.o.B,1154073,https://www.deezer.com/artist/280294,
72450,Professor Green,301000,https://www.deezer.com/artist/72450,GB
2370,Wiley,191589,https://www.deezer.com/artist/2370,
5576,Gym Class Heroes,314920,https://www.deezer.com/artist/5576,US
12816283,LIT killah,374766,https://www.deezer.com/artist/12816283,AR
14876665,Rusherking,114301,https://www.deezer.com/artist/14876665,AR
4902904,DUKI,822496,https://www.deezer.com/artist/4902904,AR
10010270,Wos,418432,https://www.deezer.com/artist/10010270,
127029,Aidonia,155342,https://www.deezer.com/artist/127029,JM
13586537,Seven Kayne,100720,https://www.deezer.com/artist/13586537,AR
13529333,Bhavi,129726,https://www.deezer.com/artist/13529333,AR
13571283,C.R.O,266996,https://www.deezer.com/artist/13571283,AR
74815,Dani Ribba,135273,https://www.deezer.com/artist/74815,AR
1207,Mogwai,140890,https://www.deezer.com/artist/1207,
612,Massive Attack,1192440,https://www.deezer.com/artist/612,GB
1417,Sigur Rós,327515,https://www.deezer.com/artist/1417,IS
1682197,Damon Albarn,106794,https://www.deezer.com/artist/1682197,GB
71835,José José,1227532,https://www.deezer.com/artist/71835,MX
243194,Daniela Romo,115690,https://www.deezer.com/artist/243194,MX
133741,Jose Luis Perales,365977,https://www.deezer.com/artist/133741,ES
242336,Amanda Miguel,187719,https://www.deezer.com/artist/242336,AR
5179221,Raphael,116820,https://www.deezer.com/artist/5179221,
5078,Capleton,207994,https://www.deezer.com/artist/5078,JM
806,Sizzla,386557,https://www.deezer.com/artist/806,JM
182975,Tarrus Riley,229395,https://www.deezer.com/artist/182975,JM
15362,Collie Buddz,197273,https://www.deezer.com/artist/15362,US
4512,Jadakiss,165662,https://www.deezer.com/artist/4512,US
794,Lil' Kim,207978,https://www.deezer.com/artist/794,US
7217,Ten Years After,101392,https://www.deezer.com/artist/7217,GB
2105,Canned Heat,230911,https://www.deezer.com/artist/2105,US
3350,The Animals,356482,https://www.deezer.com/artist/3350,GB
1796,Cream,333201,https://www.deezer.com/artist/1796,
4940,Joaquín Sabina,309529,https://www.deezer.com/artist/4940,ES
10668885,Shenseea,132601,https://www.deezer.com/artist/10668885,JM
1654286,Alkaline,253485,https://www.deezer.com/artist/1654286,US
1559,The Velvet Underground,410313,https://www.deezer.com/artist/1559,US
1128,Tom Waits,436723,https://www.deezer.com/artist/1128,US
2167,Frank Zappa,234524,https://www.deezer.com/artist/2167,US
6783,Jim Morrison,198020,https://www.deezer.com/artist/6783,
525343,Silvestre Dangond,1595609,https://www.deezer.com/artist/525343,CO
2888,Jethro Tull,279231,https://www.deezer.com/artist/2888,GB
1785,Grateful Dead,135464,https://www.deezer.com/artist/1785,US
493,Moby,1034824,https://www.deezer.com/artist/493,US
1610,The Stooges,109565,https://www.deezer.com/artist/1610,US
7258,Robert Plant,230064,https://www.deezer.com/artist/7258,GB
2395,Wyclef Jean,448304,https://www.deezer.com/artist/2395,US
5367,"Crosby, Stills, Nash & Young",168031,https://www.deezer.com/artist/5367,US
17030,Eddie Vedder,446927,https://www.deezer.com/artist/17030,US
3224,Naughty by Nature,131661,https://www.deezer.com/artist/3224,US
9,Outkast,912045,https://www.deezer.com/artist/9,US
238,Common,271545,https://www.deezer.com/artist/238,US
9262400,Jessie Reyez,116829,https://www.deezer.com/artist/9262400,CA
7814240,Masego,125714,https://www.deezer.com/artist/7814240,US
5286414,Lasso,120348,https://www.deezer.com/artist/5286414,
4474,Estopa,226474,https://www.deezer.com/artist/4474,ES
110587,Lil Jon,2043952,https://www.deezer.com/artist/110587,US
1321900,Kiesza,740413,https://www.deezer.com/artist/1321900,CA
7815200,Sub Urban,238712,https://www.deezer.com/artist/7815200,US
7699874,AURORA,554856,https://www.deezer.com/artist/7699874,
887565,Lord Huron,119134,https://www.deezer.com/artist/887565,US
1036,Billie Holiday,723358,https://www.deezer.com/artist/1036,US
144474,Jon Bon Jovi,534109,https://www.deezer.com/artist/144474,US
823,Ozzy Osbourne,2598723,https://www.deezer.com/artist/823,GB
687,Alice Cooper,710885,https://www.deezer.com/artist/687,US
531,Mötley Crüe,825297,https://www.deezer.com/artist/531,US
8680,Buddy Guy,483795,https://www.deezer.com/artist/8680,US
265084,Gary Clark Jr.,104251,https://www.deezer.com/artist/265084,US
6471,The Allman Brothers Band,132699,https://www.deezer.com/artist/6471,US
4191,Johnny Winter,148824,https://www.deezer.com/artist/4191,US
12297,Stevie Ray Vaughan,304511,https://www.deezer.com/artist/12297,US
819,John Mayall & The Bluesbreakers,107209,https://www.deezer.com/artist/819,GB
3614,B.B. King,1703293,https://www.deezer.com/artist/3614,US
4192,Albert King,252867,https://www.deezer.com/artist/4192,US
8686,Rush,527493,https://www.deezer.com/artist/8686,
3613,Bad Company,101397,https://www.deezer.com/artist/3613,GB
2139,Thin Lizzy,164729,https://www.deezer.com/artist/2139,IE
3283,Joni Mitchell,114852,https://www.deezer.com/artist/3283,CA
5229,Tom Petty,114473,https://www.deezer.com/artist/5229,US
692,Blue Öyster Cult,142677,https://www.deezer.com/artist/692,US
614,Bing Crosby,155373,https://www.deezer.com/artist/614,US
10336,Slash,1269045,https://www.deezer.com/artist/10336,
77974,Ringo Starr,238698,https://www.deezer.com/artist/77974,GB
496,Joe Satriani,355334,https://www.deezer.com/artist/496,US
1719,Siouxsie and The Banshees,230088,https://www.deezer.com/artist/1719,GB
1249,Joy Division,806078,https://www.deezer.com/artist/1249,GB
76064,Johnny Hartman,147051,https://www.deezer.com/artist/76064,US
5853,Chet Baker,527245,https://www.deezer.com/artist/5853,US
10391776,Cheb Bello,173001,https://www.deezer.com/artist/10391776,
92777,Cheb Akil,112498,https://www.deezer.com/artist/92777,DZ
92782,Cheb Bilal,242011,https://www.deezer.com/artist/92782,DZ
6819,Eliane Elias,116222,https://www.deezer.com/artist/6819,BR
7204,Fats Domino,102902,https://www.deezer.com/artist/7204,US
148129,Kids United,435899,https://www.deezer.com/artist/148129,FR
405,Johnny Cash,1820446,https://www.deezer.com/artist/405,US
8741,Dolly Parton,450357,https://www.deezer.com/artist/8741,US
3545,Emmylou Harris,101967,https://www.deezer.com/artist/3545,US
2947,Willie Nelson,369606,https://www.deezer.com/artist/2947,US
71576,The Bloody Beetroots,245360,https://www.deezer.com/artist/71576,IT
54619,Crookers,126366,https://www.deezer.com/artist/54619,IT
260817,Bassnectar,130444,https://www.deezer.com/artist/260817,US
607,Paul Oakenfold,106209,https://www.deezer.com/artist/607,GB
788504,Zeds dead,101142,https://www.deezer.com/artist/788504,CA
305582,Rusko,101924,https://www.deezer.com/artist/305582,US
487286,Flux Pavilion,184460,https://www.deezer.com/artist/487286,GB
281,Pendulum,371388,https://www.deezer.com/artist/281,NO
6455,Noisia,100413,https://www.deezer.com/artist/6455,
65761,Example,294667,https://www.deezer.com/artist/65761,
5518775,SecondCity,108259,https://www.deezer.com/artist/5518775,
541764,Knife Party,526519,https://www.deezer.com/artist/541764,
525643,Skrillex,3848172,https://www.deezer.com/artist/525643,US
1164295,Flume,374775,https://www.deezer.com/artist/1164295,
4707030,ODESZA,148489,https://www.deezer.com/artist/4707030,US
656,Noir Désir,1048055,https://www.deezer.com/artist/656,FR
4459894,Dove Cameron,674428,https://www.deezer.com/artist/4459894,US
1385971,China Anne McClain,222271,https://www.deezer.com/artist/1385971,US
8202,Warrant,118883,https://www.deezer.com/artist/8202,US
13204,Mark Ronson,752727,https://www.deezer.com/artist/13204,GB
140,Gigi D'Agostino,288092,https://www.deezer.com/artist/140,
9549148,Peggy Gou,202072,https://www.deezer.com/artist/9549148,DE
541784,Alex Warren,160319,https://www.deezer.com/artist/541784,US
146100,Rea Garvey,128520,https://www.deezer.com/artist/146100,DE
56149,Lena,238907,https://www.deezer.com/artist/56149,
409717,Nico Santos,167767,https://www.deezer.com/artist/409717,DE
2690681,Phillip Phillips,104866,https://www.deezer.com/artist/2690681,US
533,Judas Priest,1247582,https://www.deezer.com/artist/533,GB
2996,Motörhead,1115645,https://www.deezer.com/artist/2996,GB
1568,Regina Spektor,197872,https://www.deezer.com/artist/1568,US
793825,The Lumineers,924515,https://www.deezer.com/artist/793825,US
11819131,Noah Kahan,195268,https://www.deezer.com/artist/11819131,US
6120,Daughtry,366049,https://www.deezer.com/artist/6120,US
13887,Patrick Watson,120087,https://www.deezer.com/artist/13887,CA
644,Feist,201399,https://www.deezer.com/artist/644,CA
10218968,Tash Sultana,110249,https://www.deezer.com/artist/10218968,AU
5962744,Ibeyi,106338,https://www.deezer.com/artist/5962744,FR
261212,The xx,1102035,https://www.deezer.com/artist/261212,GB
1635714,Chet Faker,211770,https://www.deezer.com/artist/1635714,AU
259767,Caravan Palace,293757,https://www.deezer.com/artist/259767,FR
796051,Gramatik,196744,https://www.deezer.com/artist/796051,US
2108,Bonobo,364171,https://www.deezer.com/artist/2108,GB
1113,Jill Scott,180854,https://www.deezer.com/artist/1113,US
2056,Erykah Badu,423776,https://www.deezer.com/artist/2056,US
106574,Thylacine,130229,https://www.deezer.com/artist/106574,
1197801,Woodkid,400639,https://www.deezer.com/artist/1197801,FR
1154879,Lianne La Havas,108130,https://www.deezer.com/artist/1154879,GB
249,Ben Harper,803601,https://www.deezer.com/artist/249,US
7503,Reba McEntire,149535,https://www.deezer.com/artist/7503,US
3242,Martina McBride,100035,https://www.deezer.com/artist/3242,US
315,Rascal Flatts,234856,https://www.deezer.com/artist/315,US
7524,Toby Keith,220243,https://www.deezer.com/artist/7524,US
4770,Brooks & Dunn,199499,https://www.deezer.com/artist/4770,US
2554,Brad Paisley,335246,https://www.deezer.com/artist/2554,US
5400149,Polo & Pan,191846,https://www.deezer.com/artist/5400149,FR
281865,The Chicks,113873,https://www.deezer.com/artist/281865,
517,Alan Jackson,470123,https://www.deezer.com/artist/517,
5235,George Strait,304686,https://www.deezer.com/artist/5235,US
333,Tim McGraw,378657,https://www.deezer.com/artist/333,US
8638,Blake Shelton,736076,https://www.deezer.com/artist/8638,US
14440,Billy Ray Cyrus,109335,https://www.deezer.com/artist/14440,US
35,Avril Lavigne,5708732,https://www.deezer.com/artist/35,CA
959,Plain White T's,140462,https://www.deezer.com/artist/959,
1278,The All-American Rejects,371071,https://www.deezer.com/artist/1278,
12065,Boys Like Girls,246568,https://www.deezer.com/artist/12065,US
13200787,Sheck Wes,102207,https://www.deezer.com/artist/13200787,US
6404,Justice,806603,https://www.deezer.com/artist/6404,US
289345,Breakbot,183415,https://www.deezer.com/artist/289345,FR
2318,Etienne de Crécy,110106,https://www.deezer.com/artist/2318,
379167,Lucenzo,446391,https://www.deezer.com/artist/379167,FR
11934257,Trippie Redd,725100,https://www.deezer.com/artist/11934257,US
110703,Solange,113349,https://www.deezer.com/artist/110703,
2048,Groove Armada,178316,https://www.deezer.com/artist/2048,GB
504125,Too Short,150597,https://www.deezer.com/artist/504125,US
4043887,L'Impératrice,163848,https://www.deezer.com/artist/4043887,
4738512,FKJ,156297,https://www.deezer.com/artist/4738512,FR
372244,Rone,139621,https://www.deezer.com/artist/372244,FR
59936352,Iann Dior,180240,https://www.deezer.com/artist/59936352,US
712,Warren G,328583,https://www.deezer.com/artist/712,US
359,Nate Dogg,991497,https://www.deezer.com/artist/359,US
9139,Westside Connection,173278,https://www.deezer.com/artist/9139,US
7541,Redman,311067,https://www.deezer.com/artist/7541,
2605,Method Man,671787,https://www.deezer.com/artist/2605,US
13,Eminem,19085365,https://www.deezer.com/artist/13,US
13878655,24kgoldn,253403,https://www.deezer.com/artist/13878655,US
8218,Tech N9ne,258994,https://www.deezer.com/artist/8218,US
14456487,Juice Wrld,2499160,https://www.deezer.com/artist/14456487,US
3416,Temple of the Dog,119135,https://www.deezer.com/artist/3416,US
6069,Apparat,130050,https://www.deezer.com/artist/6069,DE
275723,Moderat,143810,https://www.deezer.com/artist/275723,DE
1744,Four Tet,447004,https://www.deezer.com/artist/1744,GB
3892,Caribou,176999,https://www.deezer.com/artist/3892,CA
5210,Trentemøller,102379,https://www.deezer.com/artist/5210,DK
641,Vitalic,340232,https://www.deezer.com/artist/641,FR
608,Zero 7,182633,https://www.deezer.com/artist/608,GB
2830,Billy Talent,417803,https://www.deezer.com/artist/2830,CA
3566,Rise Against,898013,https://www.deezer.com/artist/3566,US
421,Bloodhound Gang,129370,https://www.deezer.com/artist/421,US
84,The Rasmus,203365,https://www.deezer.com/artist/84,FI
1214,DJ Shadow,177716,https://www.deezer.com/artist/1214,US
366,Thievery Corporation,159778,https://www.deezer.com/artist/366,US
3187,The Cinematic Orchestra,142388,https://www.deezer.com/artist/3187,GB
515697,AWOLNATION,454218,https://www.deezer.com/artist/515697,US
647650,Twenty One Pilots,4997209,https://www.deezer.com/artist/647650,US
372175,Skip the Use,262880,https://www.deezer.com/artist/372175,FR
1184,Yellowcard,224366,https://www.deezer.com/artist/1184,US
404,Fall Out Boy,2610467,https://www.deezer.com/artist/404,US
351,Theory of a Deadman,217413,https://www.deezer.com/artist/351,CA
390183,Thirty Seconds to Mars,1755963,https://www.deezer.com/artist/390183,US
1285,The Used,150408,https://www.deezer.com/artist/1285,US
13191,All Time Low,390997,https://www.deezer.com/artist/13191,US
257890,You Me At Six,139152,https://www.deezer.com/artist/257890,GB
89,Papa Roach,1998888,https://www.deezer.com/artist/89,US
93,Limp Bizkit,2151075,https://www.deezer.com/artist/93,US
5286,Breaking Benjamin,735513,https://www.deezer.com/artist/5286,US
931,Iron Maiden,3778018,https://www.deezer.com/artist/931,GB
822,Black Label Society,281275,https://www.deezer.com/artist/822,US
445,Tenacious D,430381,https://www.deezer.com/artist/445,US
828,Dream Theater,591341,https://www.deezer.com/artist/828,US
458,System of a Down,5793633,https://www.deezer.com/artist/458,US
3295,Deluxe,244403,https://www.deezer.com/artist/3295,ES
443,Les Ogres de Barback,182841,https://www.deezer.com/artist/443,FR
1748,Debout Sur Le Zinc,113636,https://www.deezer.com/artist/1748,FR
1227,La Rue Kétanou,426027,https://www.deezer.com/artist/1227,FR
460250,Felipe Peláez,407712,https://www.deezer.com/artist/460250,CO
94686,Jorge Celedón,480169,https://www.deezer.com/artist/94686,CO
255687,Peter Manjarrés,428787,https://www.deezer.com/artist/255687,CO
156724,Catherine Ringer,100409,https://www.deezer.com/artist/156724,FR
9032,Marco Antonio Solís,1709331,https://www.deezer.com/artist/9032,MX
13611,Los Tigres del Norte,1277360,https://www.deezer.com/artist/13611,US
363114,Espinoza Paz,1104398,https://www.deezer.com/artist/363114,MX
96684,Antonio Aguilar,488669,https://www.deezer.com/artist/96684,MX
9092188,Edwin Luna y La Trakalosa de Monterrey,759381,https://www.deezer.com/artist/9092188,MX
9763952,Christian Nodal,2511724,https://www.deezer.com/artist/9763952,MX
12141,Joan Sebastian,1497209,https://www.deezer.com/artist/12141,MX
308304,Les Fatals Picards,189809,https://www.deezer.com/artist/308304,FR
5644,Selena,605063,https://www.deezer.com/artist/5644,BG
985302,Diego Verdaguer,172476,https://www.deezer.com/artist/985302,MX
269769,Bronco,720462,https://www.deezer.com/artist/269769,
9168,La Mafia,142427,https://www.deezer.com/artist/9168,US
6274598,Manuel Medrano,406667,https://www.deezer.com/artist/6274598,CO
11310104,Big Soto,161281,https://www.deezer.com/artist/11310104,VE
16978,Jaguares,182813,https://www.deezer.com/artist/16978,MX
58585,Zoé,1127078,https://www.deezer.com/artist/58585,FR
1574369,DLD,239539,https://www.deezer.com/artist/1574369,MX
6137,Héroes del Silencio,1000518,https://www.deezer.com/artist/6137,ES
10909,El Tri,289609,https://www.deezer.com/artist/10909,MX
12029,Rata Blanca,504292,https://www.deezer.com/artist/12029,AR
3491,Los Fabulosos Cadillacs,868647,https://www.deezer.com/artist/3491,AR
5205,Los Auténticos Decadentes,483806,https://www.deezer.com/artist/5205,AR
5838,Andrés Calamaro,539347,https://www.deezer.com/artist/5838,AR
343074,José Alfredo Jiménez,221331,https://www.deezer.com/artist/343074,MX
264106,Pedro Infante,168347,https://www.deezer.com/artist/264106,MX
10400,Javier Solis,198793,https://www.deezer.com/artist/10400,
554792,ROSALÍA,1053760,https://www.deezer.com/artist/554792,
877980,Doctor Krapula,167642,https://www.deezer.com/artist/877980,
1410,Molotov,678504,https://www.deezer.com/artist/1410,
447246,Abel Pintos,160861,https://www.deezer.com/artist/447246,AR
4941,Fito Páez,334832,https://www.deezer.com/artist/4941,AR
6441,Los Pericos,348914,https://www.deezer.com/artist/6441,AR
1004,N.W.A,714811,https://www.deezer.com/artist/1004,US
12316,Eazy-E,670621,https://www.deezer.com/artist/12316,
417645,D12,470895,https://www.deezer.com/artist/417645,US
273,Wu-Tang Clan,1255533,https://www.deezer.com/artist/273,
1312,De La Soul,196867,https://www.deezer.com/artist/1312,US
1002,KRS-One,111903,https://www.deezer.com/artist/1002,
14279,Beres Hammond,110120,https://www.deezer.com/artist/14279,JM
9177,Jah Cure,347963,https://www.deezer.com/artist/9177,JM
240,N.E.R.D,101036,https://www.deezer.com/artist/240,US
75284,Rocio Durcal,662495,https://www.deezer.com/artist/75284,ES
364905,Leo Dan,472221,https://www.deezer.com/artist/364905,AR
391564,Pimpinela,116031,https://www.deezer.com/artist/391564,AR
432022,Skepta,349081,https://www.deezer.com/artist/432022,GB
291325,Chip,116601,https://www.deezer.com/artist/291325,US
644946,JME,100584,https://www.deezer.com/artist/644946,GB
5822699,Bugzy Malone,207849,https://www.deezer.com/artist/5822699,GB
13744631,Neo Pistea,134899,https://www.deezer.com/artist/13744631,AR
13870619,Camille Lellouche,118983,https://www.deezer.com/artist/13870619,FR
91212482,Nuit Incolore,137960,https://www.deezer.com/artist/91212482,CH
8856,Marisela,172311,https://www.deezer.com/artist/8856,
398298,Agnes Obel,309845,https://www.deezer.com/artist/398298,DK
12991285,YSY A,164659,https://www.deezer.com/artist/12991285,AR
77770,Camilo Sesto,482034,https://www.deezer.com/artist/77770,ES
1098,Boards of Canada,274911,https://www.deezer.com/artist/1098,GB
1562638,Chronixx,157130,https://www.deezer.com/artist/1562638,JM
7061,Anthony B,135847,https://www.deezer.com/artist/7061,JM
2323,Gentleman,328030,https://www.deezer.com/artist/2323,
119801,Ky-Mani Marley,201314,https://www.deezer.com/artist/119801,
254,Damian Marley,2439018,https://www.deezer.com/artist/254,JM
496709,Katy B,103407,https://www.deezer.com/artist/496709,GB
3289,Joan Manuel Serrat,133878,https://www.deezer.com/artist/3289,ES
4340,Silvio Rodríguez,213417,https://www.deezer.com/artist/4340,CU
5862597,El Gran Martin Elias,463375,https://www.deezer.com/artist/5862597,
7934112,Elder Dayán Díaz,137378,https://www.deezer.com/artist/7934112,CO
449183,Ivan Villazon,290805,https://www.deezer.com/artist/449183,
4758163,Diego Daza,110723,https://www.deezer.com/artist/4758163,CO
1373920,Diomedes Diaz,1400265,https://www.deezer.com/artist/1373920,
1403326,Poncho Zuleta,130789,https://www.deezer.com/artist/1403326,CO
4860762,Juancho De La Espriella,185327,https://www.deezer.com/artist/4860762,CO
5871,Toots & The Maytals,467812,https://www.deezer.com/artist/5871,JM
3972081,Stefflon Don,164893,https://www.deezer.com/artist/3972081,GB
81,The Chemical Brothers,1455785,https://www.deezer.com/artist/81,GB
76,Fatboy Slim,1248045,https://www.deezer.com/artist/76,GB
678,M83,965379,https://www.deezer.com/artist/678,FR
288092,Mumford & Sons,1059971,https://www.deezer.com/artist/288092,GB
4768525,Vance Joy,523460,https://www.deezer.com/artist/4768525,AU
2327,Barrington Levy,340382,https://www.deezer.com/artist/2327,JM
1546753,Protoje,314753,https://www.deezer.com/artist/1546753,JM
275373,Alborosie,446768,https://www.deezer.com/artist/275373,IT
307450,Fito y Fitipaldis,169570,https://www.deezer.com/artist/307450,ES
1454125,MNEK,161637,https://www.deezer.com/artist/1454125,GB
239,The Roots,229541,https://www.deezer.com/artist/239,ZA
57504,Duke Ellington,356088,https://www.deezer.com/artist/57504,US
9123,Oscar Peterson,166327,https://www.deezer.com/artist/9123,
1910,Miles Davis,1114817,https://www.deezer.com/artist/1910,US
4080,Dave Brubeck,206827,https://www.deezer.com/artist/4080,US
69689,Wynton Marsalis,104913,https://www.deezer.com/artist/69689,US
9242,Dizzy Gillespie,160037,https://www.deezer.com/artist/9242,US
2692,Charlie Parker,263690,https://www.deezer.com/artist/2692,
5136,Thelonious Monk,252915,https://www.deezer.com/artist/5136,US
8552,Saxon,137341,https://www.deezer.com/artist/8552,
16052,Beth Hart,190050,https://www.deezer.com/artist/16052,US
1159,John Lee Hooker,1378093,https://www.deezer.com/artist/1159,US
5414,Muddy Waters,1462302,https://www.deezer.com/artist/5414,US
58312,T-bone Walker,253795,https://www.deezer.com/artist/58312,
8987,Howlin' Wolf,406889,https://www.deezer.com/artist/8987,
73559,Junior Wells,102799,https://www.deezer.com/artist/73559,US
9521,Lightnin' Hopkins,241238,https://www.deezer.com/artist/9521,
101645,Cheb Hasni,389121,https://www.deezer.com/artist/101645,DZ
995,Cheb Mami,235116,https://www.deezer.com/artist/995,DZ
78998,Steven Tyler,156174,https://www.deezer.com/artist/78998,US
9907,Boys Noize,168600,https://www.deezer.com/artist/9907,DE
3771,Mr. Oizo,176484,https://www.deezer.com/artist/3771,FR
8955,Waylon Jennings,131302,https://www.deezer.com/artist/8955,US
8510,Merle Haggard,108827,https://www.deezer.com/artist/8510,US
5426,Little Walter,162902,https://www.deezer.com/artist/5426,US
10,Faithless,668412,https://www.deezer.com/artist/10,GB
406688,Borgore,327571,https://www.deezer.com/artist/406688,IL
441447,Datsik,111004,https://www.deezer.com/artist/441447,CA
1481809,Zomboy,299709,https://www.deezer.com/artist/1481809,GB
398333,Excision,175487,https://www.deezer.com/artist/398333,
393495,Kill The Noise,189431,https://www.deezer.com/artist/393495,US
2449,John Coltrane,601258,https://www.deezer.com/artist/2449,US
2060,Bill Evans,271565,https://www.deezer.com/artist/2060,US
150446,Riva Starr,269693,https://www.deezer.com/artist/150446,GB
4782275,Route 94,335849,https://www.deezer.com/artist/4782275,GB
808980,Jamie xx,100308,https://www.deezer.com/artist/808980,GB
6377,Paul Kalkbrenner,720586,https://www.deezer.com/artist/6377,DE
1639,The Dave Brubeck Quartet,103634,https://www.deezer.com/artist/1639,US
5142,Sonny Rollins,123163,https://www.deezer.com/artist/5142,US
75104,Wes Montgomery,123267,https://www.deezer.com/artist/75104,US
5622,Cannonball Adderley,125464,https://www.deezer.com/artist/5622,US
10611,Keith Jarrett,460677,https://www.deezer.com/artist/10611,
3458,Stan Getz,347719,https://www.deezer.com/artist/3458,US
10462,Bo Diddley,189785,https://www.deezer.com/artist/10462,US
1626459,Pegboard Nerds,239629,https://www.deezer.com/artist/1626459,DK
9598344,Elenco de Soy Luna,366486,https://www.deezer.com/artist/9598344,
8425170,Sofia Carson,444851,https://www.deezer.com/artist/8425170,US
1587666,Max Giesinger,215318,https://www.deezer.com/artist/1587666,DE
3580,Anthrax,506750,https://www.deezer.com/artist/3580,
7,Jamiroquai,1140471,https://www.deezer.com/artist/7,GB
103,Pharrell Williams,3229361,https://www.deezer.com/artist/103,US
583,Chromeo,156763,https://www.deezer.com/artist/583,CA
3467,Gnarls Barkley,135159,https://www.deezer.com/artist/3467,US
2163861,Mark Forster,1387452,https://www.deezer.com/artist/2163861,
7608832,Wincent Weiss,267189,https://www.deezer.com/artist/7608832,DE
1328,Chevelle,212631,https://www.deezer.com/artist/1328,US
398769,SBTRKT,163215,https://www.deezer.com/artist/398769,GB
294359,Nicolas Jaar,114126,https://www.deezer.com/artist/294359,US
354661,Worakls,142392,https://www.deezer.com/artist/354661,FR
171883,NTO,108541,https://www.deezer.com/artist/171883,FR
166984,Chris Young,185991,https://www.deezer.com/artist/166984,US
210016,Zac Brown Band,324789,https://www.deezer.com/artist/210016,US
7796,Little Big Town,135916,https://www.deezer.com/artist/7796,US
332,Dierks Bentley,202579,https://www.deezer.com/artist/332,US
243606,Eric Church,255883,https://www.deezer.com/artist/243606,US
243201,Darius Rucker,139952,https://www.deezer.com/artist/243201,US
7830,Jason Aldean,400387,https://www.deezer.com/artist/7830,US
58801,Chinese Man,352058,https://www.deezer.com/artist/58801,FR
17262,Guts,126066,https://www.deezer.com/artist/17262,
4388,Carrie Underwood,516100,https://www.deezer.com/artist/4388,US
3249,Keith Urban,398889,https://www.deezer.com/artist/3249,AU
242132,Luke Bryan,622090,https://www.deezer.com/artist/242132,US
802470,Hunter Hayes,106749,https://www.deezer.com/artist/802470,US
5057,Miranda Lambert,305581,https://www.deezer.com/artist/5057,US
393469,Lee Brice,150665,https://www.deezer.com/artist/393469,US
2021921,Thomas Rhett,180978,https://www.deezer.com/artist/2021921,US
13314683,Bon Entendeur,203559,https://www.deezer.com/artist/13314683,FR
27,Daft Punk,5196344,https://www.deezer.com/artist/27,FR
2508,Digitalism,161447,https://www.deezer.com/artist/2508,DE
85,The Prodigy,1739973,https://www.deezer.com/artist/85,GB
11347866,Ski Mask the Slump God,324646,https://www.deezer.com/artist/11347866,US
9822974,XXXTentacion,4690419,https://www.deezer.com/artist/9822974,US
2988,Amon Tobin,101879,https://www.deezer.com/artist/2988,BR
276,Underworld,108859,https://www.deezer.com/artist/276,IT
1902,Steve Vai,281377,https://www.deezer.com/artist/1902,US
2512,Ol' Dirty Bastard,147846,https://www.deezer.com/artist/2512,
2528,Ghostface Killah,131119,https://www.deezer.com/artist/2528,US
3886,Raekwon,228928,https://www.deezer.com/artist/3886,US
4918,RZA,120972,https://www.deezer.com/artist/4918,US
410734,Yelawolf,226751,https://www.deezer.com/artist/410734,US
407,Nine Inch Nails,548439,https://www.deezer.com/artist/407,US
181041,Max Cooper,346691,https://www.deezer.com/artist/181041,GB
410,Sublime,313665,https://www.deezer.com/artist/410,JP
2127,Disturbed,1504678,https://www.deezer.com/artist/2127,
4145,Corey Taylor,227221,https://www.deezer.com/artist/4145,US
158710,Five Finger Death Punch,1122185,https://www.deezer.com/artist/158710,US
327,Bullet for My Valentine,1338765,https://www.deezer.com/artist/327,GB
1272458,Bad Meets Evil,205167,https://www.deezer.com/artist/1272458,US
12133088,YUNGBLUD,430935,https://www.deezer.com/artist/12133088,GB
370519,The Pretty Reckless,453114,https://www.deezer.com/artist/370519,US
3006,White Zombie,138964,https://www.deezer.com/artist/3006,US
108493,Halestorm,226219,https://www.deezer.com/artist/108493,US
12882,Escape the Fate,375652,https://www.deezer.com/artist/12882,US
17000,Hollywood Undead,481613,https://www.deezer.com/artist/17000,US
288567,Asking Alexandria,630773,https://www.deezer.com/artist/288567,
5084069,Starset,145702,https://www.deezer.com/artist/5084069,US
1346116,Falling In Reverse,527330,https://www.deezer.com/artist/1346116,US
536,Machine Head,299116,https://www.deezer.com/artist/536,DE
4501,Atreyu,123141,https://www.deezer.com/artist/4501,US
856,Rob Zombie,596080,https://www.deezer.com/artist/856,US
9267,Mastodon,208025,https://www.deezer.com/artist/9267,US
16737,Exodus,212810,https://www.deezer.com/artist/16737,UG
15794,Rodrigo y Gabriela,180266,https://www.deezer.com/artist/15794,MX
13953,Volbeat,630766,https://www.deezer.com/artist/13953,DK
1236717,Rolando Ochoa,142279,https://www.deezer.com/artist/1236717,CO
6067,Kreator,188931,https://www.deezer.com/artist/6067,DE
185473,Empire of the Sun,446219,https://www.deezer.com/artist/185473,AU
370900,Los Huracanes Del Norte,366272,https://www.deezer.com/artist/370900,US
192548,Los Tucanes De Tijuana,673731,https://www.deezer.com/artist/192548,MX
68194,Pesado,441764,https://www.deezer.com/artist/68194,MX
245220,Los Invasores De Nuevo León,387886,https://www.deezer.com/artist/245220,MX
298664,Cardenales De Nuevo León,425562,https://www.deezer.com/artist/298664,MX
14566,Valentin Elizalde,719491,https://www.deezer.com/artist/14566,
1255983,Banda El Recodo De Cruz Lizarraga,1010975,https://www.deezer.com/artist/1255983,MX
102352,Binomio de Oro de América,397599,https://www.deezer.com/artist/102352,CO
9167,Binomio de Oro,368906,https://www.deezer.com/artist/9167,CO
1530946,Calibre 50,2014076,https://www.deezer.com/artist/1530946,MX
4448489,El Bebeto,433881,https://www.deezer.com/artist/4448489,MX
50683152,Banda MS de Sergio Lizárraga,2804334,https://www.deezer.com/artist/50683152,MX
324302,Chuy Lizarraga y Su Banda Tierra Sinaloense,107569,https://www.deezer.com/artist/324302,
345055,La Arrolladora Banda El Limón De Rene Camacho,1547565,https://www.deezer.com/artist/345055,
416072,Banda Los Recoditos,1052484,https://www.deezer.com/artist/416072,MX
1273729,La Original Banda El Limón De Salvador Lizárraga,408310,https://www.deezer.com/artist/1273729,MX
14803977,La Adictiva,151631,https://www.deezer.com/artist/14803977,
16644,Intocable,641541,https://www.deezer.com/artist/16644,US
324415,Banda Carnaval,442938,https://www.deezer.com/artist/324415,MX
363128,Julion Alvarez Y Su Norteño Banda,1809508,https://www.deezer.com/artist/363128,
74882,3OH!3,237890,https://www.deezer.com/artist/74882,US
1595755,El Mimoso Luis Antonio López,187597,https://www.deezer.com/artist/1595755,MX
7610132,Luis Alfonso Partida El Yaki,119900,https://www.deezer.com/artist/7610132,
468783,Gerardo Ortiz,1362386,https://www.deezer.com/artist/468783,US
85216072,"Luis Angel ""El Flaco""",221381,https://www.deezer.com/artist/85216072,
4044277,Remmy Valenzuela,357880,https://www.deezer.com/artist/4044277,MX
4400189,Luis Coronel,137157,https://www.deezer.com/artist/4400189,
98005,Pancho Barraza,206340,https://www.deezer.com/artist/98005,MX
13408,Los Bukis,655908,https://www.deezer.com/artist/13408,MX
361398,Neon Trees,137374,https://www.deezer.com/artist/361398,US
373939,Los Temerarios,992692,https://www.deezer.com/artist/373939,MX
244019,Grupo Bryndis,407858,https://www.deezer.com/artist/244019,MX
363049,Liberación,290088,https://www.deezer.com/artist/363049,MX
373917,Los Rehenes,172735,https://www.deezer.com/artist/373917,MX
1402496,Ladrón,125533,https://www.deezer.com/artist/1402496,MX
67976,Los Acosta,341162,https://www.deezer.com/artist/67976,MX
115526,Los Caminantes,309500,https://www.deezer.com/artist/115526,
323533,Industria Del Amor,138103,https://www.deezer.com/artist/323533,
9480512,Neutro Shorty,119522,https://www.deezer.com/artist/9480512,VE
8613614,Eladio Carrion,615592,https://www.deezer.com/artist/8613614,
551524,La Sonora Santanera,206785,https://www.deezer.com/artist/551524,MX
427303,Enjambre,348863,https://www.deezer.com/artist/427303,MX
3468021,León Larregui,508100,https://www.deezer.com/artist/3468021,MX
16118,Los Bunkers,356121,https://www.deezer.com/artist/16118,CL
4173,Kinky,131170,https://www.deezer.com/artist/4173,
4623881,El Haragan Y Compania,123744,https://www.deezer.com/artist/4623881,
471189,Liran' Roll,114344,https://www.deezer.com/artist/471189,MX
243512,El Gran Silencio,155176,https://www.deezer.com/artist/243512,MX
4300,Charly García,198959,https://www.deezer.com/artist/4300,AR
15779,No te va Gustar,377953,https://www.deezer.com/artist/15779,UY
10594,Attaque 77,113825,https://www.deezer.com/artist/10594,AR
4903,Bersuit Vergarabat,102109,https://www.deezer.com/artist/4903,AR
75041,Luis Alberto Spinetta,134472,https://www.deezer.com/artist/75041,AR
448758,Los Caligaris,223904,https://www.deezer.com/artist/448758,AR
1626113,Daniel Avery,176389,https://www.deezer.com/artist/1626113,GB
14539467,Carin Leon,1062179,https://www.deezer.com/artist/14539467,MX
8986600,Los Plebes del Rancho de Ariel Camacho,524516,https://www.deezer.com/artist/8986600,MX
4414006,Edén Muñoz,282724,https://www.deezer.com/artist/4414006,MX
9896010,Grupo Firme,1451964,https://www.deezer.com/artist/9896010,MX
7201102,Grupo Frontera,315203,https://www.deezer.com/artist/7201102,US
7974,Panteón Rococó,698222,https://www.deezer.com/artist/7974,MX
16637,Inspector,374675,https://www.deezer.com/artist/16637,
10368,Los Estrambóticos,103025,https://www.deezer.com/artist/10368,MX
9444014,AJ Tracey,170600,https://www.deezer.com/artist/9444014,GB
507896,Aitch,167574,https://www.deezer.com/artist/507896,
4841158,Stormzy,857247,https://www.deezer.com/artist/4841158,GB
11256100,Dave,534905,https://www.deezer.com/artist/11256100,
12676237,Headie One,106902,https://www.deezer.com/artist/12676237,GB
8686994,Tion Wayne,123609,https://www.deezer.com/artist/8686994,GB
245209,Los Angeles Negros,119332,https://www.deezer.com/artist/245209,
13025,Stephen Marley,526164,https://www.deezer.com/artist/13025,JM
1198500,Jorge Oñate,175029,https://www.deezer.com/artist/1198500,CO
10606,Mercedes Sosa,138736,https://www.deezer.com/artist/10606,AR
7065,Gregory Isaacs,789760,https://www.deezer.com/artist/7065,JM
7056,Dennis Brown,263136,https://www.deezer.com/artist/7056,JM
3603,Black Uhuru,155654,https://www.deezer.com/artist/3603,JM
10094,Don Carlos,152733,https://www.deezer.com/artist/10094,
2722,Horace Andy,149772,https://www.deezer.com/artist/2722,JM
5184,Max Romeo,559407,https://www.deezer.com/artist/5184,JM
7079,Culture,141484,https://www.deezer.com/artist/7079,
2252,The Gladiators,290396,https://www.deezer.com/artist/2252,GB
152789,Pnau,451186,https://www.deezer.com/artist/152789,AU
2768,Ken Boothe,130962,https://www.deezer.com/artist/2768,JM
3757,"Lee ""Scratch"" Perry",206584,https://www.deezer.com/artist/3757,
719,Bob Marley & The Wailers,12288573,https://www.deezer.com/artist/719,JM
10698,The Upsetters,296978,https://www.deezer.com/artist/10698,
580,Aphex Twin,587789,https://www.deezer.com/artist/580,GB
5983,Clark,291688,https://www.deezer.com/artist/5983,
2322,Groundation,342925,https://www.deezer.com/artist/2322,US
5995,Ziggy Marley,553195,https://www.deezer.com/artist/5995,JM
6006756,Tom Misch,108820,https://www.deezer.com/artist/6006756,GB
5123,Charles Mingus,140558,https://www.deezer.com/artist/5123,US
69959,Keb' Mo',100198,https://www.deezer.com/artist/69959,
9522,Elmore James,114008,https://www.deezer.com/artist/9522,US
8568,Chick Corea,404031,https://www.deezer.com/artist/8568,US
1293,Astrud Gilberto,147067,https://www.deezer.com/artist/1293,BR
4085,Antônio Carlos Jobim,569786,https://www.deezer.com/artist/4085,BR
4877396,RUGGERO,222321,https://www.deezer.com/artist/4877396,IT
4047894,Jorge Blanco,117430,https://www.deezer.com/artist/4047894,
5324672,Evaluna Montaner,396524,https://www.deezer.com/artist/5324672,VE
280640,Johannes Oerding,202684,https://www.deezer.com/artist/280640,DE
128,Sarah Connor,423177,https://www.deezer.com/artist/128,
875241,Adel Tawil,166436,https://www.deezer.com/artist/875241,DE
1410720,Glasperlenspiel,102141,https://www.deezer.com/artist/1410720,DE
16745,Estelle,117255,https://www.deezer.com/artist/16745,
4885,Clueso,159832,https://www.deezer.com/artist/4885,DE
89192,LEA,452261,https://www.deezer.com/artist/89192,
72502,Philipp Poisel,120141,https://www.deezer.com/artist/72502,DE
75354,Khaled,710774,https://www.deezer.com/artist/75354,
369056,Bicep,362240,https://www.deezer.com/artist/369056,GB
179975,Solomun,105486,https://www.deezer.com/artist/179975,BA
398752,The Band Perry,106336,https://www.deezer.com/artist/398752,US
1497,Die Toten Hosen,394552,https://www.deezer.com/artist/1497,DE
6283,Xavier Naidoo,259198,https://www.deezer.com/artist/6283,DE
5112746,Dan + Shay,125639,https://www.deezer.com/artist/5112746,US
2144511,Florida Georgia Line,340223,https://www.deezer.com/artist/2144511,US
1538,The Crystal Method,326166,https://www.deezer.com/artist/1538,US
827425,Kane Brown,253794,https://www.deezer.com/artist/827425,US
4568,Herbert Grönemeyer,169703,https://www.deezer.com/artist/4568,DE
5469,Laurent Garnier,107531,https://www.deezer.com/artist/5469,FR
13358,Kavinsky,493156,https://www.deezer.com/artist/13358,FR
10668131,Lil Pump,673425,https://www.deezer.com/artist/10668131,US
392220,Brantley Gilbert,201736,https://www.deezer.com/artist/392220,US
912,Apocalyptica,492825,https://www.deezer.com/artist/912,FI
57077,Sonny Boy Williamson,122471,https://www.deezer.com/artist/57077,US
62359,Jimmy Reed,117218,https://www.deezer.com/artist/62359,US
5580,John Petrucci,119565,https://www.deezer.com/artist/5580,US
3255,Tokio Hotel,404948,https://www.deezer.com/artist/3255,DE
120,In Flames,288826,https://www.deezer.com/artist/120,SE
1534419,Pentatonix,451922,https://www.deezer.com/artist/1534419,US
13623,In This Moment,182760,https://www.deezer.com/artist/13623,US
131886,Motionless In White,279714,https://www.deezer.com/artist/131886,US
7185748,I Prevail,178891,https://www.deezer.com/artist/7185748,US
428675,mgk,599372,https://www.deezer.com/artist/428675,US
13612387,Måneskin,1000865,https://www.deezer.com/artist/13612387,IT
324922,Grandson,115827,https://www.deezer.com/artist/324922,CA
11420468,Lil Peep,1267125,https://www.deezer.com/artist/11420468,US
11167720,Lil Xan,266052,https://www.deezer.com/artist/11167720,US
68249,Our Last Night,124129,https://www.deezer.com/artist/68249,US
12874,Bring Me the Horizon,1308296,https://www.deezer.com/artist/12874,GB
159449,Gotye,419695,https://www.deezer.com/artist/159449,AU
2216,Lamb of God,488515,https://www.deezer.com/artist/2216,US
537,Soulfly,208205,https://www.deezer.com/artist/537,US
5579,Eisbrecher,109769,https://www.deezer.com/artist/5579,DE
8506054,Ghost,610683,https://www.deezer.com/artist/8506054,
261565,The Temper Trap,122980,https://www.deezer.com/artist/261565,AU
320162,Los Rieleros Del Norte,101464,https://www.deezer.com/artist/320162,MX
320165,Conjunto Primavera,562240,https://www.deezer.com/artist/320165,MX
329951,Duelo,261089,https://www.deezer.com/artist/329951,
354247,Los Gigantes del Vallenato,156750,https://www.deezer.com/artist/354247,CO
874884,Voz de Mando,237725,https://www.deezer.com/artist/874884,MX
363112,El Komander,801926,https://www.deezer.com/artist/363112,MX
14858167,Los Dos Carnales,488815,https://www.deezer.com/artist/14858167,US
5230088,El Fantasma,903038,https://www.deezer.com/artist/5230088,MX
1530943,Alfredo Olivas,829425,https://www.deezer.com/artist/1530943,MX
1032511,Regulo Caro,189286,https://www.deezer.com/artist/1032511,
2533031,Banda Tierra Sagrada,171238,https://www.deezer.com/artist/2533031,MX
1650,Patrice,231715,https://www.deezer.com/artist/1650,
391144,Banda Cuisillos,169917,https://www.deezer.com/artist/391144,MX
6016660,Pequeños Musical,211612,https://www.deezer.com/artist/6016660,
363115,Fidel Rueda,107309,https://www.deezer.com/artist/363115,MX
185486,Banda Machos,193431,https://www.deezer.com/artist/185486,MX
7792810,Virlan Garcia,430091,https://www.deezer.com/artist/7792810,
10912482,Ulices Chaidez,275310,https://www.deezer.com/artist/10912482,MX
7602830,Alta Consigna,266650,https://www.deezer.com/artist/7602830,MX
364665,Los Yonic's,223210,https://www.deezer.com/artist/364665,
393600,Larry Hernandez,220199,https://www.deezer.com/artist/393600,
5552795,Lenin Ramírez,358231,https://www.deezer.com/artist/5552795,MX
1206006,Los Buitres De Culiacan Sinaloa,144020,https://www.deezer.com/artist/1206006,
6717,Tito Nieves,268727,https://www.deezer.com/artist/6717,PR
65205,Luis Enrique,106431,https://www.deezer.com/artist/65205,
148586,La Arrolladora Banda El Limon,280847,https://www.deezer.com/artist/148586,
405011,LOS INQUIETOS DEL NORTE,165792,https://www.deezer.com/artist/405011,US
616908,La Sonora Dinamita,505324,https://www.deezer.com/artist/616908,CO
116523,Los Angeles Azules,1523130,https://www.deezer.com/artist/116523,MX
10911,Divididos,112344,https://www.deezer.com/artist/10911,AR
12918,La Renga,163618,https://www.deezer.com/artist/12918,AR
13135,Los Piojos,118437,https://www.deezer.com/artist/13135,AR
1456216,Las Pastillas Del Abuelo,187795,https://www.deezer.com/artist/1456216,AR
1413553,Tan Bionica,210237,https://www.deezer.com/artist/1413553,
61384072,Marca MP,397507,https://www.deezer.com/artist/61384072,US
7614,Gondwana,322980,https://www.deezer.com/artist/7614,
15274,Cultura Profética,541302,https://www.deezer.com/artist/15274,PR
4278295,Dread Mar I,713605,https://www.deezer.com/artist/4278295,AR
471578,Fidel Nadal,127917,https://www.deezer.com/artist/471578,AR
8657430,J Hus,622009,https://www.deezer.com/artist/8657430,GB
12096038,Central Cee,661883,https://www.deezer.com/artist/12096038,GB
87033922,Russ Millions,125024,https://www.deezer.com/artist/87033922,GB
163128877,Electric Callboy,153673,https://www.deezer.com/artist/163128877,DE
288296,Julian Marley,133938,https://www.deezer.com/artist/288296,JM
839,Matisyahu,164884,https://www.deezer.com/artist/839,US
153152092,Xavi,144013,https://www.deezer.com/artist/153152092,
13916083,Fuerza Regida,739378,https://www.deezer.com/artist/13916083,MX
9095678,Grupo Marca Registrada,255660,https://www.deezer.com/artist/9095678,MX
4462268,Adriel Favela,302440,https://www.deezer.com/artist/4462268,US
3233,Public Enemy,244131,https://www.deezer.com/artist/3233,US
2326,Peter Tosh,709958,https://www.deezer.com/artist/2326,JM
10961,Bunny Wailer,181902,https://www.deezer.com/artist/10961,JM
430,Tiken Jah Fakoly,524143,https://www.deezer.com/artist/430,CI
165,UB40,1175981,https://www.deezer.com/artist/165,GB
158868,SOJA,1156411,https://www.deezer.com/artist/158868,
121,Cradle of Filth,273604,https://www.deezer.com/artist/121,GB
4086,Cesária Evora,341482,https://www.deezer.com/artist/4086,
5168,João Gilberto,334716,https://www.deezer.com/artist/5168,BR
152120,Nara Leão,105525,https://www.deezer.com/artist/152120,BR
80624,Toquinho,246249,https://www.deezer.com/artist/80624,BR
15827,Elis Regina,917107,https://www.deezer.com/artist/15827,BR
1968,Vinicius de Moraes,277522,https://www.deezer.com/artist/1968,BR
2077,Gilberto Gil,937582,https://www.deezer.com/artist/2077,BR
64141,Udo Lindenberg,133759,https://www.deezer.com/artist/64141,DE
2211,Nena,123152,https://www.deezer.com/artist/2211,DE
70316,Peter Maffay,123292,https://www.deezer.com/artist/70316,DE
8055,Unheilig,305653,https://www.deezer.com/artist/8055,DE
2219,Lacuna Coil,221477,https://www.deezer.com/artist/2219,IT
1073,Within Temptation,614487,https://www.deezer.com/artist/1073,NL
1343,Epica,478049,https://www.deezer.com/artist/1343,NL
13124535,6IX9INE,759487,https://www.deezer.com/artist/13124535,
69435,SDP,284527,https://www.deezer.com/artist/69435,
4322111,KAYEF,111070,https://www.deezer.com/artist/4322111,DE
1622509,Revolver Cannabis,107574,https://www.deezer.com/artist/1622509,MX
97234,Mi Banda El Mexicano,120695,https://www.deezer.com/artist/97234,MX
14046,August Burns Red,135247,https://www.deezer.com/artist/14046,US
373924,Los Titanes De Durango,129345,https://www.deezer.com/artist/373924,MX
1595770,Enigma Norteño,153865,https://www.deezer.com/artist/1595770,MX
10126174,T3r Elemento,516281,https://www.deezer.com/artist/10126174,MX
2314,Gilberto Santa Rosa,547365,https://www.deezer.com/artist/2314,PR
8650,Victor Manuelle,485291,https://www.deezer.com/artist/8650,
7969,Jerry Rivera,725865,https://www.deezer.com/artist/7969,PR
16107,Grupo Niche,730984,https://www.deezer.com/artist/16107,CO
16240,Frankie Ruiz,395044,https://www.deezer.com/artist/16240,US
8734,Eddie Santiago,381875,https://www.deezer.com/artist/8734,PR
12544,Oscar D'León,212850,https://www.deezer.com/artist/12544,
994184,Los Angeles de Charly,221727,https://www.deezer.com/artist/994184,
11674815,Lil Tracy,139998,https://www.deezer.com/artist/11674815,US
10159994,$uicideboy$,697360,https://www.deezer.com/artist/10159994,US
11513259,Grupo Codiciado,224985,https://www.deezer.com/artist/11513259,MX
6999391,Aldo Trujillo,152273,https://www.deezer.com/artist/6999391,MX
11366354,Not3s,124190,https://www.deezer.com/artist/11366354,GB
8550304,Yxng Bane,197059,https://www.deezer.com/artist/8550304,GB
14004075,Luis R Conriquez,270532,https://www.deezer.com/artist/14004075,
7583722,Gabito Ballesteros,130543,https://www.deezer.com/artist/7583722,MX
197607707,Chino Pacas,107392,https://www.deezer.com/artist/197607707,MX
85874042,Eslabon Armado,320736,https://www.deezer.com/artist/85874042,
80365122,Peso Pluma,504871,https://www.deezer.com/artist/80365122,MX
101282642,Óscar Maydon,109978,https://www.deezer.com/artist/101282642,MX
2425,Jimmy Cliff,1036953,https://www.deezer.com/artist/2425,JM
54047652,Junior H,764928,https://www.deezer.com/artist/54047652,MX
15304117,Natanael Cano,1147149,https://www.deezer.com/artist/15304117,MX
216346095,Tito Double P,160733,https://www.deezer.com/artist/216346095,MX
7894386,Namika,199481,https://www.deezer.com/artist/7894386,DE
15736,Mayra Andrade,136298,https://www.deezer.com/artist/15736,CV
5251,Pierpoljak,122806,https://www.deezer.com/artist/5251,FR
58707,Danakil,501028,https://www.deezer.com/artist/58707,FR
308253,Dub Inc,610135,https://www.deezer.com/artist/308253,FR
79236,Run-DMC,291253,https://www.deezer.com/artist/79236,US
7010,The Wailers,903116,https://www.deezer.com/artist/7010,JM
112,Marc Anthony,2604391,https://www.deezer.com/artist/112,DE
6573,Morodo,189820,https://www.deezer.com/artist/6573,ES
7966600,LEGADO 7,196534,https://www.deezer.com/artist/7966600,
4325688,Mike Singer,100818,https://www.deezer.com/artist/4325688,DE
110592,Tarja Turunen,175973,https://www.deezer.com/artist/110592,FI
190482,Tito Rojas,221179,https://www.deezer.com/artist/190482,PR
102704,Willie Gonzalez,174019,https://www.deezer.com/artist/102704,
13387589,Herencia de Patrones,238859,https://www.deezer.com/artist/13387589,
232,Caetano Veloso,2172299,https://www.deezer.com/artist/232,BR
12038,Gal Costa,582382,https://www.deezer.com/artist/12038,BR
15588,Maria Bethânia,639837,https://www.deezer.com/artist/15588,BR
14687,Djavan,1834093,https://www.deezer.com/artist/14687,BR
3543,Chico Buarque,1002290,https://www.deezer.com/artist/3543,BR
15552,Ney Matogrosso,320459,https://www.deezer.com/artist/15552,BR
4720,Milton Nascimento,554488,https://www.deezer.com/artist/4720,BR
186011,Luiz Melodia,121494,https://www.deezer.com/artist/186011,BR
9727,Elza Soares,142634,https://www.deezer.com/artist/9727,BR
12718,Chico César,136307,https://www.deezer.com/artist/12718,BR
183051,Erasmo Carlos,107208,https://www.deezer.com/artist/183051,BR
4917,Jorge Ben Jor,500663,https://www.deezer.com/artist/4917,BR
12407,Geraldo Azevedo,443918,https://www.deezer.com/artist/12407,BR
110746,Alceu Valença,937584,https://www.deezer.com/artist/110746,BR
13523,Marisa Monte,1576012,https://www.deezer.com/artist/13523,BR
12727,João Bosco,104627,https://www.deezer.com/artist/12727,BR
95238,Andy Montañez,168299,https://www.deezer.com/artist/95238,PR
15796,Rubén Blades,395125,https://www.deezer.com/artist/15796,PA
152107,Fruko Y Sus Tesos,117126,https://www.deezer.com/artist/152107,CO
331851,Joe Arroyo,404105,https://www.deezer.com/artist/331851,CO
5611,Willie Colón,474165,https://www.deezer.com/artist/5611,US
94024,Héctor Lavoe,395869,https://www.deezer.com/artist/94024,PR
9676,El Gran Combo de Puerto Rico,249750,https://www.deezer.com/artist/9676,PR
1256555,El Gran Combo,686655,https://www.deezer.com/artist/1256555,PR
6916,Yaniss Odua,192240,https://www.deezer.com/artist/6916,FR
2577241,Naâman,394302,https://www.deezer.com/artist/2577241,FR
2637,Culcha Candela,245842,https://www.deezer.com/artist/2637,DE
3575501,257ers,177927,https://www.deezer.com/artist/3575501,DE
4533495,Gestört Aber GeiL,265690,https://www.deezer.com/artist/4533495,DE
1275238,Pietro Lombardi,314624,https://www.deezer.com/artist/1275238,DE
807296,Amaranthe,172309,https://www.deezer.com/artist/807296,SE
8803,Falco,102825,https://www.deezer.com/artist/8803,
9743,Ivan Lins,141409,https://www.deezer.com/artist/9743,BR
241608,MPB4,113392,https://www.deezer.com/artist/241608,BR
5024,Celia Cruz,308482,https://www.deezer.com/artist/5024,CU
12022,Sabaton,410965,https://www.deezer.com/artist/12022,SE
428405,Powerwolf,251576,https://www.deezer.com/artist/428405,DE
363102,El Trono de Mexico,139942,https://www.deezer.com/artist/363102,
106096,Pouya,107142,https://www.deezer.com/artist/106096,US
7150049,Ghostemane,442369,https://www.deezer.com/artist/7150049,US
4333,Adriana Calcanhotto,654423,https://www.deezer.com/artist/4333,BR
1481474,MoTrip,136593,https://www.deezer.com/artist/1481474,DE
12039,Sido,1327666,https://www.deezer.com/artist/12039,
4334,Maria Rita,564402,https://www.deezer.com/artist/4334,BR
13704,Tim Maia,1109329,https://www.deezer.com/artist/13704,BR
1606,Seu Jorge,1185400,https://www.deezer.com/artist/1606,BR
6253,Eluveitie,202694,https://www.deezer.com/artist/6253,CH
1893,Rita Lee,973945,https://www.deezer.com/artist/1893,BR
244698,Jorge Vercillo,440181,https://www.deezer.com/artist/244698,BR
12614,Zeca Baleiro,729500,https://www.deezer.com/artist/12614,BR
7144,Ana Carolina,1863462,https://www.deezer.com/artist/7144,
16993,Vanessa da Mata,1057260,https://www.deezer.com/artist/16993,BR
8014,Tribalistas,359840,https://www.deezer.com/artist/8014,BR
796553,Trailerpark,114506,https://www.deezer.com/artist/796553,
5095554,K.I.Z,281909,https://www.deezer.com/artist/5095554,DE
12920,Deichkind,270957,https://www.deezer.com/artist/12920,DE
1191410,Alligatoah,535914,https://www.deezer.com/artist/1191410,DE
167362,Marteria,430682,https://www.deezer.com/artist/167362,DE
12030,Lenine,546318,https://www.deezer.com/artist/12030,BR
243988,Gonzaguinha,268661,https://www.deezer.com/artist/243988,BR
95768,Belchior,570379,https://www.deezer.com/artist/95768,BR
64820,Oswaldo Montenegro,209183,https://www.deezer.com/artist/64820,BR
7613,Roberto Carlos,2054605,https://www.deezer.com/artist/7613,BR
72034,Fagner,813951,https://www.deezer.com/artist/72034,BR
67655,Sandra De Sá,121017,https://www.deezer.com/artist/67655,BR
244037,Guilherme Arantes,265312,https://www.deezer.com/artist/244037,BR
10541089,Scarlxrd,170629,https://www.deezer.com/artist/10541089,GB
9220,Zélia Duncan,262832,https://www.deezer.com/artist/9220,BR
446167,Maria Gadú,1128464,https://www.deezer.com/artist/446167,BR
15853,Elba Ramalho,485445,https://www.deezer.com/artist/15853,BR
215594,Zé Ramalho,1610076,https://www.deezer.com/artist/215594,BR
95506,Roberta Sá,156367,https://www.deezer.com/artist/95506,BR
70387,Roland Kaiser,237745,https://www.deezer.com/artist/70387,DE
215668,Helene Fischer,1023801,https://www.deezer.com/artist/215668,DE
110754,Matthias Reim,281939,https://www.deezer.com/artist/110754,DE
1083,DJ Ötzi,163673,https://www.deezer.com/artist/1083,AT
16317,Andrea Berg,249912,https://www.deezer.com/artist/16317,DE
5645,Michelle,182384,https://www.deezer.com/artist/5645,
8123405,Kerstin Ott,195042,https://www.deezer.com/artist/8123405,DE
242661,Beto Guedes,102725,https://www.deezer.com/artist/242661,BR
11552,Bushido,778033,https://www.deezer.com/artist/11552,
72038,Kool Savas,392670,https://www.deezer.com/artist/72038,DE
13198,Eko Fresh,298501,https://www.deezer.com/artist/13198,DE
7881,Fler,220130,https://www.deezer.com/artist/7881,DE
1684527,Kontra K,1150094,https://www.deezer.com/artist/1684527,DE
3574681,Genetikk,192347,https://www.deezer.com/artist/3574681,DE
175885,Fard,235571,https://www.deezer.com/artist/175885,DE
438567,Kay One,472897,https://www.deezer.com/artist/438567,DE
396351,Casper,401489,https://www.deezer.com/artist/396351,PR
14956079,Apache 207,754032,https://www.deezer.com/artist/14956079,DE
5210092,Bausa,244604,https://www.deezer.com/artist/5210092,DE
114870,Luciana Mello,118937,https://www.deezer.com/artist/114870,BR
65623,Nando Reis,1569837,https://www.deezer.com/artist/65623,BR
14578,Cazuza,1214668,https://www.deezer.com/artist/14578,BR
204899,Marina Lima,170554,https://www.deezer.com/artist/204899,BR
13576,Cássia Eller,1267339,https://www.deezer.com/artist/13576,BR
13584,Lulu Santos,1264381,https://www.deezer.com/artist/13584,BR
17283,Kid Abelha,1029761,https://www.deezer.com/artist/17283,BR
12144,Raul Seixas,1132263,https://www.deezer.com/artist/12144,BR
314749,Fabio Jr.,571251,https://www.deezer.com/artist/314749,
244675,José Augusto,278447,https://www.deezer.com/artist/244675,
295770,Ana Cañas,168263,https://www.deezer.com/artist/295770,BR
7568478,Vanessa Mai,299387,https://www.deezer.com/artist/7568478,DE
11142002,Ben Zucker,118231,https://www.deezer.com/artist/11142002,
245293,Luiza Possi,182446,https://www.deezer.com/artist/245293,BR
15846,Alcione,676275,https://www.deezer.com/artist/15846,BR
12459,Paulinho da Viola,190993,https://www.deezer.com/artist/12459,BR
12762,Martinho da Vila,562516,https://www.deezer.com/artist/12762,BR
12449,Beth Carvalho,481418,https://www.deezer.com/artist/12449,BR
12524,Clara Nunes,164843,https://www.deezer.com/artist/12524,BR
1419227,Maite Kelly,150323,https://www.deezer.com/artist/1419227,DE
16476,Roupa Nova,1495404,https://www.deezer.com/artist/16476,BR
243744,Flavio Venturini,107508,https://www.deezer.com/artist/243744,BR
2415341,CRO,1320941,https://www.deezer.com/artist/2415341,
985101,Kraftklub,296921,https://www.deezer.com/artist/985101,DE
469715,Tiê,189495,https://www.deezer.com/artist/469715,BR
382369,Roberta Campos,120799,https://www.deezer.com/artist/382369,BR
68030,Silva,254506,https://www.deezer.com/artist/68030,
52281412,Nina Chuba,124372,https://www.deezer.com/artist/52281412,DE
54185,Luiz Gonzaga,418786,https://www.deezer.com/artist/54185,BR
13682,Dominguinhos,216877,https://www.deezer.com/artist/13682,BR
8328,Azad,105583,https://www.deezer.com/artist/8328,
472089,Kollegah,1043289,https://www.deezer.com/artist/472089,DE
2169401,KC Rebell,922573,https://www.deezer.com/artist/2169401,DE
98576,Massiv,132198,https://www.deezer.com/artist/98576,DE
4959736,Shindy,160564,https://www.deezer.com/artist/4959736,DE
1689466,PA Sports,182746,https://www.deezer.com/artist/1689466,DE
5012145,Majoe,195149,https://www.deezer.com/artist/5012145,DE
242185,Adoniran Barbosa,110402,https://www.deezer.com/artist/242185,BR
15551,Cartola,230188,https://www.deezer.com/artist/15551,BR
434727,Dona Ivone Lara,150104,https://www.deezer.com/artist/434727,BR
16016,Bezerra Da Silva,207708,https://www.deezer.com/artist/16016,BR
7691,Los Hermanos,671069,https://www.deezer.com/artist/7691,
65290,Frejat,373315,https://www.deezer.com/artist/65290,BR
13946,Barão Vermelho,735531,https://www.deezer.com/artist/13946,BR
16230,Os Paralamas do Sucesso,1560212,https://www.deezer.com/artist/16230,BR
17005,Titãs,1298669,https://www.deezer.com/artist/17005,BR
14570,Biquini Cavadão,605996,https://www.deezer.com/artist/14570,BR
13545,Skank,1618356,https://www.deezer.com/artist/13545,
13521,Jota Quest,1383331,https://www.deezer.com/artist/13521,BR
1294975,TIAGO IORC,939455,https://www.deezer.com/artist/1294975,BR
11667655,Ana Vilela,216480,https://www.deezer.com/artist/11667655,BR
5638523,Teatro Mágico,168273,https://www.deezer.com/artist/5638523,
7765128,ANAVITÓRIA,1811902,https://www.deezer.com/artist/7765128,BR
1401723,Flávio José,178103,https://www.deezer.com/artist/1401723,BR
494518,Falamansa,248379,https://www.deezer.com/artist/494518,BR
12530,Jorge Aragão,602154,https://www.deezer.com/artist/12530,BR
188053,Zeca Pagodinho,1429574,https://www.deezer.com/artist/188053,BR
96832,Leci Brandão,195742,https://www.deezer.com/artist/96832,BR
242126,Diogo Nogueira,986036,https://www.deezer.com/artist/242126,BR
144342,Grupo Fundo De Quintal,552653,https://www.deezer.com/artist/144342,BR
320399,Mallu Magalhães,161524,https://www.deezer.com/artist/320399,BR
1593210,5 a Seco,122652,https://www.deezer.com/artist/1593210,BR
52942802,Gilsons,117598,https://www.deezer.com/artist/52942802,BR
5175588,Rubel,189480,https://www.deezer.com/artist/5175588,BR
1597464,Marcelo Jeneci,167123,https://www.deezer.com/artist/1597464,BR
125532822,AYLIVA,276760,https://www.deezer.com/artist/125532822,DE
8912,Blitz,161726,https://www.deezer.com/artist/8912,
307151,Samra,515501,https://www.deezer.com/artist/307151,
1575905,Summer Cem,512860,https://www.deezer.com/artist/1575905,TR
49634222,Juju,185594,https://www.deezer.com/artist/49634222,
7312776,Shirin David,223748,https://www.deezer.com/artist/7312776,DE
9602094,Capital Bra,1242837,https://www.deezer.com/artist/9602094,DE
494525,Arlindo Cruz,857205,https://www.deezer.com/artist/494525,BR
192616,Almir Guineto,216063,https://www.deezer.com/artist/192616,BR
432809,Dudu Nobre,188165,https://www.deezer.com/artist/432809,BR
16275,Capital Inicial,2039374,https://www.deezer.com/artist/16275,BR
61883,RPM,488968,https://www.deezer.com/artist/61883,GB
15051551,Loredana,440094,https://www.deezer.com/artist/15051551,
363472,Farid Bang,506630,https://www.deezer.com/artist/363472,DE
5254940,Olexesh,243729,https://www.deezer.com/artist/5254940,DE
1316607,Veysel,253359,https://www.deezer.com/artist/1316607,DE
3581341,Celo & Abdi,134709,https://www.deezer.com/artist/3581341,DE
67062,Ultraje A Rigor,336884,https://www.deezer.com/artist/67062,BR
1075570,Reinaldo,173910,https://www.deezer.com/artist/1075570,UY
1660131,UFO361,529973,https://www.deezer.com/artist/1660131,DE
12632197,Luciano,543829,https://www.deezer.com/artist/12632197,CL
10448666,Dardan,234849,https://www.deezer.com/artist/10448666,DE
1355105,Nimo,485838,https://www.deezer.com/artist/1355105,JP
10194296,AK Ausserkontrolle,237541,https://www.deezer.com/artist/10194296,DE
492716,RIN,129635,https://www.deezer.com/artist/492716,JP
89496,CAPO,260106,https://www.deezer.com/artist/89496,
305566,Eno,249900,https://www.deezer.com/artist/305566,GB
1646314,Xande De Pilares,872295,https://www.deezer.com/artist/1646314,BR
16893,Grupo Revelação,1249894,https://www.deezer.com/artist/16893,BR
57548052,Agnes Nunes,127310,https://www.deezer.com/artist/57548052,BR
10920742,Liniker e os Caramelows,147067,https://www.deezer.com/artist/10920742,BR
1265248,Tulipa Ruiz,136817,https://www.deezer.com/artist/1265248,BR
12815,Pitty,1392624,https://www.deezer.com/artist/12815,
16256,Detonautas,565274,https://www.deezer.com/artist/16256,BR
56262322,Fero47,159116,https://www.deezer.com/artist/56262322,DE
8260054,Azet,334356,https://www.deezer.com/artist/8260054,
9708982,Melim,1843934,https://www.deezer.com/artist/9708982,BR
10919746,Kell Smith,195404,https://www.deezer.com/artist/10919746,BR
10305756,OUTROEU,111915,https://www.deezer.com/artist/10305756,BR
10877418,Miami Yacine,204974,https://www.deezer.com/artist/10877418,DE
5026705,Zuna,290492,https://www.deezer.com/artist/5026705,DE
66479,Raimundos,956633,https://www.deezer.com/artist/66479,BR
9151334,Liniker,215656,https://www.deezer.com/artist/9151334,BR
4086965,Kurdo,304863,https://www.deezer.com/artist/4086965,DE
5482652,Gabi Luthai,313541,https://www.deezer.com/artist/5482652,BR
12526962,Ana Gabriela,293898,https://www.deezer.com/artist/12526962,BR
7746050,Vitor Kley,724113,https://www.deezer.com/artist/7746050,BR
1498442,Mastruz Com Leite,504140,https://www.deezer.com/artist/1498442,BR
3574561,Xatar,154517,https://www.deezer.com/artist/3574561,DE
807606,Haftbefehl,369441,https://www.deezer.com/artist/807606,DE
423066,Péricles,2618344,https://www.deezer.com/artist/423066,BR
192542,Bom Gosto,830299,https://www.deezer.com/artist/192542,BR
243657,Exaltasamba,1313490,https://www.deezer.com/artist/243657,BR
1646315,Mumuzinho,1312815,https://www.deezer.com/artist/1646315,BR
48634472,Vou pro Sereno,409649,https://www.deezer.com/artist/48634472,BR
373974,Turma do Pagode,2868933,https://www.deezer.com/artist/373974,BR
147184,Pixote,1521586,https://www.deezer.com/artist/147184,BR
4778560,Grupo Clareou,436636,https://www.deezer.com/artist/4778560,BR
1561230,Pique Novo,354071,https://www.deezer.com/artist/1561230,
4397349,Ferrugem,3395644,https://www.deezer.com/artist/4397349,BR
9803116,Tiee,575656,https://www.deezer.com/artist/9803116,BR
1644275,Thiaguinho,4853188,https://www.deezer.com/artist/1644275,BR
77057,Só Pra Contrariar,907030,https://www.deezer.com/artist/77057,BR
6121,Alexandre Pires,1208099,https://www.deezer.com/artist/6121,BR
14639121,DUDA BEAT,260343,https://www.deezer.com/artist/14639121,BR
107581,Céu,143703,https://www.deezer.com/artist/107581,BR
195222,Preta Gil,380198,https://www.deezer.com/artist/195222,BR
4719704,Gabriel Elias,247136,https://www.deezer.com/artist/4719704,BR
1048967,Manu Gavassi,632005,https://www.deezer.com/artist/1048967,BR
369202,Cavalo De Pau,188712,https://www.deezer.com/artist/369202,
98205,Limão Com Mel,491730,https://www.deezer.com/artist/98205,BR
5314600,Brasas do Forró,111338,https://www.deezer.com/artist/5314600,
379465,Banda Magníficos,420443,https://www.deezer.com/artist/379465,BR
242907,Cavaleiros do Forró,473607,https://www.deezer.com/artist/242907,BR
794505,Calcinha Preta,731661,https://www.deezer.com/artist/794505,BR
5303588,Noda de Caju,119519,https://www.deezer.com/artist/5303588,
1419381,RAF Camora,1203384,https://www.deezer.com/artist/1419381,AT
5095703,SSIO,183249,https://www.deezer.com/artist/5095703,DE
8222632,Lagum,373967,https://www.deezer.com/artist/8222632,BR
10502405,Zeeba,266932,https://www.deezer.com/artist/10502405,BR
1209354,NX Zero,801487,https://www.deezer.com/artist/1209354,BR
13544,CPM 22,943190,https://www.deezer.com/artist/13544,BR
8691,Charlie Brown Jr.,3966683,https://www.deezer.com/artist/8691,BR
698,Mamonas Assassinas,475335,https://www.deezer.com/artist/698,BR
516265,Marina Sena,228315,https://www.deezer.com/artist/516265,BR
5139444,Bonez MC,709526,https://www.deezer.com/artist/5139444,DE
102544,Katinguele,177121,https://www.deezer.com/artist/102544,
281161,Molejo,263593,https://www.deezer.com/artist/281161,BR
315082,Raça Negra,2068798,https://www.deezer.com/artist/315082,BR
240336,Soweto,192435,https://www.deezer.com/artist/240336,
264313,Os Travessos,468216,https://www.deezer.com/artist/264313,BR
495929,Bokaloka,178139,https://www.deezer.com/artist/495929,
4247478,Desejo De Menina,338835,https://www.deezer.com/artist/4247478,
4140436,Banda Líbanos,118824,https://www.deezer.com/artist/4140436,
1092645,Aviões do Forró,1653740,https://www.deezer.com/artist/1092645,BR
5303587,Forrozão Tropykalia,124389,https://www.deezer.com/artist/5303587,
13534745,Raí Saia Rodada,1531388,https://www.deezer.com/artist/13534745,BR
51512592,GIULIA BE,450246,https://www.deezer.com/artist/51512592,BR
533912,Doce Encontro,163467,https://www.deezer.com/artist/533912,BR
312131,Jeito Moleque,835339,https://www.deezer.com/artist/312131,BR
361646,Fresno,275012,https://www.deezer.com/artist/361646,
255385,Malta,195334,https://www.deezer.com/artist/255385,JP
5095768,Onze:20,700357,https://www.deezer.com/artist/5095768,
362764,Sorriso Maroto,3849133,https://www.deezer.com/artist/362764,BR
5417614,Dilsinho,3960787,https://www.deezer.com/artist/5417614,BR
12710203,Di Propósito,440214,https://www.deezer.com/artist/12710203,BR
256270,Rodriguinho,686989,https://www.deezer.com/artist/256270,
244332,Imaginasamba,838532,https://www.deezer.com/artist/244332,BR
54330242,Grupo Menos É Mais,2240070,https://www.deezer.com/artist/54330242,BR
114802912,Kamisa 10,291067,https://www.deezer.com/artist/114802912,BR
5931809,Vitinho,634651,https://www.deezer.com/artist/5931809,BR
238486,Suel,451587,https://www.deezer.com/artist/238486,DE
17089,Gabriel o Pensador,646661,https://www.deezer.com/artist/17089,BR
10220698,Vou Zuar,106127,https://www.deezer.com/artist/10220698,BR
3970231,Gzuz,916870,https://www.deezer.com/artist/3970231,DE
63515642,Maxwell,160122,https://www.deezer.com/artist/63515642,
311279,Lx,161957,https://www.deezer.com/artist/311279,GB
278828,187 Strassenbande,340726,https://www.deezer.com/artist/278828,DE
7892860,Urias,100357,https://www.deezer.com/artist/7892860,
1401721,Swing & Simpatia,117414,https://www.deezer.com/artist/1401721,
5368499,Malla 100 Alça,164989,https://www.deezer.com/artist/5368499,
4742533,Moleca 100 Vergonha,190756,https://www.deezer.com/artist/4742533,
6077584,Mara Pavanelly,175881,https://www.deezer.com/artist/6077584,BR
8933254,Márcia Fellipe,884407,https://www.deezer.com/artist/8933254,BR
179512,Sambô,294400,https://www.deezer.com/artist/179512,BR
8647,Ivete Sangalo,2245252,https://www.deezer.com/artist/8647,BR
262833,IZA,1741483,https://www.deezer.com/artist/262833,
1232997,BaianaSystem,112511,https://www.deezer.com/artist/1232997,BR
12745,Carlinhos Brown,186320,https://www.deezer.com/artist/12745,BR
4456031,Marcelo Falcao,383514,https://www.deezer.com/artist/4456031,
16072,Cidade Negra,648577,https://www.deezer.com/artist/16072,BR
461124,Planet Hemp,238175,https://www.deezer.com/artist/461124,BR
241998,Marcelo D2,1092193,https://www.deezer.com/artist/241998,BR
132937152,FM O Dia,197758,https://www.deezer.com/artist/132937152,
5297266,Jão,724584,https://www.deezer.com/artist/5297266,BR
4224446,Solteirões do Forró,101591,https://www.deezer.com/artist/4224446,
8208130,Taty Girl,180442,https://www.deezer.com/artist/8208130,BR
9910102,Solange Almeida,539429,https://www.deezer.com/artist/9910102,BR
12941,Armandinho,778885,https://www.deezer.com/artist/12941,
5135133,Tá Na Mente,451650,https://www.deezer.com/artist/5135133,
266367,Grupo Sensação,163738,https://www.deezer.com/artist/266367,BR
4649515,Karol Conká,281246,https://www.deezer.com/artist/4649515,BR
9762450,Lia Clark,133934,https://www.deezer.com/artist/9762450,BR
4033307,Emicida,1288265,https://www.deezer.com/artist/4033307,BR
314726,Negra Li,110064,https://www.deezer.com/artist/314726,BR
469683,Projota,3572275,https://www.deezer.com/artist/469683,BR
2531001,Criolo,802429,https://www.deezer.com/artist/2531001,BR
70050122,Marvvila,179563,https://www.deezer.com/artist/70050122,BR
10426250,Zé Cantor,139869,https://www.deezer.com/artist/10426250,
8649,Daniela Mercury,167876,https://www.deezer.com/artist/8649,BR
1236687,Saulo,192034,https://www.deezer.com/artist/1236687,
4833358,Mr. Dan,338820,https://www.deezer.com/artist/4833358,
144068,Claudia Leitte,1246888,https://www.deezer.com/artist/144068,BR
14531,Banda Eva,278804,https://www.deezer.com/artist/14531,BR
3431421,Bell Marques,304075,https://www.deezer.com/artist/3431421,
152180,Timbalada,153187,https://www.deezer.com/artist/152180,BR
298143,Chiclete Com Banana,246728,https://www.deezer.com/artist/298143,BR
167531,É O Tchan,162020,https://www.deezer.com/artist/167531,BR
16124,Natiruts,3123849,https://www.deezer.com/artist/16124,BR
5114288,Maneva,976469,https://www.deezer.com/artist/5114288,BR
242996,Chimarruts,657428,https://www.deezer.com/artist/242996,BR
4089983,PRISCILLA,736074,https://www.deezer.com/artist/4089983,
5409787,Carol Biazin,105211,https://www.deezer.com/artist/5409787,BR
5817388,Vitão,726406,https://www.deezer.com/artist/5817388,BR
4611283,Wesley Safadão,5008907,https://www.deezer.com/artist/4611283,BR
5832280,Xand Avião,2335312,https://www.deezer.com/artist/5832280,BR
10413716,Luan Estilizado,443484,https://www.deezer.com/artist/10413716,
10672471,Mano Walter,1201879,https://www.deezer.com/artist/10672471,BR
124423,Black Alien,198865,https://www.deezer.com/artist/124423,BR
4928598,Fabio Brazza,128165,https://www.deezer.com/artist/4928598,
4068342,Rashid,226390,https://www.deezer.com/artist/4068342,HU
1037578,Oriente,523872,https://www.deezer.com/artist/1037578,BR
13131843,Rap Box,100213,https://www.deezer.com/artist/13131843,BR
99156,Nação Zumbi,162996,https://www.deezer.com/artist/99156,BR
315031,Planta E Raiz,493971,https://www.deezer.com/artist/315031,BR
10803948,Jonas Esticado,805591,https://www.deezer.com/artist/10803948,
10286020,Luísa Sonza,2366761,https://www.deezer.com/artist/10286020,BR
4390053,Anitta,7398131,https://www.deezer.com/artist/4390053,
9848068,Gloria Groove,1421914,https://www.deezer.com/artist/9848068,BR
68221232,Zé Vaqueiro,2540838,https://www.deezer.com/artist/68221232,BR
7317188,Vitor Fernandes,742468,https://www.deezer.com/artist/7317188,
5500771,Eric Land,422539,https://www.deezer.com/artist/5500771,BR
61474832,Os Barões Da Pisadinha,4112689,https://www.deezer.com/artist/61474832,BR
13833249,Henry Freitas,171748,https://www.deezer.com/artist/13833249,BR
8318074,Gabriel Diniz,674733,https://www.deezer.com/artist/8318074,BR
13097199,NATTAN,1007536,https://www.deezer.com/artist/13097199,
6854825,Gigantes do Samba,173338,https://www.deezer.com/artist/6854825,
1604843,Banda Garota Safada,355544,https://www.deezer.com/artist/1604843,
4033308,ConeCrewDiretoria,375836,https://www.deezer.com/artist/4033308,BR
70970,Ponto De Equilíbrio,660790,https://www.deezer.com/artist/70970,BR
5049073,3030,305380,https://www.deezer.com/artist/5049073,BR
12406950,Cynthia Luz,390567,https://www.deezer.com/artist/12406950,BR
10640291,1Kilo,699339,https://www.deezer.com/artist/10640291,
12471680,Orgânico,193097,https://www.deezer.com/artist/12471680,BR
5798710,Haikaiss,491997,https://www.deezer.com/artist/5798710,BR
166430,Choice,161731,https://www.deezer.com/artist/166430,
4545763,Xamã,1257565,https://www.deezer.com/artist/4545763,BR
8629022,Djonga,963868,https://www.deezer.com/artist/8629022,BR
10185674,Avine Vinny,422485,https://www.deezer.com/artist/10185674,
3126151,Tierry,985897,https://www.deezer.com/artist/3126151,BR
8152494,Pedrinho Pegação,120626,https://www.deezer.com/artist/8152494,
131216322,Mari Fernandez,1374829,https://www.deezer.com/artist/131216322,BR
11498422,Kevi Jonny,203558,https://www.deezer.com/artist/11498422,
362980,Asa De Águia,136580,https://www.deezer.com/artist/362980,BR
65531,Olodum,109030,https://www.deezer.com/artist/65531,BR
11301722,Pabllo Vittar,1639656,https://www.deezer.com/artist/11301722,BR
49135961,Rebecca,485068,https://www.deezer.com/artist/49135961,
7351232,Lexa,1531712,https://www.deezer.com/artist/7351232,
50633822,PEDRO SAMPAIO,1747084,https://www.deezer.com/artist/50633822,BR
66952022,POCAH,1144557,https://www.deezer.com/artist/66952022,BR
73396,LUDMILLA,3261620,https://www.deezer.com/artist/73396,HU
63635752,Sant,198990,https://www.deezer.com/artist/63635752,
84292982,Tarcísio do Acordeon,1806339,https://www.deezer.com/artist/84292982,BR
161696942,Iguinho e Lulinha,246322,https://www.deezer.com/artist/161696942,BR
88900572,Vitinho Imperador,190398,https://www.deezer.com/artist/88900572,
7079289,DJ Ivis,337492,https://www.deezer.com/artist/7079289,BR
8403196,ZAAC,402165,https://www.deezer.com/artist/8403196,
1000798,Mato Seco,249462,https://www.deezer.com/artist/1000798,BR
7611526,Felipe Amorim,768677,https://www.deezer.com/artist/7611526,BR
12628099,Kadu Martins,124406,https://www.deezer.com/artist/12628099,BR
5566782,Matheus Fernandes,600170,https://www.deezer.com/artist/5566782,
119719522,Marcynho Sensação,530672,https://www.deezer.com/artist/119719522,BR
12994625,Wallas Arrais,106290,https://www.deezer.com/artist/12994625,BR
108068032,Japinha Conde,347392,https://www.deezer.com/artist/108068032,BR
4542250,Simone & Simaria,4114269,https://www.deezer.com/artist/4542250,BR
82631892,Biu do Piseiro,462790,https://www.deezer.com/artist/82631892,BR
56731592,Brisa Star,318499,https://www.deezer.com/artist/56731592,BR
141153212,Japãozin,437830,https://www.deezer.com/artist/141153212,BR
5001745,Valesca Popozuda,188808,https://www.deezer.com/artist/5001745,BR
104293862,Josué Bom de Faixa,151943,https://www.deezer.com/artist/104293862,
8891108,Tayrone,329846,https://www.deezer.com/artist/8891108,BR
11583679,Unha Pintada,459839,https://www.deezer.com/artist/11583679,
66206512,Nadson O Ferinha,456676,https://www.deezer.com/artist/66206512,
211084,Harmonia Do Samba,398198,https://www.deezer.com/artist/211084,BR
1116539,Psirico,323915,https://www.deezer.com/artist/1116539,BR
101813,Parangolé,332518,https://www.deezer.com/artist/101813,BR
4456001,Léo Santana,1650432,https://www.deezer.com/artist/4456001,BR
11922823,UM44K,263176,https://www.deezer.com/artist/11922823,BR
8121175,Lourena,486492,https://www.deezer.com/artist/8121175,BR
192742,Malibu,109380,https://www.deezer.com/artist/192742,
364582,Gaab,643264,https://www.deezer.com/artist/364582,BR
398961,PK,443808,https://www.deezer.com/artist/398961,
314746,Dorgival Dantas,485378,https://www.deezer.com/artist/314746,BR
5550166,Zezo,355898,https://www.deezer.com/artist/5550166,
4488458,Mano Brown,186571,https://www.deezer.com/artist/4488458,BR
56463732,Sabotage,446769,https://www.deezer.com/artist/56463732,
4448284,DENNIS,1514167,https://www.deezer.com/artist/4448284,
123505,Melody,323811,https://www.deezer.com/artist/123505,
4934011,Cacife Clandestino,156682,https://www.deezer.com/artist/4934011,
7554724,Costa Gold,508748,https://www.deezer.com/artist/7554724,BR
13821771,Cesar MC,370023,https://www.deezer.com/artist/13821771,BR
8212768,Silvanno Salles,321440,https://www.deezer.com/artist/8212768,BR
4934012,Luccas Carlos,313954,https://www.deezer.com/artist/4934012,BR
10813980,Luiz Lins,200066,https://www.deezer.com/artist/10813980,
8670954,Kayuá,133441,https://www.deezer.com/artist/8670954,BR
12896823,Pineapple StormTv,2345053,https://www.deezer.com/artist/12896823,BR
5576810,Zé Felipe,2647347,https://www.deezer.com/artist/5576810,BR
138015062,John Amplificado,121215,https://www.deezer.com/artist/138015062,BR
65459982,Anderson & Vei da Pisadinha,126163,https://www.deezer.com/artist/65459982,BR
54309042,Lambasaia,112929,https://www.deezer.com/artist/54309042,BR
6174642,Mãolee,176738,https://www.deezer.com/artist/6174642,BR
88835182,DG e Batidão Stronda,261998,https://www.deezer.com/artist/88835182,BR
5859499,Pablo,673432,https://www.deezer.com/artist/5859499,
83322832,Thiago Aquino,148424,https://www.deezer.com/artist/83322832,BR
13336803,Devinho Novaes,177078,https://www.deezer.com/artist/13336803,BR
186903217,Evoney Fernandes,101498,https://www.deezer.com/artist/186903217,BR
80755672,Toque Dez,130583,https://www.deezer.com/artist/80755672,
4795158,Heitor Costa,133562,https://www.deezer.com/artist/4795158,
91717162,Natanzinho Lima,465371,https://www.deezer.com/artist/91717162,BR
4633500,BK',422984,https://www.deezer.com/artist/4633500,BR
11136556,Baco Exu do Blues,703017,https://www.deezer.com/artist/11136556,BR
5049074,Filipe Ret,2114893,https://www.deezer.com/artist/5049074,BR
9667370,Froid,385797,https://www.deezer.com/artist/9667370,
45663272,L7NNON,1278629,https://www.deezer.com/artist/45663272,BR
13806415,Major RD,138200,https://www.deezer.com/artist/13806415,BR
13515845,Yasmin Santos,1257431,https://www.deezer.com/artist/13515845,BR
4986093,Naiara Azevedo,2036982,https://www.deezer.com/artist/4986093,BR
6511779,Maiara & Maraisa,4547730,https://www.deezer.com/artist/6511779,BR
7674918,Gustavo Mioto,2360940,https://www.deezer.com/artist/7674918,BR
5423737,Felipe Araújo,1970856,https://www.deezer.com/artist/5423737,BR
1541592,Gusttavo Lima,9116217,https://www.deezer.com/artist/1541592,BR
3120261,Matheus & Kauan,4547431,https://www.deezer.com/artist/3120261,BR
1264078,Luan Santana,5134285,https://www.deezer.com/artist/1264078,BR
7068753,Diego & Victor Hugo,1209951,https://www.deezer.com/artist/7068753,BR
4244787,Lucas Lucco,2059662,https://www.deezer.com/artist/4244787,BR
263731,Marcos & Belutti,3291433,https://www.deezer.com/artist/263731,BR
4317603,Cleber & Cauan,792395,https://www.deezer.com/artist/4317603,BR
7068771,Marília Mendonça,14431340,https://www.deezer.com/artist/7068771,BR
4512754,Thiago Brava,844669,https://www.deezer.com/artist/4512754,BR
11242224,Lauana Prado,1847661,https://www.deezer.com/artist/11242224,BR
5895828,Zé Neto & Cristiano,6514108,https://www.deezer.com/artist/5895828,BR
5200697,Israel & Rodolffo,1782803,https://www.deezer.com/artist/5200697,BR
3029951,Henrique & Diego,1290964,https://www.deezer.com/artist/3029951,BR
7745888,Tati Zaqui,722449,https://www.deezer.com/artist/7745888,BR
11481726,MC Mirella,754035,https://www.deezer.com/artist/11481726,
14736915,Tainá Costa,268134,https://www.deezer.com/artist/14736915,BR
14549479,Rennan da Penha,239376,https://www.deezer.com/artist/14549479,BR
71518,Bianca,118795,https://www.deezer.com/artist/71518,
14092217,MC Loma e As Gêmeas Lacração,190358,https://www.deezer.com/artist/14092217,
14979839,Dj Gabriel do Borel,225374,https://www.deezer.com/artist/14979839,BR
1444643,Jerry Smith,1138662,https://www.deezer.com/artist/1444643,US
13447203,Konai,150515,https://www.deezer.com/artist/13447203,BR
13025953,WC no Beat,189850,https://www.deezer.com/artist/13025953,BR
11268268,MC Cabelinho,1553986,https://www.deezer.com/artist/11268268,BR
4688569,Papatinho,234072,https://www.deezer.com/artist/4688569,BR
5503284,MC Maneirinho,196533,https://www.deezer.com/artist/5503284,BR
8642302,Azzy,411652,https://www.deezer.com/artist/8642302,BR
8278422,Chris MC,458924,https://www.deezer.com/artist/8278422,BR
5654023,Kawe,181583,https://www.deezer.com/artist/5654023,BR
77157522,MD Chefe,260353,https://www.deezer.com/artist/77157522,BR
63912472,Mc Poze do Rodo,1483012,https://www.deezer.com/artist/63912472,BR
242704,BIN,436684,https://www.deezer.com/artist/242704,
12258100,Aldair Playboy,295028,https://www.deezer.com/artist/12258100,BR
4855945,Edi Rock,223079,https://www.deezer.com/artist/4855945,BR
315041,MV Bill,388402,https://www.deezer.com/artist/315041,BR
10935332,MC WM,1062736,https://www.deezer.com/artist/10935332,BR
5053940,Nego do Borel,349535,https://www.deezer.com/artist/5053940,BR
50258612,MC Kevin o Chris,1685022,https://www.deezer.com/artist/50258612,
5237400,Mc Kevinho,3784018,https://www.deezer.com/artist/5237400,BR
5918943,Mc Livinho,1781367,https://www.deezer.com/artist/5918943,BR
9596260,DJ Guuga,614827,https://www.deezer.com/artist/9596260,BR
13139755,MC JottaPê,671659,https://www.deezer.com/artist/13139755,BR
11122456,MC G15,454915,https://www.deezer.com/artist/11122456,BR
10257238,MC Kekel,679521,https://www.deezer.com/artist/10257238,BR
85360022,Lara Silva,116134,https://www.deezer.com/artist/85360022,
4510875,La Furia,111073,https://www.deezer.com/artist/4510875,ES
5454687,Hungria,2485769,https://www.deezer.com/artist/5454687,BR
5160080,Tribo da Periferia,1190911,https://www.deezer.com/artist/5160080,BR
11626663,Pelé MilFlows,250138,https://www.deezer.com/artist/11626663,BR
11626647,Knust,124919,https://www.deezer.com/artist/11626647,BR
66660652,Felipe Original,208738,https://www.deezer.com/artist/66660652,
11270172,Mc Mari,157229,https://www.deezer.com/artist/11270172,BR
72325102,Salve Malak,310135,https://www.deezer.com/artist/72325102,BR
262408191,Léo Foguete,148589,https://www.deezer.com/artist/262408191,BR
11891997,Dfideliz,275999,https://www.deezer.com/artist/11891997,
65608142,KANT,124954,https://www.deezer.com/artist/65608142,
52941522,MC Caverinha,152527,https://www.deezer.com/artist/52941522,BR
3881631,Jorge & Mateus,11494120,https://www.deezer.com/artist/3881631,BR
1264687,Fernando & Sorocaba,2011070,https://www.deezer.com/artist/1264687,BR
4876653,Henrique & Juliano,10928170,https://www.deezer.com/artist/4876653,BR
464904,João Bosco & Vinícius,1611289,https://www.deezer.com/artist/464904,BR
1702206,Cristiano Araújo,2036814,https://www.deezer.com/artist/1702206,BR
1702207,Thaeme & Thiago,811880,https://www.deezer.com/artist/1702207,BR
1702209,Humberto & Ronaldo,1206107,https://www.deezer.com/artist/1702209,BR
10989694,Diego & Arnaldo,505428,https://www.deezer.com/artist/10989694,BR
7660734,Jefferson Moraes,194193,https://www.deezer.com/artist/7660734,
14191917,Maquiny,105460,https://www.deezer.com/artist/14191917,
1107447,Orochi,1683345,https://www.deezer.com/artist/1107447,BR
5700769,Borges,348780,https://www.deezer.com/artist/5700769,BR
4596930,Bruninho & Davi,255066,https://www.deezer.com/artist/4596930,BR
4039193,George Henrique & Rodrigo,906238,https://www.deezer.com/artist/4039193,BR
61145262,Guilherme & Benuto,935045,https://www.deezer.com/artist/61145262,BR
10633657,Hugo & Guilherme,1397916,https://www.deezer.com/artist/10633657,BR
12173602,PH e Michel,179082,https://www.deezer.com/artist/12173602,
7810466,Murilo Huff,1297987,https://www.deezer.com/artist/7810466,BR
1702205,Israel Novaes,425486,https://www.deezer.com/artist/1702205,BR
1424540,Fred & Gustavo,199481,https://www.deezer.com/artist/1424540,BR
1264080,Maria Cecília & Rodolfo,348194,https://www.deezer.com/artist/1264080,BR
1384388,Munhoz & Mariano,359861,https://www.deezer.com/artist/1384388,BR
11329302,MC Du Black,181515,https://www.deezer.com/artist/11329302,BR
4659579,Marcelly,161912,https://www.deezer.com/artist/4659579,FR
4732518,Pedro Paulo & Alex,645202,https://www.deezer.com/artist/4732518,BR
1702210,Gabriel Gava,343481,https://www.deezer.com/artist/1702210,
4600065,Loubet,620928,https://www.deezer.com/artist/4600065,BR
379486,Michel Teló,1703138,https://www.deezer.com/artist/379486,BR
1388520,Dudu,125081,https://www.deezer.com/artist/1388520,ES
214925,Joao Neto & Frederico,1861199,https://www.deezer.com/artist/214925,
9286504,Dynho Alves,240586,https://www.deezer.com/artist/9286504,BR
9428436,Dani Russo,127303,https://www.deezer.com/artist/9428436,
8403120,Mc Don Juan,1390034,https://www.deezer.com/artist/8403120,BR
8125553,Mc Davi,894643,https://www.deezer.com/artist/8125553,BR
71823672,MC Ingryd,102067,https://www.deezer.com/artist/71823672,
12610223,Mc Dricka,382370,https://www.deezer.com/artist/12610223,BR
65501912,DJ Matt D,113942,https://www.deezer.com/artist/65501912,BR
5895822,Mc Pedrinho,936846,https://www.deezer.com/artist/5895822,BR
6755467,Neo Beats,111450,https://www.deezer.com/artist/6755467,
51018902,MC Danny,773891,https://www.deezer.com/artist/51018902,
102703622,Tz da Coronel,549642,https://www.deezer.com/artist/102703622,BR
84227392,Caio Luccas,154566,https://www.deezer.com/artist/84227392,BR
141995332,Chefin,630935,https://www.deezer.com/artist/141995332,BR
8609358,Oruam,543752,https://www.deezer.com/artist/8609358,BR
118981132,Bielzin,151264,https://www.deezer.com/artist/118981132,
77482782,Kayblack,465005,https://www.deezer.com/artist/77482782,BR
56058952,PL Quest,103350,https://www.deezer.com/artist/56058952,
13416889,Vulgo FK,220742,https://www.deezer.com/artist/13416889,BR
52849522,FP do Trem Bala,250778,https://www.deezer.com/artist/52849522,BR
7103439,Mc Th,177235,https://www.deezer.com/artist/7103439,BR
5316126,Niack,307932,https://www.deezer.com/artist/5316126,BR
49197872,MC Levin,374768,https://www.deezer.com/artist/49197872,BR
1468165,Biel,168789,https://www.deezer.com/artist/1468165,BR
5150231,Mc Lan,606829,https://www.deezer.com/artist/5150231,BR
72531372,Dj GBR,169495,https://www.deezer.com/artist/72531372,BR
14000007,MC's Jhowzinho & Kadinho,113821,https://www.deezer.com/artist/14000007,
78411782,NGC Daddy,105129,https://www.deezer.com/artist/78411782,
11329214,Matuê,2572397,https://www.deezer.com/artist/11329214,BR
4925950,Pacificadores,437354,https://www.deezer.com/artist/4925950,BR
5281457,Hungria,129951,https://www.deezer.com/artist/5281457,BR
1034638,Misael,136266,https://www.deezer.com/artist/1034638,BR
9980042,Dan Lellis,202284,https://www.deezer.com/artist/9980042,
172071177,Felipe e Rodrigo,336120,https://www.deezer.com/artist/172071177,BR
71286292,Grelo,195213,https://www.deezer.com/artist/71286292,BR
12604907,Recayd Mob,148354,https://www.deezer.com/artist/12604907,BR
11639727,MC Igu,140686,https://www.deezer.com/artist/11639727,BR
52182182,Jovem Dex,363658,https://www.deezer.com/artist/52182182,BR
50256792,JayA Luuck,224846,https://www.deezer.com/artist/50256792,BR
11033960,Dadá Boladão,252822,https://www.deezer.com/artist/11033960,
49259572,MC Ryan SP,1254285,https://www.deezer.com/artist/49259572,BR
4637777,Mc Daniel,242701,https://www.deezer.com/artist/4637777,BR
379496,Guilherme e Santiago,350983,https://www.deezer.com/artist/379496,BR
11848371,Luíza & Maurílio,733145,https://www.deezer.com/artist/11848371,
14333907,Sidoka,445956,https://www.deezer.com/artist/14333907,BR
379495,César Menotti & Fabiano,1179943,https://www.deezer.com/artist/379495,BR
242123,Edson & Hudson,854097,https://www.deezer.com/artist/242123,BR
320206,Victor & Leo,1341418,https://www.deezer.com/artist/320206,BR
12462878,Juan Marcus & Vinícius,146947,https://www.deezer.com/artist/12462878,BR
51968592,MC Teteu,135352,https://www.deezer.com/artist/51968592,BR
5061199,MC GW,335702,https://www.deezer.com/artist/5061199,BR
54841642,MC Zaquin,165515,https://www.deezer.com/artist/54841642,BR
5910045,Clayton & Romário,239184,https://www.deezer.com/artist/5910045,
54838802,Ícaro e Gilmar,356964,https://www.deezer.com/artist/54838802,
12383494,Douglas & Vinicius,122413,https://www.deezer.com/artist/12383494,
7541776,MC PH,585629,https://www.deezer.com/artist/7541776,BR
8314106,Mc GP,329284,https://www.deezer.com/artist/8314106,
6705395,Mc Hariel,1540316,https://www.deezer.com/artist/6705395,BR
115304412,Mc Paiva ZS,594392,https://www.deezer.com/artist/115304412,
11666599,MC Marks,437280,https://www.deezer.com/artist/11666599,BR
7548856,Mc IG,1004139,https://www.deezer.com/artist/7548856,BR
112522052,Gabb MC,232994,https://www.deezer.com/artist/112522052,
118232102,MC Meno K,170042,https://www.deezer.com/artist/118232102,BR
124786782,MC LUUKY,145960,https://www.deezer.com/artist/124786782,BR
98513552,Mainstreet,496105,https://www.deezer.com/artist/98513552,
152317532,Fred & Fabrício,274468,https://www.deezer.com/artist/152317532,BR
11736681,Ajaxx,288737,https://www.deezer.com/artist/11736681,BR
69307442,Meno Tody,108012,https://www.deezer.com/artist/69307442,BR
6573849,Mc Brinquedo,309801,https://www.deezer.com/artist/6573849,BR
6344194,Mc Menor da Vg,405494,https://www.deezer.com/artist/6344194,
8125513,Mc Kevin,1471849,https://www.deezer.com/artist/8125513,BR
4551457,Mc Dede,292690,https://www.deezer.com/artist/4551457,BR
6992997,Perera DJ,120636,https://www.deezer.com/artist/6992997,BR
13296209,MC Magal,440622,https://www.deezer.com/artist/13296209,
52528582,Veigh,561906,https://www.deezer.com/artist/52528582,
10581575,Pedro Lotto,102699,https://www.deezer.com/artist/10581575,BR
67853702,WIU,450403,https://www.deezer.com/artist/67853702,BR
4811152,MC Guimê,463322,https://www.deezer.com/artist/4811152,BR
131354,Derek,134771,https://www.deezer.com/artist/131354,
14907231,Dj Henrique de ferraz,132392,https://www.deezer.com/artist/14907231,BR
114472782,Teto,723354,https://www.deezer.com/artist/114472782,JP
464921,Jads & Jadson,1156006,https://www.deezer.com/artist/464921,BR
57259292,Shevchenko e Elloco,160694,https://www.deezer.com/artist/57259292,
8285970,Antony & Gabriel,413614,https://www.deezer.com/artist/8285970,BR
8145492,Bruno & Barretto,921059,https://www.deezer.com/artist/8145492,BR
6516471,Fiduma & Jeca,311364,https://www.deezer.com/artist/6516471,
1624705,Conrado & Aleksandro,367709,https://www.deezer.com/artist/1624705,BR
8344528,Léo & Raphael,316122,https://www.deezer.com/artist/8344528,BR
12918897,Lucca e Mateus,140295,https://www.deezer.com/artist/12918897,
129085752,US Agroboy,321971,https://www.deezer.com/artist/129085752,BR
11513017,Brenno & Matheus,179215,https://www.deezer.com/artist/11513017,
122123672,Luan Pereira,498864,https://www.deezer.com/artist/122123672,BR
184781277,AgroPlay,335717,https://www.deezer.com/artist/184781277,
274361,Zé Henrique & Gabriel,126609,https://www.deezer.com/artist/274361,
15055,Bruno & Marrone,3344574,https://www.deezer.com/artist/15055,BR
109903,Leonardo,1416696,https://www.deezer.com/artist/109903,BR
116431,Eduardo Costa,2021004,https://www.deezer.com/artist/116431,BR
315735,Rionegro & Solimões,573502,https://www.deezer.com/artist/315735,BR
361639,Paula Fernandes,1920236,https://www.deezer.com/artist/361639,BR
15355,Chitãozinho & Xororó,748331,https://www.deezer.com/artist/15355,BR
9719682,João Gustavo e Murilo,216571,https://www.deezer.com/artist/9719682,
13552757,MC Paulin da Capital,710289,https://www.deezer.com/artist/13552757,BR
5503286,MC Neguinho do Kaxeta,663460,https://www.deezer.com/artist/5503286,BR
5939966,MC Kapela,188297,https://www.deezer.com/artist/5939966,
4811160,Mc Rodolfinho,244003,https://www.deezer.com/artist/4811160,BR
8126637,Mc PP da VS,331080,https://www.deezer.com/artist/8126637,
10510627,Mc Lipi,586924,https://www.deezer.com/artist/10510627,BR
67905592,Mc Lele JP,537307,https://www.deezer.com/artist/67905592,BR
8854200,MC Cebezinho,308351,https://www.deezer.com/artist/8854200,
4854551,Mc Kelvinho,294224,https://www.deezer.com/artist/4854551,
5518547,MC Kadu,304650,https://www.deezer.com/artist/5518547,BR
66198732,DJ GM,253355,https://www.deezer.com/artist/66198732,BR
9653084,Mc Joaozinho VT,183222,https://www.deezer.com/artist/9653084,
99651032,Kyan,107549,https://www.deezer.com/artist/99651032,
52716632,Yunk Vino,111828,https://www.deezer.com/artist/52716632,BR
9219,Disney,415755,https://www.deezer.com/artist/9219,US
12082994,3robi,114182,https://www.deezer.com/artist/12082994,NL
73018,Kalash,776698,https://www.deezer.com/artist/73018,
380955,Prince Royce,2628052,https://www.deezer.com/artist/380955,US
4842061,Naps,2823367,https://www.deezer.com/artist/4842061,
314870,Black Coffee,248733,https://www.deezer.com/artist/314870,RU
5877213,Doums,118646,https://www.deezer.com/artist/5877213,FR
4338602,Burna Boy,1070457,https://www.deezer.com/artist/4338602,NG
14802869,Tsew The Kid,242423,https://www.deezer.com/artist/14802869,FR
52463032,ElGrandeToto,563963,https://www.deezer.com/artist/52463032,MA
13905711,Tems,265856,https://www.deezer.com/artist/13905711,NG
239541711,iDS,123148,https://www.deezer.com/artist/239541711,
111130212,Morad,336683,https://www.deezer.com/artist/111130212,FR
6351846,Meryl,157026,https://www.deezer.com/artist/6351846,FR
15190997,Fireboy Dml,354084,https://www.deezer.com/artist/15190997,NG
51305922,Asake,132128,https://www.deezer.com/artist/51305922,NG
3649,Nèg' Marrons,122111,https://www.deezer.com/artist/3649,
126335112,Rosé,557283,https://www.deezer.com/artist/126335112,KR
4327376,Sidiki Diabaté,180798,https://www.deezer.com/artist/4327376,ML
245438,Fally Ipupa,451832,https://www.deezer.com/artist/245438,CD
351586,Zhu,250014,https://www.deezer.com/artist/351586,US
903536,CKay,243905,https://www.deezer.com/artist/903536,NG
4755027,Lily Rose Depp,123817,https://www.deezer.com/artist/4755027,
4951751,Alemán,1001515,https://www.deezer.com/artist/4951751,MX
107,Il Divo,238475,https://www.deezer.com/artist/107,GB
9757762,Amelie Lens,102714,https://www.deezer.com/artist/9757762,BE
173581,Diddy,605730,https://www.deezer.com/artist/173581,
1454092,David Carreira,140452,https://www.deezer.com/artist/1454092,PT
700,Aventura,2076739,https://www.deezer.com/artist/700,US
84324,Koffi Olomidé,240154,https://www.deezer.com/artist/84324,CD
1539580,Residente,299579,https://www.deezer.com/artist/1539580,PR
14235001,Tagne,159638,https://www.deezer.com/artist/14235001,
14626539,Didine Canon 16,198099,https://www.deezer.com/artist/14626539,DZ
14493,Mokobé,203220,https://www.deezer.com/artist/14493,FR
12168,Keny Arkana,311081,https://www.deezer.com/artist/12168,FR
7018,DJ Abdel,265275,https://www.deezer.com/artist/7018,MA
13002175,7ARI,138095,https://www.deezer.com/artist/13002175,
3201,Andrea Bocelli,1232481,https://www.deezer.com/artist/3201,IT
5912409,Frenna,119151,https://www.deezer.com/artist/5912409,NL
11665341,Jala Brat,318840,https://www.deezer.com/artist/11665341,BA
13682095,Vladimir Cauchemar,179218,https://www.deezer.com/artist/13682095,FR
4740968,Illenium,129097,https://www.deezer.com/artist/4740968,US
54061032,Dr. Yaro,106913,https://www.deezer.com/artist/54061032,
330311461,HUNTR/X,231247,https://www.deezer.com/artist/330311461,US
13896,Luciano Pavarotti,760887,https://www.deezer.com/artist/13896,IT
5002,Gloria Estefan,297586,https://www.deezer.com/artist/5002,US
2851,Zucchero,206832,https://www.deezer.com/artist/2851,IT
12237,José Carreras,109551,https://www.deezer.com/artist/12237,ES
65759,Plácido Domingo,271498,https://www.deezer.com/artist/65759,ES
153042292,IVE,267734,https://www.deezer.com/artist/153042292,
8347,Michel Legrand,129335,https://www.deezer.com/artist/8347,FR
168158797,LE SSERAFIM,321311,https://www.deezer.com/artist/168158797,KR
220540115,Jungeli,217347,https://www.deezer.com/artist/220540115,FR
68382,London Symphony Orchestra,447366,https://www.deezer.com/artist/68382,GB
163677,Solda,117819,https://www.deezer.com/artist/163677,FR
1456,Laura Pausini,1061478,https://www.deezer.com/artist/1456,IT
363,Sarah Brightman,271032,https://www.deezer.com/artist/363,GB
10799102,Oliver Tree,225358,https://www.deezer.com/artist/10799102,US
2137231,Mr. Probz,887255,https://www.deezer.com/artist/2137231,NL
5080,Various Artists,202222,https://www.deezer.com/artist/5080,
271715,Timati,178552,https://www.deezer.com/artist/271715,RU
56094992,Omah lay,351160,https://www.deezer.com/artist/56094992,NG
10052642,Dubdogz,170178,https://www.deezer.com/artist/10052642,BR
242229,Ahmed Saad,158194,https://www.deezer.com/artist/242229,EG
1377312,Biga*Ranx,348465,https://www.deezer.com/artist/1377312,
891621,Travis Barker,247856,https://www.deezer.com/artist/891621,US
385029,Felguk,149178,https://www.deezer.com/artist/385029,BR
1547598,Benny Blanco,253279,https://www.deezer.com/artist/1547598,GB
1354,Imogen Heap,105482,https://www.deezer.com/artist/1354,GB
13923487,Stray Kids,1260855,https://www.deezer.com/artist/13923487,KR
10817,Nick Cave,152911,https://www.deezer.com/artist/10817,AU
3933641,Wizkid,995415,https://www.deezer.com/artist/3933641,NG
51204222,The Kid Laroi,450373,https://www.deezer.com/artist/51204222,AU
7735426,Bradley Cooper,368918,https://www.deezer.com/artist/7735426,US
343290,Chris Stapleton,326329,https://www.deezer.com/artist/343290,US
206710097,JISOO,223903,https://www.deezer.com/artist/206710097,KR
4404332,Adam Levine,613395,https://www.deezer.com/artist/4404332,US
2281211,Tiwa Savage,304728,https://www.deezer.com/artist/2281211,NG
14161851,Dj Lucas Beat,306714,https://www.deezer.com/artist/14161851,
7627172,Swae Lee,483647,https://www.deezer.com/artist/7627172,US
1406,Herbie Hancock,427754,https://www.deezer.com/artist/1406,US
145068682,LISA,592826,https://www.deezer.com/artist/145068682,
50030162,Kenia Os,162432,https://www.deezer.com/artist/50030162,MX
49280302,ATEEZ,661527,https://www.deezer.com/artist/49280302,KR
121146382,Ado,133147,https://www.deezer.com/artist/121146382,DE
14181947,D-Block Europe,125701,https://www.deezer.com/artist/14181947,
1027239,Charles Bradley,102942,https://www.deezer.com/artist/1027239,US
1307319,Cuco,217151,https://www.deezer.com/artist/1307319,US
1611773,El Alfa,492433,https://www.deezer.com/artist/1611773,DO
15065941,i-dle,664603,https://www.deezer.com/artist/15065941,
10433448,Lauren Jauregui,232169,https://www.deezer.com/artist/10433448,US
4674484,Mr Eazi,350356,https://www.deezer.com/artist/4674484,NG
9096522,Trevor Daniel,171704,https://www.deezer.com/artist/9096522,US
5287882,Tropkillaz,139092,https://www.deezer.com/artist/5287882,BR
12756025,Jd Pantoja,109452,https://www.deezer.com/artist/12756025,MX
60552072,TOMORROW X TOGETHER,930308,https://www.deezer.com/artist/60552072,KR
5259966,Rema,568945,https://www.deezer.com/artist/5259966,NG
14061,Baby Rasta,115244,https://www.deezer.com/artist/14061,PR
1195000,Pipe Bueno,569600,https://www.deezer.com/artist/1195000,CO
10833242,MC Fioti,115659,https://www.deezer.com/artist/10833242,BR
302,Elvis Crespo,126561,https://www.deezer.com/artist/302,PR
135133,Danny Ocean,182852,https://www.deezer.com/artist/135133,
6125,Olga Tañón,112324,https://www.deezer.com/artist/6125,PR
113547672,aespa,458674,https://www.deezer.com/artist/113547672,KR
63,MC Solaar,301834,https://www.deezer.com/artist/63,FR
14612775,JOYCA,186409,https://www.deezer.com/artist/14612775,
49197782,Guaynaa,407380,https://www.deezer.com/artist/49197782,PR
10628057,Lafame,212423,https://www.deezer.com/artist/10628057,
4527779,Juan Luis Guerra,1226853,https://www.deezer.com/artist/4527779,DO
152366,Lang Lang,817296,https://www.deezer.com/artist/152366,CN
14779157,Kizz Daniel,242656,https://www.deezer.com/artist/14779157,NG
5501870,Monsta X,555459,https://www.deezer.com/artist/5501870,KR
36,Aqua,120002,https://www.deezer.com/artist/36,JP
243761,Fonseca,513520,https://www.deezer.com/artist/243761,CO
7304,Biagio Antonacci,137789,https://www.deezer.com/artist/7304,IT
8675234,Nanpa Básico,515474,https://www.deezer.com/artist/8675234,CO
7718756,Rombai,409742,https://www.deezer.com/artist/7718756,UY
4816405,Rocco Hunt,195777,https://www.deezer.com/artist/4816405,IT
5331963,Sefo,134484,https://www.deezer.com/artist/5331963,
16596,Brian Tyler,112735,https://www.deezer.com/artist/16596,US
1222,Cypress Hill,1078849,https://www.deezer.com/artist/1222,US
1186,Switchfoot,171645,https://www.deezer.com/artist/1186,US
1382249,Devito,205951,https://www.deezer.com/artist/1382249,RS
7979,Fabri Fibra,325395,https://www.deezer.com/artist/7979,IT
11140418,Jackson Wang,305147,https://www.deezer.com/artist/11140418,KR
6474027,Anderson .Paak,251287,https://www.deezer.com/artist/6474027,US
4017020,Anna Kendrick,173417,https://www.deezer.com/artist/4017020,US
5259968,Diamond Platnumz,180918,https://www.deezer.com/artist/5259968,TZ
16242,Kassav',223726,https://www.deezer.com/artist/16242,
7548984,Oxlade,112435,https://www.deezer.com/artist/7548984,NG
1220981,Tyla,187870,https://www.deezer.com/artist/1220981,
6982223,BTS,3852397,https://www.deezer.com/artist/6982223,
99,Coolio,277165,https://www.deezer.com/artist/99,US
204234,Noisecontrollers,223512,https://www.deezer.com/artist/204234,NL
210845,Warda,236687,https://www.deezer.com/artist/210845,FR
5335252,Sofiane Pamart,227688,https://www.deezer.com/artist/5335252,FR
52823842,K/DA,251302,https://www.deezer.com/artist/52823842,US
185,R. Kelly,1485223,https://www.deezer.com/artist/185,US
5377,The Chipmunks,188395,https://www.deezer.com/artist/5377,US
378313,Chicago Symphony Orchestra,245971,https://www.deezer.com/artist/378313,US
938,Eros Ramazzotti,914953,https://www.deezer.com/artist/938,IT
439641,Il Volo,158907,https://www.deezer.com/artist/439641,IT
296520,Slimane,1284310,https://www.deezer.com/artist/296520,FR
15166511,Lil Nas X,1726598,https://www.deezer.com/artist/15166511,US
12071380,Topo La Maskara,109907,https://www.deezer.com/artist/12071380,
1935,Hans Zimmer,2135807,https://www.deezer.com/artist/1935,US
64932,Ligabue,326689,https://www.deezer.com/artist/64932,IT
3293,Paco de Lucía,166387,https://www.deezer.com/artist/3293,ES
6005,James Newton Howard,390794,https://www.deezer.com/artist/6005,US
8675,Richard Clayderman,146204,https://www.deezer.com/artist/8675,FR
5111084,Lomepal,1180242,https://www.deezer.com/artist/5111084,FR
3315,Jovanotti,187514,https://www.deezer.com/artist/3315,IT
1557,Aldebert,193205,https://www.deezer.com/artist/1557,FR
5355950,Vini Vici,211106,https://www.deezer.com/artist/5355950,IL
3830821,Arijit Singh,232392,https://www.deezer.com/artist/3830821,IN
8480288,KVSH,146251,https://www.deezer.com/artist/8480288,BR
9916160,Cat Dealers,186887,https://www.deezer.com/artist/9916160,BR
199130,Coone,151025,https://www.deezer.com/artist/199130,BE
76053262,Fred again..,123782,https://www.deezer.com/artist/76053262,GB
262460,Adam Beyer,107481,https://www.deezer.com/artist/262460,SE
194172,Headhunterz,327651,https://www.deezer.com/artist/194172,NL
1782,Patrick Bruel,912904,https://www.deezer.com/artist/1782,FR
457,Tryo,997781,https://www.deezer.com/artist/457,
5472150,KSI,134627,https://www.deezer.com/artist/5472150,
1412045,for King & Country,110972,https://www.deezer.com/artist/1412045,US
342437,Don Bigg,130352,https://www.deezer.com/artist/342437,MA
1629859,Mr Black,190952,https://www.deezer.com/artist/1629859,IL
4747778,Chemical Surf,103239,https://www.deezer.com/artist/4747778,BR
14854891,Mc Jacaré,245584,https://www.deezer.com/artist/14854891,BR
14917155,Now United,394081,https://www.deezer.com/artist/14917155,US
762,Yann Tiersen,598587,https://www.deezer.com/artist/762,FR
1545148,Bruno Martini,253335,https://www.deezer.com/artist/1545148,
11088,Nancy Ajram,1089529,https://www.deezer.com/artist/11088,LB
1199771,Loreen,149479,https://www.deezer.com/artist/1199771,SE
2296,Giorgia,101751,https://www.deezer.com/artist/2296,IT
161553,TWICE,1351271,https://www.deezer.com/artist/161553,
7906,John Travolta,105523,https://www.deezer.com/artist/7906,US
240582,SEVENTEEN,641913,https://www.deezer.com/artist/240582,
3859631,Seven Lions,182449,https://www.deezer.com/artist/3859631,US
106849212,Bella Poarch,157301,https://www.deezer.com/artist/106849212,US
9172904,Jungkook,467566,https://www.deezer.com/artist/9172904,KR
4782876,Vintage Culture,531258,https://www.deezer.com/artist/4782876,BR
1271439,Anselmo Ralph,134056,https://www.deezer.com/artist/1271439,AO
113915572,ENHYPEN,526462,https://www.deezer.com/artist/113915572,KR
110616822,Ayra Starr,234036,https://www.deezer.com/artist/110616822,NG
2959,Negramaro,184914,https://www.deezer.com/artist/2959,IT
5648,Tiziano Ferro,418161,https://www.deezer.com/artist/5648,IT
64927672,Teddy Swims,415635,https://www.deezer.com/artist/64927672,US
8355648,DJ Maphorisa,226986,https://www.deezer.com/artist/8355648,ZA
4516100,Shift K3Y,195963,https://www.deezer.com/artist/4516100,GB
1228100,JENNIE,638409,https://www.deezer.com/artist/1228100,
2307,Josh Groban,135524,https://www.deezer.com/artist/2307,US
134336,Umek,183728,https://www.deezer.com/artist/134336,SI
10816636,Santa Fe Klan,1019928,https://www.deezer.com/artist/10816636,MX
1319892,Chinx,119120,https://www.deezer.com/artist/1319892,
798061,Lil Twist,205660,https://www.deezer.com/artist/798061,US
7188840,Morgan Wallen,299205,https://www.deezer.com/artist/7188840,US
461402,Astrix,177692,https://www.deezer.com/artist/461402,IL
95527,Neelix,120530,https://www.deezer.com/artist/95527,DE
355598,Jhonny Rivera,271161,https://www.deezer.com/artist/355598,CO
2047,Jean-Michel Jarre,320726,https://www.deezer.com/artist/2047,
14588939,L-Gante,122635,https://www.deezer.com/artist/14588939,AR
16642,Vico C,108618,https://www.deezer.com/artist/16642,PR
406857,Oneohtrix Point Never,199225,https://www.deezer.com/artist/406857,US
67835,Ramin Djawadi,545283,https://www.deezer.com/artist/67835,DE
5116665,Kevin Florez,242423,https://www.deezer.com/artist/5116665,
271210292,KATSEYE,243285,https://www.deezer.com/artist/271210292,US
327360,Madd,157567,https://www.deezer.com/artist/327360,
14107147,Powfu,107262,https://www.deezer.com/artist/14107147,CA
102865,Funky,269388,https://www.deezer.com/artist/102865,RO
495019,Redimi2,280380,https://www.deezer.com/artist/495019,DO
7979540,Jessi Uribe,590517,https://www.deezer.com/artist/7979540,CO
391993,Alex Zurdo,293848,https://www.deezer.com/artist/391993,PR
1315400,Alex Campos,1175572,https://www.deezer.com/artist/1315400,CO
5,Amadou & Mariam,150240,https://www.deezer.com/artist/5,ML
125372,DaVido,900177,https://www.deezer.com/artist/125372,NG
7645452,Marama,270359,https://www.deezer.com/artist/7645452,UY
143900,Antonia,246618,https://www.deezer.com/artist/143900,
198415,Connect-R,120735,https://www.deezer.com/artist/198415,
513721,Baby K,114366,https://www.deezer.com/artist/513721,IT
593,Arash,111285,https://www.deezer.com/artist/593,SE
70542502,Maverick City Music,134851,https://www.deezer.com/artist/70542502,US
483706,Tedashii,105862,https://www.deezer.com/artist/483706,US
1453,DJ BoBo,105857,https://www.deezer.com/artist/1453,CH
336964,Ráfaga,103863,https://www.deezer.com/artist/336964,AR
5679,Randy Newman,111154,https://www.deezer.com/artist/5679,US
13612391,Damiano David,121714,https://www.deezer.com/artist/13612391,IT
1709730,Elle King,147021,https://www.deezer.com/artist/1709730,US
3951,Carl Cox,232091,https://www.deezer.com/artist/3951,GB
94226,Royal Philharmonic Orchestra,219601,https://www.deezer.com/artist/94226,GB
629036,Yelsid,198842,https://www.deezer.com/artist/629036,CO
4694728,Yemi Alade,391226,https://www.deezer.com/artist/4694728,NG
2245,Thomas Newman,232570,https://www.deezer.com/artist/2245,US
243009,Chris Willis,595505,https://www.deezer.com/artist/243009,US
245432,Annalisa,119844,https://www.deezer.com/artist/245432,
1310497,Girls' Generation,320528,https://www.deezer.com/artist/1310497,KR
7371074,Sfera Ebbasta,201126,https://www.deezer.com/artist/7371074,IT
98775702,Carbonne,141260,https://www.deezer.com/artist/98775702,FR
4108232,Bhaskar,165495,https://www.deezer.com/artist/4108232,BR
123053672,Ana Castela,1386422,https://www.deezer.com/artist/123053672,BR
535396,Brennan Heart,157812,https://www.deezer.com/artist/535396,
58960,Yo-Yo Ma,453332,https://www.deezer.com/artist/58960,FR
133863,Boris Brejcha,264264,https://www.deezer.com/artist/133863,DE
11136812,Bbno$,145037,https://www.deezer.com/artist/11136812,CA
271938,Wildstylez,133939,https://www.deezer.com/artist/271938,NL
563816,Arcane,194294,https://www.deezer.com/artist/563816,
1462393,Ardian Bujupi,113797,https://www.deezer.com/artist/1462393,DE
122602052,PinkPantheress,232220,https://www.deezer.com/artist/122602052,GB
372635,Hurts,194031,https://www.deezer.com/artist/372635,
8907066,Nasty C,333196,https://www.deezer.com/artist/8907066,ZA
7402526,League of Legends,414621,https://www.deezer.com/artist/7402526,
81764332,JACKBOYS,233188,https://www.deezer.com/artist/81764332,US
2489131,Glass Animals,321177,https://www.deezer.com/artist/2489131,GB
12431462,King Von,304527,https://www.deezer.com/artist/12431462,US
5482056,Teni,157618,https://www.deezer.com/artist/5482056,NG
394387,Lecrae,486972,https://www.deezer.com/artist/394387,US
7444722,Mohamed Ramadan,516237,https://www.deezer.com/artist/7444722,EG
477348,Yara,280895,https://www.deezer.com/artist/477348,LB
6661704,Gera MX,779326,https://www.deezer.com/artist/6661704,MX
158709,Fever Ray,100015,https://www.deezer.com/artist/158709,SE
760,Danny Elfman,418035,https://www.deezer.com/artist/760,US
9916,Dave Stewart,105198,https://www.deezer.com/artist/9916,
5228133,Ton Carfi,669457,https://www.deezer.com/artist/5228133,
2608,Raggasonic,103140,https://www.deezer.com/artist/2608,FR
406623,Ibrahim Maalouf,363942,https://www.deezer.com/artist/406623,FR
1956,Infected Mushroom,246356,https://www.deezer.com/artist/1956,IL
77865,Zubin Mehta,102160,https://www.deezer.com/artist/77865,IN
478534,Ramy Gamal,526326,https://www.deezer.com/artist/478534,
103119,Smiley,233419,https://www.deezer.com/artist/103119,US
722,Elissa,1359077,https://www.deezer.com/artist/722,CA
9851680,Sevenn,115841,https://www.deezer.com/artist/9851680,US
156,Anouk,101787,https://www.deezer.com/artist/156,
9031142,j-hope,309781,https://www.deezer.com/artist/9031142,
11999322,NCT DREAM,415724,https://www.deezer.com/artist/11999322,KR
4512147,Milky Chance,515520,https://www.deezer.com/artist/4512147,DE
178008437,NewJeans,347845,https://www.deezer.com/artist/178008437,KR
4101336,Sarkodie,157468,https://www.deezer.com/artist/4101336,GH
1352674,Skylar Grey,164956,https://www.deezer.com/artist/1352674,US
75355,Hector El Father,194825,https://www.deezer.com/artist/75355,
5164,Dave Gahan,107830,https://www.deezer.com/artist/5164,GB
1536,Ennio Morricone,685291,https://www.deezer.com/artist/1536,IT
69886,Gianni Morandi,146418,https://www.deezer.com/artist/69886,IT
419254,Kina,100174,https://www.deezer.com/artist/419254,
1525,Lila Downs,131256,https://www.deezer.com/artist/1525,MX
111,Calle 13,1257752,https://www.deezer.com/artist/111,PR
3376761,Sabino,107323,https://www.deezer.com/artist/3376761,BR
5509507,Patoranking,191252,https://www.deezer.com/artist/5509507,NG
14629,Lil Boosie,137352,https://www.deezer.com/artist/14629,US
11237527,Kidd Keo,340214,https://www.deezer.com/artist/11237527,ES
6735039,MC Davo,640264,https://www.deezer.com/artist/6735039,MX
1509,Gustavo Santaolalla,125009,https://www.deezer.com/artist/1509,AR
16928,DJ Koze,346217,https://www.deezer.com/artist/16928,DE
390174,Fatoumata Diawara,114601,https://www.deezer.com/artist/390174,ML
8642854,Yeison Jimenez,393158,https://www.deezer.com/artist/8642854,
203,Youssou N'Dour,211090,https://www.deezer.com/artist/203,
295,Kirk Franklin,286217,https://www.deezer.com/artist/295,US
94620,Jimmy Page,200512,https://www.deezer.com/artist/94620,GB
791,Alan Silvestri,163229,https://www.deezer.com/artist/791,US
1075,Bruno Coulais,100615,https://www.deezer.com/artist/1075,FR
1049,Kate Bush,396117,https://www.deezer.com/artist/1049,GB
1518322,Dave Grohl,109720,https://www.deezer.com/artist/1518322,US
8750,Julio Iglesias,540087,https://www.deezer.com/artist/8750,ES
277491,Ólafur Arnalds,183332,https://www.deezer.com/artist/277491,IS
14399933,Djalil Palermo,158081,https://www.deezer.com/artist/14399933,
926,Kraftwerk,272924,https://www.deezer.com/artist/926,DE
51720482,Odetari,104922,https://www.deezer.com/artist/51720482,US
67443,Dax,122457,https://www.deezer.com/artist/67443,US
2062,Nick Drake,102388,https://www.deezer.com/artist/2062,GB
510086,Henry Jackman,158213,https://www.deezer.com/artist/510086,GB
246423,Zakk Wylde,141559,https://www.deezer.com/artist/246423,US
1948791,blackbear,476106,https://www.deezer.com/artist/1948791,US
4319377,Dharius,393319,https://www.deezer.com/artist/4319377,MX
69930162,Rich Vagos,192488,https://www.deezer.com/artist/69930162,
10632397,Neto Peña,257234,https://www.deezer.com/artist/10632397,
1272674,Romeo Santos,3899889,https://www.deezer.com/artist/1272674,US
3867351,Agapornis,153574,https://www.deezer.com/artist/3867351,AR
14732955,Lefty Sm,193966,https://www.deezer.com/artist/14732955,MX
210977,Gesaffelstein,323735,https://www.deezer.com/artist/210977,FR
3744641,Olamide,352065,https://www.deezer.com/artist/3744641,NG
4317,Mustafa Sandal,225521,https://www.deezer.com/artist/4317,TR
9492,Mina,110201,https://www.deezer.com/artist/9492,
9041042,Alzate,238929,https://www.deezer.com/artist/9041042,CO
7010729,L'Entourloop,109785,https://www.deezer.com/artist/7010729,FR
14117971,Isaiah,159081,https://www.deezer.com/artist/14117971,ES
2910061,Christina Grimmie,183487,https://www.deezer.com/artist/2910061,US
4452092,KAYTRANADA,169728,https://www.deezer.com/artist/4452092,CA
3779331,Lindsey Stirling,584802,https://www.deezer.com/artist/3779331,US
16183,The Melodians,142092,https://www.deezer.com/artist/16183,JM
16319,Banda El Recodo,348780,https://www.deezer.com/artist/16319,MX
13966,Akwid,168135,https://www.deezer.com/artist/13966,US
613934,Jelly Roll,226867,https://www.deezer.com/artist/613934,US
8354140,Ezhel,877449,https://www.deezer.com/artist/8354140,TR
54647592,MERO,723823,https://www.deezer.com/artist/54647592,
3120,Robert Johnson,347868,https://www.deezer.com/artist/3120,
12358,Pat Metheny,242731,https://www.deezer.com/artist/12358,US
69659,Gigi D'Alessio,111664,https://www.deezer.com/artist/69659,
8791702,Sevn Alias,113059,https://www.deezer.com/artist/8791702,NL
1037707,NF,657410,https://www.deezer.com/artist/1037707,
1511979,Yo Yo Honey Singh,111982,https://www.deezer.com/artist/1511979,IN
4950687,Two Feet,242947,https://www.deezer.com/artist/4950687,US
5578492,Ic3peak,115723,https://www.deezer.com/artist/5578492,RU
14468689,Morgenshtern,277309,https://www.deezer.com/artist/14468689,RU
470005,Malacates Trébol Shop,162673,https://www.deezer.com/artist/470005,GT
7805012,BABYMETAL,178996,https://www.deezer.com/artist/7805012,JP
149292,Adriano Celentano,120691,https://www.deezer.com/artist/149292,IT
5908709,Senidah,189868,https://www.deezer.com/artist/5908709,SI
315054,Sandy e Junior,475750,https://www.deezer.com/artist/315054,
304435,Damas Gratis,142513,https://www.deezer.com/artist/304435,AR
1385868,Galinha Pintadinha,152716,https://www.deezer.com/artist/1385868,
64998,Daniel,226835,https://www.deezer.com/artist/64998,
1233002,Gaby Amarantos,180164,https://www.deezer.com/artist/1233002,BR
135512622,João Gomes,2948202,https://www.deezer.com/artist/135512622,
1273498,Renato Teixeira,100534,https://www.deezer.com/artist/1273498,BR
1459493,Milionário & José Rico,756734,https://www.deezer.com/artist/1459493,BR
147170,Gian & Giovani,570080,https://www.deezer.com/artist/147170,BR
115056,Sergio Reis,238607,https://www.deezer.com/artist/115056,
13839,Almir Sater,242623,https://www.deezer.com/artist/13839,BR
65349,Roberta Miranda,214123,https://www.deezer.com/artist/65349,BR
269973,Zezé Di Camargo & Luciano,1883904,https://www.deezer.com/artist/269973,BR
2681,Leonard Bernstein,241792,https://www.deezer.com/artist/2681,US
297983,Xuxa,106593,https://www.deezer.com/artist/297983,BR
12515948,Atitude 67,377048,https://www.deezer.com/artist/12515948,BR
16590,Banda Calypso,332549,https://www.deezer.com/artist/16590,BR
1258512,Palavra Cantada,217327,https://www.deezer.com/artist/1258512,BR
10536,Sandy,331730,https://www.deezer.com/artist/10536,
5189729,Kid Abelha e os Abóboras Selvagens,120361,https://www.deezer.com/artist/5189729,BR
389038,Murda,422665,https://www.deezer.com/artist/389038,
61343932,Pashanim,126855,https://www.deezer.com/artist/61343932,DE
11976,Massari,158076,https://www.deezer.com/artist/11976,
469774,Supercombo,222113,https://www.deezer.com/artist/469774,
13136341,Reynmen,786630,https://www.deezer.com/artist/13136341,TR
5264544,Dhurata Dora,135622,https://www.deezer.com/artist/5264544,DE
12759119,Priscila Senna,108076,https://www.deezer.com/artist/12759119,BR
5503854,Eli Soares,595753,https://www.deezer.com/artist/5503854,BR
74478,Belo,532011,https://www.deezer.com/artist/74478,BR
364262,Rael,244928,https://www.deezer.com/artist/364262,BR
116823,Gino & Geno,413236,https://www.deezer.com/artist/116823,BR
13958441,Kamaitachi,294682,https://www.deezer.com/artist/13958441,BR
315576,Padre Marcelo Rossi,274598,https://www.deezer.com/artist/315576,BR
73171372,Simone Mendes,1067070,https://www.deezer.com/artist/73171372,BR
1015202,Buchecha,140158,https://www.deezer.com/artist/1015202,BR
1473793,Calema,104751,https://www.deezer.com/artist/1473793,ST
61942382,João Bosco e Gabriel,145530,https://www.deezer.com/artist/61942382,
444082,MC Marcinho,170501,https://www.deezer.com/artist/444082,BR
1361029,Léo Magalhães,660779,https://www.deezer.com/artist/1361029,
5569112,Kemuel,807419,https://www.deezer.com/artist/5569112,
5138079,Delacruz,526886,https://www.deezer.com/artist/5138079,
1295112,Padre Fábio de Melo,827087,https://www.deezer.com/artist/1295112,BR
1611694,Wanessa Camargo,298389,https://www.deezer.com/artist/1611694,BR
4664074,Paula Mattos,280053,https://www.deezer.com/artist/4664074,BR
6693037,Mundo Bita,257066,https://www.deezer.com/artist/6693037,
5064691,Naldo Benny,281690,https://www.deezer.com/artist/5064691,BR
119396922,Manu,178861,https://www.deezer.com/artist/119396922,
266598,Joelma,197432,https://www.deezer.com/artist/266598,BR
14520277,Rogerinho,355801,https://www.deezer.com/artist/14520277,BR
66314222,Mc Tuto,324336,https://www.deezer.com/artist/66314222,BR
4252576,C-kan,619532,https://www.deezer.com/artist/4252576,MX
11916115,Bob do Contra,123255,https://www.deezer.com/artist/11916115,
166727787,Fazendinha Sessions,142468,https://www.deezer.com/artist/166727787,
88942732,Dj Wesley Gonzaga,173579,https://www.deezer.com/artist/88942732,
65504032,Dk 47,222376,https://www.deezer.com/artist/65504032,
4803606,Mc Leo da Baixada,159190,https://www.deezer.com/artist/4803606,
10399494,Oik,132784,https://www.deezer.com/artist/10399494,BR
1236547,Scalene,402122,https://www.deezer.com/artist/1236547,
6446764,Mc Brisola,159978,https://www.deezer.com/artist/6446764,BR
9596208,MC Bruninho,509584,https://www.deezer.com/artist/9596208,BR
6009928,Gabriela Gomes,179134,https://www.deezer.com/artist/6009928,
12721175,Panda,196174,https://www.deezer.com/artist/12721175,
14993333,Enzo Rabelo,125718,https://www.deezer.com/artist/14993333,BR
132712992,DJ Arana,127841,https://www.deezer.com/artist/132712992,BR
172147,MILA,216636,https://www.deezer.com/artist/172147,
169643837,Traia Véia,121725,https://www.deezer.com/artist/169643837,BR
126936082,NADAMAL,183472,https://www.deezer.com/artist/126936082,BR
103851292,DJ Japa NK,107342,https://www.deezer.com/artist/103851292,
67522822,Mc Anjim,165691,https://www.deezer.com/artist/67522822,BR
13190913,Vitor e Luan,144251,https://www.deezer.com/artist/13190913,
58598842,Dj Chris No Beat,307614,https://www.deezer.com/artist/58598842,BR
11421098,Dallass,205253,https://www.deezer.com/artist/11421098,BR
64997,Rick & Renner,698759,https://www.deezer.com/artist/64997,BR
85073122,Salvador da Rima,245136,https://www.deezer.com/artist/85073122,BR
98213,Chico Rey & Paraná,507454,https://www.deezer.com/artist/98213,BR
115959,Trio Parada Dura,540806,https://www.deezer.com/artist/115959,BR
1262834,Marquinhos Gomes,155885,https://www.deezer.com/artist/1262834,BR
1692465,Daniela Araújo,526193,https://www.deezer.com/artist/1692465,BR
6857697,DJ Kevin,102664,https://www.deezer.com/artist/6857697,
5170231,Mc Pierre,101644,https://www.deezer.com/artist/5170231,BR
109692442,Mc Negão Original,128539,https://www.deezer.com/artist/109692442,
116226662,DJ Boy,324113,https://www.deezer.com/artist/116226662,
7855452,MC Rick,398473,https://www.deezer.com/artist/7855452,BR
57668652,Mc Leozin,123245,https://www.deezer.com/artist/57668652,BR
9580552,MC Leozinho ZS,314747,https://www.deezer.com/artist/9580552,BR
5064262,Mc Kauan,115278,https://www.deezer.com/artist/5064262,
241819,Mayck e Lyan,125153,https://www.deezer.com/artist/241819,
4752659,João Carreiro,174958,https://www.deezer.com/artist/4752659,
14658687,MC Luan da BS,140174,https://www.deezer.com/artist/14658687,BR
12208250,Kemilly Santos,427887,https://www.deezer.com/artist/12208250,
1263295,André Valadão,824343,https://www.deezer.com/artist/1263295,BR
49259582,DJ Oreia,130982,https://www.deezer.com/artist/49259582,BR
88974232,TrapLaudo,144109,https://www.deezer.com/artist/88974232,BR
147217,Gilberto E Gilmar,114739,https://www.deezer.com/artist/147217,
4811156,Mc Lon,143858,https://www.deezer.com/artist/4811156,BR
5315371,Mc Dimenor Dr,142204,https://www.deezer.com/artist/5315371,
5160091,Lucas Reis & Thácio,102310,https://www.deezer.com/artist/5160091,
72320452,MC GH do 7,100198,https://www.deezer.com/artist/72320452,
69014302,DJ PH DA SERRA,102515,https://www.deezer.com/artist/69014302,
75605482,Mc Kako,257050,https://www.deezer.com/artist/75605482,BR
67644,Leandro & Leonardo ,834960,https://www.deezer.com/artist/67644,BR
244597,João Mineiro & Marciano,300561,https://www.deezer.com/artist/244597,
8288582,Bruna Viola,146606,https://www.deezer.com/artist/8288582,
61906362,MC Lemos,137478,https://www.deezer.com/artist/61906362,
13392565,MC Menor MR,216340,https://www.deezer.com/artist/13392565,BR
243327,Di Paullo & Paulino,366227,https://www.deezer.com/artist/243327,BR
4803605,Mc Daleste,125007,https://www.deezer.com/artist/4803605,BR
73441,Fanny J,137590,https://www.deezer.com/artist/73441,FR
10427228,Mayorkun,146058,https://www.deezer.com/artist/10427228,NG
10161764,Mc Artisan,112739,https://www.deezer.com/artist/10161764,DZ
5253492,Buba Corelli,231785,https://www.deezer.com/artist/5253492,BA
1591785,Coby,200252,https://www.deezer.com/artist/1591785,
71838,Montserrat Caballé,140123,https://www.deezer.com/artist/71838,ES
8658,London Philharmonic Orchestra,270297,https://www.deezer.com/artist/8658,GB
51907152,Teodora,159329,https://www.deezer.com/artist/51907152,RS
77655,Claudio Abbado,185442,https://www.deezer.com/artist/77655,IT
3615211,Stormy,172920,https://www.deezer.com/artist/3615211,US
6222398,Broederliefde,279211,https://www.deezer.com/artist/6222398,NL
57404,Papa Wemba,101651,https://www.deezer.com/artist/57404,CD
70476,Herbert von Karajan,1253440,https://www.deezer.com/artist/70476,AT
5681,Severina,166854,https://www.deezer.com/artist/5681,HR
190393,Philharmonia Orchestra,161894,https://www.deezer.com/artist/190393,GB
65655,Daniel Barenboim,252504,https://www.deezer.com/artist/65655,AR
298705,Wiener Philharmoniker,316394,https://www.deezer.com/artist/298705,AT
14341205,Kouz1,137250,https://www.deezer.com/artist/14341205,
8728,André Rieu,272162,https://www.deezer.com/artist/8728,NL
168632,Berliner Philharmoniker,627257,https://www.deezer.com/artist/168632,DE
66582,Joe Hisaishi,128022,https://www.deezer.com/artist/66582,JP
101181,Vladimir Ashkenazy,116892,https://www.deezer.com/artist/101181,IS
66155,David Garrett,188594,https://www.deezer.com/artist/66155,
5384533,Charlotte de Witte,161318,https://www.deezer.com/artist/5384533,BE
5532315,Егор Крид,233672,https://www.deezer.com/artist/5532315,RU
16450,Samira Said,391383,https://www.deezer.com/artist/16450,EG
3150221,Ross Lynch,231267,https://www.deezer.com/artist/3150221,US
4134443,Assala,1431679,https://www.deezer.com/artist/4134443,
9814678,Snor,151897,https://www.deezer.com/artist/9814678,
4962,Michael Giacchino,165197,https://www.deezer.com/artist/4962,US
365797,Ruger,135278,https://www.deezer.com/artist/365797,NG
120313,Simi,167955,https://www.deezer.com/artist/120313,NG
1396199,Hassan El Shafei,107512,https://www.deezer.com/artist/1396199,EG
4100351,Zlatan,121010,https://www.deezer.com/artist/4100351,
2791,Klaus Badelt,279833,https://www.deezer.com/artist/2791,US
1389973,HyunA,199562,https://www.deezer.com/artist/1389973,KR
6855525,Baby Gang,107691,https://www.deezer.com/artist/6855525,IT
76863,English Chamber Orchestra,112624,https://www.deezer.com/artist/76863,GB
72019,Martha Argerich,129849,https://www.deezer.com/artist/72019,AR
5665812,Naira Marley,152891,https://www.deezer.com/artist/5665812,GB
5823126,Boef,215646,https://www.deezer.com/artist/5823126,NL
15014373,Chung Ha,253175,https://www.deezer.com/artist/15014373,KR
15373,Mala Rodríguez,158533,https://www.deezer.com/artist/15373,ES
469886,santa rm,269915,https://www.deezer.com/artist/469886,MX
10960696,7liwa,185056,https://www.deezer.com/artist/10960696,MA
434722,Soner Sarıkabadayı,178145,https://www.deezer.com/artist/434722,
191266,Boston Symphony Orchestra,146863,https://www.deezer.com/artist/191266,US
142875392,Semicenk,108639,https://www.deezer.com/artist/142875392,TR
14780015,Yoss Bones,166742,https://www.deezer.com/artist/14780015,MX
56797,Vladimir Horowitz,101974,https://www.deezer.com/artist/56797,US
9756660,Toser One,147519,https://www.deezer.com/artist/9756660,
160138282,NMIXX,175571,https://www.deezer.com/artist/160138282,KR
1407280,G-DRAGON,334718,https://www.deezer.com/artist/1407280,
70019,Arthur Rubinstein,269441,https://www.deezer.com/artist/70019,PL
7269112,Charles Ans,263395,https://www.deezer.com/artist/7269112,
1234785,2CELLOS,211456,https://www.deezer.com/artist/1234785,HR
6292152,Nucci,122979,https://www.deezer.com/artist/6292152,
10343516,Relja,225151,https://www.deezer.com/artist/10343516,RS
168047437,Jimin,403532,https://www.deezer.com/artist/168047437,KR
65699042,Voyage,143504,https://www.deezer.com/artist/65699042,
338654,Red Velvet,797446,https://www.deezer.com/artist/338654,KR
556,Howard Shore,394683,https://www.deezer.com/artist/556,CA
2466,John Barry,161864,https://www.deezer.com/artist/2466,GB
58888922,Wegz,377955,https://www.deezer.com/artist/58888922,EG
84873,The City Of Prague Philharmonic Orchestra,208991,https://www.deezer.com/artist/84873,CZ
4331,Ludovico Einaudi,1444785,https://www.deezer.com/artist/4331,IT
3170,Harry Gregson-Williams,109565,https://www.deezer.com/artist/3170,GB
6690,Max Richter,451851,https://www.deezer.com/artist/6690,GB
184,James Horner,496576,https://www.deezer.com/artist/184,US
9183,Alexandre Desplat,220460,https://www.deezer.com/artist/9183,FR
2301,John Powell,149866,https://www.deezer.com/artist/2301,US
805,John Williams,890255,https://www.deezer.com/artist/805,
67456,Hélène Grimaud,151106,https://www.deezer.com/artist/67456,FR
5854,Itzhak Perlman,198374,https://www.deezer.com/artist/5854,US
15368025,Corona,125341,https://www.deezer.com/artist/15368025,JP
54996,Sviatoslav Richter,105980,https://www.deezer.com/artist/54996,RU
318108,Danna Paola,763841,https://www.deezer.com/artist/318108,MX
2816,Lisa Gerrard,152626,https://www.deezer.com/artist/2816,AU
5265504,Lauren Daigle,207652,https://www.deezer.com/artist/5265504,US
1616371,The Piano Guys,398864,https://www.deezer.com/artist/1616371,US
5525551,illusionize,111686,https://www.deezer.com/artist/5525551,
96756,Jordi Savall,164241,https://www.deezer.com/artist/96756,ES
826,Sinsemilia,185943,https://www.deezer.com/artist/826,
8682742,REMIK GONZALEZ,139826,https://www.deezer.com/artist/8682742,
8671236,Kabza De Small,226084,https://www.deezer.com/artist/8671236,ZA
369105,Zico,151138,https://www.deezer.com/artist/369105,
1202456,Odezenne,131869,https://www.deezer.com/artist/1202456,FR
13569769,Inkonnu,234666,https://www.deezer.com/artist/13569769,
1203526,Paola Jara,254520,https://www.deezer.com/artist/1203526,CO
993569,Jhon Alex Castaño,222374,https://www.deezer.com/artist/993569,CO
1472227,Alex Velea,154550,https://www.deezer.com/artist/1472227,RO
5038261,Su Presencia,148345,https://www.deezer.com/artist/5038261,CO
8791550,Adekunle Gold,203373,https://www.deezer.com/artist/8791550,NG
1170236,Elevation Worship,324800,https://www.deezer.com/artist/1170236,US
5895321,Cassper Nyovest,261147,https://www.deezer.com/artist/5895321,ZA
723,Gipsy Kings,257283,https://www.deezer.com/artist/723,FR
98371,Shreya Ghoshal,256152,https://www.deezer.com/artist/98371,IN
6250,Maria Callas,172664,https://www.deezer.com/artist/6250,GR
70075,Sonu Nigam,166634,https://www.deezer.com/artist/70075,IN
13211,El Chojin,111869,https://www.deezer.com/artist/13211,ES
491,A.R. Rahman,283755,https://www.deezer.com/artist/491,IN
58962,Glenn Gould,165961,https://www.deezer.com/artist/58962,CA
4606326,Little Big,114026,https://www.deezer.com/artist/4606326,US
5899300,Millonario,355079,https://www.deezer.com/artist/5899300,MX
6,Manu Chao,1530505,https://www.deezer.com/artist/6,FR
1623261,Evan Craft,322786,https://www.deezer.com/artist/1623261,US
69542,Murray Perahia,110950,https://www.deezer.com/artist/69542,US
70070,Joshua Bell,147539,https://www.deezer.com/artist/70070,US
4726,Philip Glass,225814,https://www.deezer.com/artist/4726,US
242898,Carole Samaha,238440,https://www.deezer.com/artist/242898,
3239781,Fedez,373233,https://www.deezer.com/artist/3239781,IT
8865120,La Santa Grifa,437725,https://www.deezer.com/artist/8865120,
355889,Luis Alberto Posada,167650,https://www.deezer.com/artist/355889,CO
62884,AKA,335437,https://www.deezer.com/artist/62884,
1484746,Davi Sacer,696047,https://www.deezer.com/artist/1484746,BR
9062752,Un Corazón,246946,https://www.deezer.com/artist/9062752,MX
508566,Tamer Hosny,1423015,https://www.deezer.com/artist/508566,EG
4751770,Pregador Luo,588233,https://www.deezer.com/artist/4751770,BR
393328,Trip Lee,170357,https://www.deezer.com/artist/393328,US
3618691,Omer Adam,101972,https://www.deezer.com/artist/3618691,IL
6144,Ludwig van Beethoven,1391129,https://www.deezer.com/artist/6144,DE
5159122,Kike Pavón,123020,https://www.deezer.com/artist/5159122,ES
7359,Heart,124146,https://www.deezer.com/artist/7359,
126453,Rahat Fateh Ali Khan,126421,https://www.deezer.com/artist/126453,PK
98985,Yiruma,182183,https://www.deezer.com/artist/98985,KR
7917,Renato Zero,116070,https://www.deezer.com/artist/7917,IT
864274,Porter Robinson,169551,https://www.deezer.com/artist/864274,US
13287593,Emir Can İğrek,176313,https://www.deezer.com/artist/13287593,TR
8513,Lucio Dalla,131970,https://www.deezer.com/artist/8513,IT
15353331,Samantha Barrón,102944,https://www.deezer.com/artist/15353331,
8874422,ЛСП,134881,https://www.deezer.com/artist/8874422,BY
10155292,Клава Кока,150906,https://www.deezer.com/artist/10155292,RU
72845512,Love Funk,296385,https://www.deezer.com/artist/72845512,
7968842,Элджей,151225,https://www.deezer.com/artist/7968842,RU
405736,Atif Aslam,220988,https://www.deezer.com/artist/405736,PK
68069,Mstislav Rostropovich,152854,https://www.deezer.com/artist/68069,RU
5072456,Mauro Henrique,127923,https://www.deezer.com/artist/5072456,BR
51733582,Bege,138165,https://www.deezer.com/artist/51733582,
14544241,Julia Vitória,312777,https://www.deezer.com/artist/14544241,
12847833,Sarah Beatriz,151538,https://www.deezer.com/artist/12847833,
153702,Alexandre Tharaud,113218,https://www.deezer.com/artist/153702,FR
4538892,Adhemar De Campos,140179,https://www.deezer.com/artist/4538892,BR
1263299,Trazendo a Arca,556313,https://www.deezer.com/artist/1263299,BR
14414849,Ben Fero,804246,https://www.deezer.com/artist/14414849,TR
4532335,Anıl Piyancı,243201,https://www.deezer.com/artist/4532335,TR
1617293,Mariana Valadão,448818,https://www.deezer.com/artist/1617293,BR
468743,Leonardo Gonçalves,690056,https://www.deezer.com/artist/468743,BR
211393,Hadise,563130,https://www.deezer.com/artist/211393,TR
1388943,Dino Merlin,220263,https://www.deezer.com/artist/1388943,BA
1262822,Bruna Karla,2576977,https://www.deezer.com/artist/1262822,BR
11802691,Thiago Jhonathan (TJ),152335,https://www.deezer.com/artist/11802691,BR
5245244,DJ PV,152199,https://www.deezer.com/artist/5245244,
13641693,7 Minutoz,670779,https://www.deezer.com/artist/13641693,BR
9362346,Preto no Branco,875783,https://www.deezer.com/artist/9362346,BR
10602599,Midian Lima,811530,https://www.deezer.com/artist/10602599,BR
13421075,MC L da Vinte,147094,https://www.deezer.com/artist/13421075,BR
1264091,Diante do Trono,1359870,https://www.deezer.com/artist/1264091,BR
1448219,Tião Carreiro & Pardinho,373644,https://www.deezer.com/artist/1448219,BR
107502672,Menor Nico,148873,https://www.deezer.com/artist/107502672,
8682740,Tren Lokote,168022,https://www.deezer.com/artist/8682740,
70067,Hilary Hahn,142727,https://www.deezer.com/artist/70067,US
73119332,Breskvica,126843,https://www.deezer.com/artist/73119332,RS
6105170,Mc Stojan,119769,https://www.deezer.com/artist/6105170,
117480,Majid Al Mohandis,401062,https://www.deezer.com/artist/117480,
4685792,Mohammed Abdo,230349,https://www.deezer.com/artist/4685792,SA
491128,Rasta,257198,https://www.deezer.com/artist/491128,AU
4512791,Мот,177582,https://www.deezer.com/artist/4512791,RU
1493340,TAEYANG,174582,https://www.deezer.com/artist/1493340,KR
487,Enya,460667,https://www.deezer.com/artist/487,IE
193844,Alexander Rybak,100238,https://www.deezer.com/artist/193844,NO
1388965,Tanja Savic,134040,https://www.deezer.com/artist/1388965,
5520,Chris Tomlin,305199,https://www.deezer.com/artist/5520,US
605,Dead Can Dance,134280,https://www.deezer.com/artist/605,AU
7128,Johannes Brahms,128097,https://www.deezer.com/artist/7128,DE
13883,Cartel De Santa,2241897,https://www.deezer.com/artist/13883,MX
2216221,J-AX,291391,https://www.deezer.com/artist/2216221,IT
355895,El Charrito Negro,129959,https://www.deezer.com/artist/355895,CO
1486578,Jesus Culture,387663,https://www.deezer.com/artist/1486578,US
8659952,Gabriel Guedes de Almeida,500518,https://www.deezer.com/artist/8659952,
98345,Marco Barrientos,596929,https://www.deezer.com/artist/98345,US
4870563,Sherine,1180969,https://www.deezer.com/artist/4870563,EG
15788,Mohamed Mounir,677244,https://www.deezer.com/artist/15788,EG
390251,Marcos Witt,804003,https://www.deezer.com/artist/390251,US
295822,Danilo Montero,599616,https://www.deezer.com/artist/295822,CR
887,Michael Nyman,228078,https://www.deezer.com/artist/887,GB
711,Sami Yusuf,339484,https://www.deezer.com/artist/711,GB
14000,Aline Barros,3650301,https://www.deezer.com/artist/14000,BR
5398762,Ao Cubo,302992,https://www.deezer.com/artist/5398762,BR
5416727,Leandro Borges,482312,https://www.deezer.com/artist/5416727,
5680356,Khontkar,196538,https://www.deezer.com/artist/5680356,TR
4789658,Os Arrais,196595,https://www.deezer.com/artist/4789658,BR
1648978,Paulo Cesar Baruk,630828,https://www.deezer.com/artist/1648978,
4023522,Gabriela Rocha,2733768,https://www.deezer.com/artist/4023522,BR
1263296,Elaine Martins,603579,https://www.deezer.com/artist/1263296,
1260848,Rosa de Saron,522865,https://www.deezer.com/artist/1260848,BR
2555371,André e Felipe,183601,https://www.deezer.com/artist/2555371,BR
1262839,Quatro por Um,126429,https://www.deezer.com/artist/1262839,BR
1262823,Eyshila,669513,https://www.deezer.com/artist/1262823,BR
495889,Renascer Praise,632383,https://www.deezer.com/artist/495889,BR
5368493,Forró Boys,122422,https://www.deezer.com/artist/5368493,BR
61302392,Casa Worship,565835,https://www.deezer.com/artist/61302392,
1352049,Fernandinho,3290793,https://www.deezer.com/artist/1352049,BR
52783482,Paulo Neto,452761,https://www.deezer.com/artist/52783482,AO
1262842,Wilian Nascimento,114425,https://www.deezer.com/artist/1262842,BR
615393,Cassiane,1223105,https://www.deezer.com/artist/615393,BR
60689322,Valesca Mayssa,379770,https://www.deezer.com/artist/60689322,
10277670,Sarah Farias,536569,https://www.deezer.com/artist/10277670,
51451142,Nathália Braga,130302,https://www.deezer.com/artist/51451142,
1150409,Ana Paula Valadao,543849,https://www.deezer.com/artist/1150409,
71165092,anirap,119063,https://www.deezer.com/artist/71165092,BR
1666381,Şanışer,215215,https://www.deezer.com/artist/1666381,TR
295413,Cem Adrian,385655,https://www.deezer.com/artist/295413,TR
8473,Frédéric Chopin,975254,https://www.deezer.com/artist/8473,PL
116116,Contra,219026,https://www.deezer.com/artist/116116,
1414770,Toque no Altar,283667,https://www.deezer.com/artist/1414770,
10003428,Şehinşah,239136,https://www.deezer.com/artist/10003428,TR
4663946,Anderson Freire,1354034,https://www.deezer.com/artist/4663946,BR
6995669,Zeynep Bastık,667236,https://www.deezer.com/artist/6995669,TR
6249176,Kaan Boşnak,121889,https://www.deezer.com/artist/6249176,TR
1171997,Edis,239659,https://www.deezer.com/artist/1171997,TR
3304,Cesare Cremonini,127727,https://www.deezer.com/artist/3304,IT
4081,Antonio Vivaldi,816356,https://www.deezer.com/artist/4081,IT
7228,Franz Schubert,167266,https://www.deezer.com/artist/7228,
1388945,Saša Matić,127123,https://www.deezer.com/artist/1388945,BA
887541,Marcos Vidal,191105,https://www.deezer.com/artist/887541,ES
4789436,Gazda Paja,110891,https://www.deezer.com/artist/4789436,
1150405,Coalo Zamorano,111352,https://www.deezer.com/artist/1150405,
12010760,Central 3,206631,https://www.deezer.com/artist/12010760,
5810420,Мари Краймбрери,114715,https://www.deezer.com/artist/5810420,RU
826283,Elaine de Jesus,361683,https://www.deezer.com/artist/826283,BR
12250622,Zivert,298694,https://www.deezer.com/artist/12250622,RU
124505552,Jessé Aguiar,376476,https://www.deezer.com/artist/124505552,
7909356,Canção e Louvor,209054,https://www.deezer.com/artist/7909356,
875656,Generacion 12,249957,https://www.deezer.com/artist/875656,CO
1209094,Nani Azevedo,188130,https://www.deezer.com/artist/1209094,
12615805,HammAli & Navai,296339,https://www.deezer.com/artist/12615805,RU
1511656,Nivea Soares,1031632,https://www.deezer.com/artist/1511656,
5916639,Theo Rubia,211867,https://www.deezer.com/artist/5916639,
1262819,Kleber Lucas,620612,https://www.deezer.com/artist/1262819,BR
6994659,Samuel Messias,218412,https://www.deezer.com/artist/6994659,
13063581,Isaías Saad,654080,https://www.deezer.com/artist/13063581,BR
1079011,PG,140137,https://www.deezer.com/artist/1079011,CN
11834965,Marcelo Markes,156635,https://www.deezer.com/artist/11834965,
6993009,Luma Elpidio,363501,https://www.deezer.com/artist/6993009,
4905265,Heloisa Rosa,260530,https://www.deezer.com/artist/4905265,BR
1025060,Damares,1179811,https://www.deezer.com/artist/1025060,BR
73182282,Stella Laura,253530,https://www.deezer.com/artist/73182282,
1262821,Fernanda Brum,859672,https://www.deezer.com/artist/1262821,BR
1666423,Halil Sezai,208735,https://www.deezer.com/artist/1666423,TR
14546,Ceza,781123,https://www.deezer.com/artist/14546,TR
13128,Emre Aydın,488908,https://www.deezer.com/artist/13128,TR
12934,Sagopa Kajmer,851907,https://www.deezer.com/artist/12934,TR
5241985,Gazapizm,669616,https://www.deezer.com/artist/5241985,TR
69680,Sıla,898149,https://www.deezer.com/artist/69680,TR
459471,Selda Bagcan,161429,https://www.deezer.com/artist/459471,
69574,Goksel,181037,https://www.deezer.com/artist/69574,
5244855,Yüzyüzeyken Konuşuruz,240601,https://www.deezer.com/artist/5244855,TR
481216,Hidra,225044,https://www.deezer.com/artist/481216,
124797,Gülşen,503471,https://www.deezer.com/artist/124797,TR
464913,Soraya Moraes,303080,https://www.deezer.com/artist/464913,BR
4369388,Григорий Лепс,109479,https://www.deezer.com/artist/4369388,RU
838872,Rojo,167046,https://www.deezer.com/artist/838872,
127637852,Sued Silva,109373,https://www.deezer.com/artist/127637852,
8981214,Julliany Souza,322511,https://www.deezer.com/artist/8981214,
470413,MIEL SAN MARCOS,483313,https://www.deezer.com/artist/470413,GT
13855,Sertab Erener,359503,https://www.deezer.com/artist/13855,TR
4789188,Juliano Son,778485,https://www.deezer.com/artist/4789188,
628,Craig Armstrong,123588,https://www.deezer.com/artist/628,GB
2639,Vangelis,209894,https://www.deezer.com/artist/2639,GR
13877,Gripin,309587,https://www.deezer.com/artist/13877,TR
321803,Jelena Rozga,110561,https://www.deezer.com/artist/321803,HR
4098026,David Quinlan,196262,https://www.deezer.com/artist/4098026,
11153426,Dunamis Music,269388,https://www.deezer.com/artist/11153426,
4865554,Allame,110406,https://www.deezer.com/artist/4865554,TR
4170146,Баста,337563,https://www.deezer.com/artist/4170146,RU
4194972,Mara Lima,160515,https://www.deezer.com/artist/4194972,BR
16554,Ceca,237257,https://www.deezer.com/artist/16554,RS
97362412,Kellen Byanca,265333,https://www.deezer.com/artist/97362412,
16617,Ahmet Kaya,873806,https://www.deezer.com/artist/16617,TR
343663,Sıla,299188,https://www.deezer.com/artist/343663,TR
91598,Kenan Dogulu,131011,https://www.deezer.com/artist/91598,TR
304665,Gökhan Türkmen,602939,https://www.deezer.com/artist/304665,TR
9289,Sezen Aksu,1184570,https://www.deezer.com/artist/9289,TR
5569223,JONY,201643,https://www.deezer.com/artist/5569223,NL
299117,Şebnem Ferah,158271,https://www.deezer.com/artist/299117,TR
12875,Pinhani,322479,https://www.deezer.com/artist/12875,TR
575796,Patron,268568,https://www.deezer.com/artist/575796,
4237484,Руки Вверх,128601,https://www.deezer.com/artist/4237484,RU
1365309,MAX BARSKIH,100001,https://www.deezer.com/artist/1365309,UA
179361,Novo Som,152424,https://www.deezer.com/artist/179361,BR
3803871,Shirley Carvalhaes,500179,https://www.deezer.com/artist/3803871,BR
9868564,Laura Souguellis,381252,https://www.deezer.com/artist/9868564,
469459,Rodolfo Abrantes,295214,https://www.deezer.com/artist/469459,BR
5603958,Скриптонит,273873,https://www.deezer.com/artist/5603958,RU
49096741,Ati242,136840,https://www.deezer.com/artist/49096741,TR
264431,Catedral,188425,https://www.deezer.com/artist/264431,BR
15473,Cristina Mel,166923,https://www.deezer.com/artist/15473,BR
115829,Ana Nikolić,109737,https://www.deezer.com/artist/115829,RS
11815291,T-Fest,122776,https://www.deezer.com/artist/11815291,UA
